city,station,target_date,init_time_utc,lead_hours,source,forecast_high_f,spread_f,provenance
CHI,KMDW,2026-07-25,2026-07-25T00:00:00Z,5,gefs,78.0389,1.9800,"s3://noaa-gefs-pds/gefs.20260725/00/atmos/pgrb2sp25/{geavg,gespr}.t00z.pgrb2s.0p25.f{006,012,018,024,030}#statistic=max_t(geavg)+offset;offset_f=+0.0489;raw_f=77.9900;spread=gespr@f024;covered_leads=0-30"
LAX,KLAX,2026-07-25,2026-07-25T00:00:00Z,7,gefs,84.1369,0.9000,"s3://noaa-gefs-pds/gefs.20260725/00/atmos/pgrb2sp25/{geavg,gespr}.t00z.pgrb2s.0p25.f{012,018,024,030,033}#statistic=max_t(geavg)+offset;offset_f=+0.0269;raw_f=84.1100;spread=gespr@f024;covered_leads=6-33"
MIA,KMIA,2026-07-25,2026-07-25T00:00:00Z,4,gefs,89.9249,0.7200,"s3://noaa-gefs-pds/gefs.20260725/00/atmos/pgrb2sp25/{geavg,gespr}.t00z.pgrb2s.0p25.f{006,012,018,024,030}#statistic=max_t(geavg)+offset;offset_f=+0.0549;raw_f=89.8700;spread=gespr@f024;covered_leads=0-30"
NY,KNYC,2026-07-25,2026-07-25T00:00:00Z,4,gefs,82.5614,1.4400,"s3://noaa-gefs-pds/gefs.20260725/00/atmos/pgrb2sp25/{geavg,gespr}.t00z.pgrb2s.0p25.f{006,012,018,024,030}#statistic=max_t(geavg)+offset;offset_f=+0.2514;raw_f=82.3100;spread=gespr@f018;covered_leads=0-30"
CHI,KMDW,2026-07-26,2026-07-26T00:00:00Z,5,gefs,90.6389,2.3400,"s3://noaa-gefs-pds/gefs.20260726/00/atmos/pgrb2sp25/{geavg,gespr}.t00z.pgrb2s.0p25.f{006,012,018,024,030}#statistic=max_t(geavg)+offset;offset_f=+0.0489;raw_f=90.5900;spread=gespr@f024;covered_leads=0-30"
CHI,KMDW,2026-07-26,2026-07-25T00:00:00Z,29,gefs,90.2789,2.3400,"s3://noaa-gefs-pds/gefs.20260725/00/atmos/pgrb2sp25/{geavg,gespr}.t00z.pgrb2s.0p25.f{030,036,042,048,054}#statistic=max_t(geavg)+offset;offset_f=+0.0489;raw_f=90.2300;spread=gespr@f048;covered_leads=24-54"
LAX,KLAX,2026-07-26,2026-07-26T00:00:00Z,7,gefs,83.9569,1.4400,"s3://noaa-gefs-pds/gefs.20260726/00/atmos/pgrb2sp25/{geavg,gespr}.t00z.pgrb2s.0p25.f{012,018,024,030,033}#statistic=max_t(geavg)+offset;offset_f=+0.0269;raw_f=83.9300;spread=gespr@f024;covered_leads=6-33"
LAX,KLAX,2026-07-26,2026-07-25T00:00:00Z,31,gefs,85.0369,1.6200,"s3://noaa-gefs-pds/gefs.20260725/00/atmos/pgrb2sp25/{geavg,gespr}.t00z.pgrb2s.0p25.f{036,042,048,054,057}#statistic=max_t(geavg)+offset;offset_f=+0.0269;raw_f=85.0100;spread=gespr@f048;covered_leads=30-57"
MIA,KMIA,2026-07-26,2026-07-26T00:00:00Z,4,gefs,91.3649,0.7200,"s3://noaa-gefs-pds/gefs.20260726/00/atmos/pgrb2sp25/{geavg,gespr}.t00z.pgrb2s.0p25.f{006,012,018,024,030}#statistic=max_t(geavg)+offset;offset_f=+0.0549;raw_f=91.3100;spread=gespr@f024;covered_leads=0-30"
MIA,KMIA,2026-07-26,2026-07-25T00:00:00Z,28,gefs,90.6449,0.9000,"s3://noaa-gefs-pds/gefs.20260725/00/atmos/pgrb2sp25/{geavg,gespr}.t00z.pgrb2s.0p25.f{030,036,042,048,054}#statistic=max_t(geavg)+offset;offset_f=+0.0549;raw_f=90.5900;spread=gespr@f048;covered_leads=24-54"
NY,KNYC,2026-07-26,2026-07-26T00:00:00Z,4,gefs,87.6014,1.6200,"s3://noaa-gefs-pds/gefs.20260726/00/atmos/pgrb2sp25/{geavg,gespr}.t00z.pgrb2s.0p25.f{006,012,018,024,030}#statistic=max_t(geavg)+offset;offset_f=+0.2514;raw_f=87.3500;spread=gespr@f024;covered_leads=0-30"
NY,KNYC,2026-07-26,2026-07-25T00:00:00Z,28,gefs,85.0814,2.1600,"s3://noaa-gefs-pds/gefs.20260725/00/atmos/pgrb2sp25/{geavg,gespr}.t00z.pgrb2s.0p25.f{030,036,042,048,054}#statistic=max_t(geavg)+offset;offset_f=+0.2514;raw_f=84.8300;spread=gespr@f048;covered_leads=24-54"
CHI,KMDW,2026-07-27,2026-07-27T00:00:00Z,5,gefs,94.5989,1.2600,"s3://noaa-gefs-pds/gefs.20260727/00/atmos/pgrb2sp25/{geavg,gespr}.t00z.pgrb2s.0p25.f{006,012,018,024,030}#statistic=max_t(geavg)+offset;offset_f=+0.0489;raw_f=94.5500;spread=gespr@f024;covered_leads=0-30"
CHI,KMDW,2026-07-27,2026-07-26T00:00:00Z,29,gefs,91.8989,1.9800,"s3://noaa-gefs-pds/gefs.20260726/00/atmos/pgrb2sp25/{geavg,gespr}.t00z.pgrb2s.0p25.f{030,036,042,048,054}#statistic=max_t(geavg)+offset;offset_f=+0.0489;raw_f=91.8500;spread=gespr@f048;covered_leads=24-54"
LAX,KLAX,2026-07-27,2026-07-27T00:00:00Z,7,gefs,83.9569,0.5400,"s3://noaa-gefs-pds/gefs.20260727/00/atmos/pgrb2sp25/{geavg,gespr}.t00z.pgrb2s.0p25.f{012,018,024,030,033}#statistic=max_t(geavg)+offset;offset_f=+0.0269;raw_f=83.9300;spread=gespr@f024;covered_leads=6-33"
LAX,KLAX,2026-07-27,2026-07-26T00:00:00Z,31,gefs,83.9569,1.0800,"s3://noaa-gefs-pds/gefs.20260726/00/atmos/pgrb2sp25/{geavg,gespr}.t00z.pgrb2s.0p25.f{036,042,048,054,057}#statistic=max_t(geavg)+offset;offset_f=+0.0269;raw_f=83.9300;spread=gespr@f048;covered_leads=30-57"
MIA,KMIA,2026-07-27,2026-07-27T00:00:00Z,4,gefs,89.3849,1.2600,"s3://noaa-gefs-pds/gefs.20260727/00/atmos/pgrb2sp25/{geavg,gespr}.t00z.pgrb2s.0p25.f{006,012,018,024,030}#statistic=max_t(geavg)+offset;offset_f=+0.0549;raw_f=89.3300;spread=gespr@f024;covered_leads=0-30"
MIA,KMIA,2026-07-27,2026-07-26T00:00:00Z,28,gefs,90.4649,1.8000,"s3://noaa-gefs-pds/gefs.20260726/00/atmos/pgrb2sp25/{geavg,gespr}.t00z.pgrb2s.0p25.f{030,036,042,048,054}#statistic=max_t(geavg)+offset;offset_f=+0.0549;raw_f=90.4100;spread=gespr@f048;covered_leads=24-54"
NY,KNYC,2026-07-27,2026-07-27T00:00:00Z,4,gefs,86.3414,1.0800,"s3://noaa-gefs-pds/gefs.20260727/00/atmos/pgrb2sp25/{geavg,gespr}.t00z.pgrb2s.0p25.f{006,012,018,024,030}#statistic=max_t(geavg)+offset;offset_f=+0.2514;raw_f=86.0900;spread=gespr@f018;covered_leads=0-30"
NY,KNYC,2026-07-27,2026-07-26T00:00:00Z,28,gefs,85.2614,3.0600,"s3://noaa-gefs-pds/gefs.20260726/00/atmos/pgrb2sp25/{geavg,gespr}.t00z.pgrb2s.0p25.f{030,036,042,048,054}#statistic=max_t(geavg)+offset;offset_f=+0.2514;raw_f=85.0100;spread=gespr@f042;covered_leads=24-54"
CHI,KMDW,2026-07-28,2026-07-28T00:00:00Z,5,gefs,79.6589,1.6200,"s3://noaa-gefs-pds/gefs.20260728/00/atmos/pgrb2sp25/{geavg,gespr}.t00z.pgrb2s.0p25.f{006,012,018,024,030}#statistic=max_t(geavg)+offset;offset_f=+0.0489;raw_f=79.6100;spread=gespr@f024;covered_leads=0-30"
CHI,KMDW,2026-07-28,2026-07-27T00:00:00Z,29,gefs,89.1989,2.1600,"s3://noaa-gefs-pds/gefs.20260727/00/atmos/pgrb2sp25/{geavg,gespr}.t00z.pgrb2s.0p25.f{030,036,042,048,054}#statistic=max_t(geavg)+offset;offset_f=+0.0489;raw_f=89.1500;spread=gespr@f030;covered_leads=24-54"
LAX,KLAX,2026-07-28,2026-07-28T00:00:00Z,7,gefs,82.1569,0.9000,"s3://noaa-gefs-pds/gefs.20260728/00/atmos/pgrb2sp25/{geavg,gespr}.t00z.pgrb2s.0p25.f{012,018,024,030,033}#statistic=max_t(geavg)+offset;offset_f=+0.0269;raw_f=82.1300;spread=gespr@f024;covered_leads=6-33"
LAX,KLAX,2026-07-28,2026-07-27T00:00:00Z,31,gefs,83.2369,0.9000,"s3://noaa-gefs-pds/gefs.20260727/00/atmos/pgrb2sp25/{geavg,gespr}.t00z.pgrb2s.0p25.f{036,042,048,054,057}#statistic=max_t(geavg)+offset;offset_f=+0.0269;raw_f=83.2100;spread=gespr@f048;covered_leads=30-57"
MIA,KMIA,2026-07-28,2026-07-28T00:00:00Z,4,gefs,91.3649,0.7200,"s3://noaa-gefs-pds/gefs.20260728/00/atmos/pgrb2sp25/{geavg,gespr}.t00z.pgrb2s.0p25.f{006,012,018,024,030}#statistic=max_t(geavg)+offset;offset_f=+0.0549;raw_f=91.3100;spread=gespr@f024;covered_leads=0-30"
MIA,KMIA,2026-07-28,2026-07-27T00:00:00Z,28,gefs,91.3649,1.4400,"s3://noaa-gefs-pds/gefs.20260727/00/atmos/pgrb2sp25/{geavg,gespr}.t00z.pgrb2s.0p25.f{030,036,042,048,054}#statistic=max_t(geavg)+offset;offset_f=+0.0549;raw_f=91.3100;spread=gespr@f048;covered_leads=24-54"
NY,KNYC,2026-07-28,2026-07-28T00:00:00Z,4,gefs,83.4614,2.1600,"s3://noaa-gefs-pds/gefs.20260728/00/atmos/pgrb2sp25/{geavg,gespr}.t00z.pgrb2s.0p25.f{006,012,018,024,030}#statistic=max_t(geavg)+offset;offset_f=+0.2514;raw_f=83.2100;spread=gespr@f018;covered_leads=0-30"
NY,KNYC,2026-07-28,2026-07-27T00:00:00Z,28,gefs,83.2814,2.5200,"s3://noaa-gefs-pds/gefs.20260727/00/atmos/pgrb2sp25/{geavg,gespr}.t00z.pgrb2s.0p25.f{030,036,042,048,054}#statistic=max_t(geavg)+offset;offset_f=+0.2514;raw_f=83.0300;spread=gespr@f042;covered_leads=24-54"
CHI,KMDW,2026-07-29,2026-07-29T00:00:00Z,5,gefs,80.1989,0.9000,"s3://noaa-gefs-pds/gefs.20260729/00/atmos/pgrb2sp25/{geavg,gespr}.t00z.pgrb2s.0p25.f{006,012,018,024,030}#statistic=max_t(geavg)+offset;offset_f=+0.0489;raw_f=80.1500;spread=gespr@f024;covered_leads=0-30"
CHI,KMDW,2026-07-29,2026-07-28T00:00:00Z,29,gefs,82.3589,2.3400,"s3://noaa-gefs-pds/gefs.20260728/00/atmos/pgrb2sp25/{geavg,gespr}.t00z.pgrb2s.0p25.f{030,036,042,048,054}#statistic=max_t(geavg)+offset;offset_f=+0.0489;raw_f=82.3100;spread=gespr@f048;covered_leads=24-54"
LAX,KLAX,2026-07-29,2026-07-29T00:00:00Z,7,gefs,81.2569,0.7200,"s3://noaa-gefs-pds/gefs.20260729/00/atmos/pgrb2sp25/{geavg,gespr}.t00z.pgrb2s.0p25.f{012,018,024,030,033}#statistic=max_t(geavg)+offset;offset_f=+0.0269;raw_f=81.2300;spread=gespr@f024;covered_leads=6-33"
LAX,KLAX,2026-07-29,2026-07-28T00:00:00Z,31,gefs,82.6969,1.0800,"s3://noaa-gefs-pds/gefs.20260728/00/atmos/pgrb2sp25/{geavg,gespr}.t00z.pgrb2s.0p25.f{036,042,048,054,057}#statistic=max_t(geavg)+offset;offset_f=+0.0269;raw_f=82.6700;spread=gespr@f048;covered_leads=30-57"
MIA,KMIA,2026-07-29,2026-07-29T00:00:00Z,4,gefs,91.7249,0.5400,"s3://noaa-gefs-pds/gefs.20260729/00/atmos/pgrb2sp25/{geavg,gespr}.t00z.pgrb2s.0p25.f{006,012,018,024,030}#statistic=max_t(geavg)+offset;offset_f=+0.0549;raw_f=91.6700;spread=gespr@f024;covered_leads=0-30"
MIA,KMIA,2026-07-29,2026-07-28T00:00:00Z,28,gefs,92.4449,0.9000,"s3://noaa-gefs-pds/gefs.20260728/00/atmos/pgrb2sp25/{geavg,gespr}.t00z.pgrb2s.0p25.f{030,036,042,048,054}#statistic=max_t(geavg)+offset;offset_f=+0.0549;raw_f=92.3900;spread=gespr@f048;covered_leads=24-54"
NY,KNYC,2026-07-29,2026-07-29T00:00:00Z,4,gefs,83.1014,2.5200,"s3://noaa-gefs-pds/gefs.20260729/00/atmos/pgrb2sp25/{geavg,gespr}.t00z.pgrb2s.0p25.f{006,012,018,024,030}#statistic=max_t(geavg)+offset;offset_f=+0.2514;raw_f=82.8500;spread=gespr@f024;covered_leads=0-30"
NY,KNYC,2026-07-29,2026-07-28T00:00:00Z,28,gefs,78.9614,6.4800,"s3://noaa-gefs-pds/gefs.20260728/00/atmos/pgrb2sp25/{geavg,gespr}.t00z.pgrb2s.0p25.f{030,036,042,048,054}#statistic=max_t(geavg)+offset;offset_f=+0.2514;raw_f=78.7100;spread=gespr@f048;covered_leads=24-54"
CHI,KMDW,2026-07-30,2026-07-30T00:00:00Z,5,gefs,86.8589,1.0800,"s3://noaa-gefs-pds/gefs.20260730/00/atmos/pgrb2sp25/{geavg,gespr}.t00z.pgrb2s.0p25.f{006,012,018,024,030}#statistic=max_t(geavg)+offset;offset_f=+0.0489;raw_f=86.8100;spread=gespr@f024;covered_leads=0-30"
CHI,KMDW,2026-07-30,2026-07-29T00:00:00Z,29,gefs,87.3989,1.8000,"s3://noaa-gefs-pds/gefs.20260729/00/atmos/pgrb2sp25/{geavg,gespr}.t00z.pgrb2s.0p25.f{030,036,042,048,054}#statistic=max_t(geavg)+offset;offset_f=+0.0489;raw_f=87.3500;spread=gespr@f048;covered_leads=24-54"
LAX,KLAX,2026-07-30,2026-07-30T00:00:00Z,7,gefs,82.3369,1.0800,"s3://noaa-gefs-pds/gefs.20260730/00/atmos/pgrb2sp25/{geavg,gespr}.t00z.pgrb2s.0p25.f{012,018,024,030,033}#statistic=max_t(geavg)+offset;offset_f=+0.0269;raw_f=82.3100;spread=gespr@f024;covered_leads=6-33"
LAX,KLAX,2026-07-30,2026-07-29T00:00:00Z,31,gefs,83.2369,1.0800,"s3://noaa-gefs-pds/gefs.20260729/00/atmos/pgrb2sp25/{geavg,gespr}.t00z.pgrb2s.0p25.f{036,042,048,054,057}#statistic=max_t(geavg)+offset;offset_f=+0.0269;raw_f=83.2100;spread=gespr@f048;covered_leads=30-57"
MIA,KMIA,2026-07-30,2026-07-30T00:00:00Z,4,gefs,92.6249,0.7200,"s3://noaa-gefs-pds/gefs.20260730/00/atmos/pgrb2sp25/{geavg,gespr}.t00z.pgrb2s.0p25.f{006,012,018,024,030}#statistic=max_t(geavg)+offset;offset_f=+0.0549;raw_f=92.5700;spread=gespr@f024;covered_leads=0-30"
MIA,KMIA,2026-07-30,2026-07-29T00:00:00Z,28,gefs,92.0849,1.0800,"s3://noaa-gefs-pds/gefs.20260729/00/atmos/pgrb2sp25/{geavg,gespr}.t00z.pgrb2s.0p25.f{030,036,042,048,054}#statistic=max_t(geavg)+offset;offset_f=+0.0549;raw_f=92.0300;spread=gespr@f048;covered_leads=24-54"
NY,KNYC,2026-07-30,2026-07-30T00:00:00Z,4,gefs,81.3014,1.8000,"s3://noaa-gefs-pds/gefs.20260730/00/atmos/pgrb2sp25/{geavg,gespr}.t00z.pgrb2s.0p25.f{006,012,018,024,030}#statistic=max_t(geavg)+offset;offset_f=+0.2514;raw_f=81.0500;spread=gespr@f024;covered_leads=0-30"
NY,KNYC,2026-07-30,2026-07-29T00:00:00Z,28,gefs,81.1214,3.4200,"s3://noaa-gefs-pds/gefs.20260729/00/atmos/pgrb2sp25/{geavg,gespr}.t00z.pgrb2s.0p25.f{030,036,042,048,054}#statistic=max_t(geavg)+offset;offset_f=+0.2514;raw_f=80.8700;spread=gespr@f048;covered_leads=24-54"
CHI,KMDW,2026-07-31,2026-07-31T00:00:00Z,5,gefs,80.0189,2.5200,"s3://noaa-gefs-pds/gefs.20260731/00/atmos/pgrb2sp25/{geavg,gespr}.t00z.pgrb2s.0p25.f{006,012,018,024,030}#statistic=max_t(geavg)+offset;offset_f=+0.0489;raw_f=79.9700;spread=gespr@f018;covered_leads=0-30"
CHI,KMDW,2026-07-31,2026-07-30T00:00:00Z,29,gefs,82.5389,4.1400,"s3://noaa-gefs-pds/gefs.20260730/00/atmos/pgrb2sp25/{geavg,gespr}.t00z.pgrb2s.0p25.f{030,036,042,048,054}#statistic=max_t(geavg)+offset;offset_f=+0.0489;raw_f=82.4900;spread=gespr@f048;covered_leads=24-54"
LAX,KLAX,2026-07-31,2026-07-31T00:00:00Z,7,gefs,85.5769,0.9000,"s3://noaa-gefs-pds/gefs.20260731/00/atmos/pgrb2sp25/{geavg,gespr}.t00z.pgrb2s.0p25.f{012,018,024,030,033}#statistic=max_t(geavg)+offset;offset_f=+0.0269;raw_f=85.5500;spread=gespr@f024;covered_leads=6-33"
LAX,KLAX,2026-07-31,2026-07-30T00:00:00Z,31,gefs,86.4769,1.4400,"s3://noaa-gefs-pds/gefs.20260730/00/atmos/pgrb2sp25/{geavg,gespr}.t00z.pgrb2s.0p25.f{036,042,048,054,057}#statistic=max_t(geavg)+offset;offset_f=+0.0269;raw_f=86.4500;spread=gespr@f048;covered_leads=30-57"
MIA,KMIA,2026-07-31,2026-07-31T00:00:00Z,4,gefs,93.3449,1.6200,"s3://noaa-gefs-pds/gefs.20260731/00/atmos/pgrb2sp25/{geavg,gespr}.t00z.pgrb2s.0p25.f{006,012,018,024,030}#statistic=max_t(geavg)+offset;offset_f=+0.0549;raw_f=93.2900;spread=gespr@f024;covered_leads=0-30"
MIA,KMIA,2026-07-31,2026-07-30T00:00:00Z,28,gefs,92.9849,1.0800,"s3://noaa-gefs-pds/gefs.20260730/00/atmos/pgrb2sp25/{geavg,gespr}.t00z.pgrb2s.0p25.f{030,036,042,048,054}#statistic=max_t(geavg)+offset;offset_f=+0.0549;raw_f=92.9300;spread=gespr@f048;covered_leads=24-54"
NY,KNYC,2026-07-31,2026-07-31T00:00:00Z,4,gefs,89.7614,1.0800,"s3://noaa-gefs-pds/gefs.20260731/00/atmos/pgrb2sp25/{geavg,gespr}.t00z.pgrb2s.0p25.f{006,012,018,024,030}#statistic=max_t(geavg)+offset;offset_f=+0.2514;raw_f=89.5100;spread=gespr@f024;covered_leads=0-30"
NY,KNYC,2026-07-31,2026-07-30T00:00:00Z,28,gefs,89.4014,2.1600,"s3://noaa-gefs-pds/gefs.20260730/00/atmos/pgrb2sp25/{geavg,gespr}.t00z.pgrb2s.0p25.f{030,036,042,048,054}#statistic=max_t(geavg)+offset;offset_f=+0.2514;raw_f=89.1500;spread=gespr@f048;covered_leads=24-54"
CHI,KMDW,2026-08-01,2026-08-01T00:00:00Z,5,gefs,72.2789,2.3400,"s3://noaa-gefs-pds/gefs.20260801/00/atmos/pgrb2sp25/{geavg,gespr}.t00z.pgrb2s.0p25.f{006,012,018,024,030}#statistic=max_t(geavg)+offset;offset_f=+0.0489;raw_f=72.2300;spread=gespr@f024;covered_leads=0-30"
CHI,KMDW,2026-08-01,2026-07-31T00:00:00Z,29,gefs,73.5389,2.7000,"s3://noaa-gefs-pds/gefs.20260731/00/atmos/pgrb2sp25/{geavg,gespr}.t00z.pgrb2s.0p25.f{030,036,042,048,054}#statistic=max_t(geavg)+offset;offset_f=+0.0489;raw_f=73.4900;spread=gespr@f030;covered_leads=24-54"
LAX,KLAX,2026-08-01,2026-08-01T00:00:00Z,7,gefs,86.1169,0.9000,"s3://noaa-gefs-pds/gefs.20260801/00/atmos/pgrb2sp25/{geavg,gespr}.t00z.pgrb2s.0p25.f{012,018,024,030,033}#statistic=max_t(geavg)+offset;offset_f=+0.0269;raw_f=86.0900;spread=gespr@f024;covered_leads=6-33"
LAX,KLAX,2026-08-01,2026-07-31T00:00:00Z,31,gefs,88.4569,1.8000,"s3://noaa-gefs-pds/gefs.20260731/00/atmos/pgrb2sp25/{geavg,gespr}.t00z.pgrb2s.0p25.f{036,042,048,054,057}#statistic=max_t(geavg)+offset;offset_f=+0.0269;raw_f=88.4300;spread=gespr@f048;covered_leads=30-57"
MIA,KMIA,2026-08-01,2026-08-01T00:00:00Z,4,gefs,91.3649,0.9000,"s3://noaa-gefs-pds/gefs.20260801/00/atmos/pgrb2sp25/{geavg,gespr}.t00z.pgrb2s.0p25.f{006,012,018,024,030}#statistic=max_t(geavg)+offset;offset_f=+0.0549;raw_f=91.3100;spread=gespr@f024;covered_leads=0-30"
MIA,KMIA,2026-08-01,2026-07-31T00:00:00Z,28,gefs,90.8249,1.0800,"s3://noaa-gefs-pds/gefs.20260731/00/atmos/pgrb2sp25/{geavg,gespr}.t00z.pgrb2s.0p25.f{030,036,042,048,054}#statistic=max_t(geavg)+offset;offset_f=+0.0549;raw_f=90.7700;spread=gespr@f048;covered_leads=24-54"
NY,KNYC,2026-08-01,2026-08-01T00:00:00Z,4,gefs,88.8614,1.0800,"s3://noaa-gefs-pds/gefs.20260801/00/atmos/pgrb2sp25/{geavg,gespr}.t00z.pgrb2s.0p25.f{006,012,018,024,030}#statistic=max_t(geavg)+offset;offset_f=+0.2514;raw_f=88.6100;spread=gespr@f018;covered_leads=0-30"
NY,KNYC,2026-08-01,2026-07-31T00:00:00Z,28,gefs,89.2214,1.6200,"s3://noaa-gefs-pds/gefs.20260731/00/atmos/pgrb2sp25/{geavg,gespr}.t00z.pgrb2s.0p25.f{030,036,042,048,054}#statistic=max_t(geavg)+offset;offset_f=+0.2514;raw_f=88.9700;spread=gespr@f042;covered_leads=24-54"
CHI,KMDW,2026-08-02,2026-08-02T00:00:00Z,5,gefs,76.9589,1.4400,"s3://noaa-gefs-pds/gefs.20260802/00/atmos/pgrb2sp25/{geavg,gespr}.t00z.pgrb2s.0p25.f{006,012,018,024,030}#statistic=max_t(geavg)+offset;offset_f=+0.0489;raw_f=76.9100;spread=gespr@f024;covered_leads=0-30"
CHI,KMDW,2026-08-02,2026-08-01T00:00:00Z,29,gefs,77.1389,2.3400,"s3://noaa-gefs-pds/gefs.20260801/00/atmos/pgrb2sp25/{geavg,gespr}.t00z.pgrb2s.0p25.f{030,036,042,048,054}#statistic=max_t(geavg)+offset;offset_f=+0.0489;raw_f=77.0900;spread=gespr@f048;covered_leads=24-54"
LAX,KLAX,2026-08-02,2026-08-02T00:00:00Z,7,gefs,85.0369,1.2600,"s3://noaa-gefs-pds/gefs.20260802/00/atmos/pgrb2sp25/{geavg,gespr}.t00z.pgrb2s.0p25.f{012,018,024,030,033}#statistic=max_t(geavg)+offset;offset_f=+0.0269;raw_f=85.0100;spread=gespr@f024;covered_leads=6-33"
LAX,KLAX,2026-08-02,2026-08-01T00:00:00Z,31,gefs,85.9369,1.4400,"s3://noaa-gefs-pds/gefs.20260801/00/atmos/pgrb2sp25/{geavg,gespr}.t00z.pgrb2s.0p25.f{036,042,048,054,057}#statistic=max_t(geavg)+offset;offset_f=+0.0269;raw_f=85.9100;spread=gespr@f048;covered_leads=30-57"
MIA,KMIA,2026-08-02,2026-08-02T00:00:00Z,4,gefs,89.5649,0.7200,"s3://noaa-gefs-pds/gefs.20260802/00/atmos/pgrb2sp25/{geavg,gespr}.t00z.pgrb2s.0p25.f{006,012,018,024,030}#statistic=max_t(geavg)+offset;offset_f=+0.0549;raw_f=89.5100;spread=gespr@f018;covered_leads=0-30"
MIA,KMIA,2026-08-02,2026-08-01T00:00:00Z,28,gefs,88.4849,1.4400,"s3://noaa-gefs-pds/gefs.20260801/00/atmos/pgrb2sp25/{geavg,gespr}.t00z.pgrb2s.0p25.f{030,036,042,048,054}#statistic=max_t(geavg)+offset;offset_f=+0.0549;raw_f=88.4300;spread=gespr@f042;covered_leads=24-54"
NY,KNYC,2026-08-02,2026-08-02T00:00:00Z,4,gefs,85.0814,1.0800,"s3://noaa-gefs-pds/gefs.20260802/00/atmos/pgrb2sp25/{geavg,gespr}.t00z.pgrb2s.0p25.f{006,012,018,024,030}#statistic=max_t(geavg)+offset;offset_f=+0.2514;raw_f=84.8300;spread=gespr@f018;covered_leads=0-30"
NY,KNYC,2026-08-02,2026-08-01T00:00:00Z,28,gefs,84.7214,1.2600,"s3://noaa-gefs-pds/gefs.20260801/00/atmos/pgrb2sp25/{geavg,gespr}.t00z.pgrb2s.0p25.f{030,036,042,048,054}#statistic=max_t(geavg)+offset;offset_f=+0.2514;raw_f=84.4700;spread=gespr@f042;covered_leads=24-54"
CHI,KMDW,2026-08-03,2026-08-03T00:00:00Z,5,gefs,83.4389,1.4400,"s3://noaa-gefs-pds/gefs.20260803/00/atmos/pgrb2sp25/{geavg,gespr}.t00z.pgrb2s.0p25.f{006,012,018,024,030}#statistic=max_t(geavg)+offset;offset_f=+0.0489;raw_f=83.3900;spread=gespr@f024;covered_leads=0-30"
CHI,KMDW,2026-08-03,2026-08-02T00:00:00Z,29,gefs,80.5589,1.2600,"s3://noaa-gefs-pds/gefs.20260802/00/atmos/pgrb2sp25/{geavg,gespr}.t00z.pgrb2s.0p25.f{030,036,042,048,054}#statistic=max_t(geavg)+offset;offset_f=+0.0489;raw_f=80.5100;spread=gespr@f048;covered_leads=24-54"
LAX,KLAX,2026-08-03,2026-08-03T00:00:00Z,7,gefs,82.8769,0.9000,"s3://noaa-gefs-pds/gefs.20260803/00/atmos/pgrb2sp25/{geavg,gespr}.t00z.pgrb2s.0p25.f{012,018,024,030,033}#statistic=max_t(geavg)+offset;offset_f=+0.0269;raw_f=82.8500;spread=gespr@f024;covered_leads=6-33"
LAX,KLAX,2026-08-03,2026-08-02T00:00:00Z,31,gefs,83.9569,1.6200,"s3://noaa-gefs-pds/gefs.20260802/00/atmos/pgrb2sp25/{geavg,gespr}.t00z.pgrb2s.0p25.f{036,042,048,054,057}#statistic=max_t(geavg)+offset;offset_f=+0.0269;raw_f=83.9300;spread=gespr@f048;covered_leads=30-57"
MIA,KMIA,2026-08-03,2026-08-03T00:00:00Z,4,gefs,90.8249,1.0800,"s3://noaa-gefs-pds/gefs.20260803/00/atmos/pgrb2sp25/{geavg,gespr}.t00z.pgrb2s.0p25.f{006,012,018,024,030}#statistic=max_t(geavg)+offset;offset_f=+0.0549;raw_f=90.7700;spread=gespr@f024;covered_leads=0-30"
MIA,KMIA,2026-08-03,2026-08-02T00:00:00Z,28,gefs,91.0049,1.4400,"s3://noaa-gefs-pds/gefs.20260802/00/atmos/pgrb2sp25/{geavg,gespr}.t00z.pgrb2s.0p25.f{030,036,042,048,054}#statistic=max_t(geavg)+offset;offset_f=+0.0549;raw_f=90.9500;spread=gespr@f048;covered_leads=24-54"
NY,KNYC,2026-08-03,2026-08-03T00:00:00Z,4,gefs,87.6014,1.9800,"s3://noaa-gefs-pds/gefs.20260803/00/atmos/pgrb2sp25/{geavg,gespr}.t00z.pgrb2s.0p25.f{006,012,018,024,030}#statistic=max_t(geavg)+offset;offset_f=+0.2514;raw_f=87.3500;spread=gespr@f024;covered_leads=0-30"
NY,KNYC,2026-08-03,2026-08-02T00:00:00Z,28,gefs,86.8814,1.6200,"s3://noaa-gefs-pds/gefs.20260802/00/atmos/pgrb2sp25/{geavg,gespr}.t00z.pgrb2s.0p25.f{030,036,042,048,054}#statistic=max_t(geavg)+offset;offset_f=+0.2514;raw_f=86.6300;spread=gespr@f048;covered_leads=24-54"
CHI,KMDW,2026-08-04,2026-08-04T00:00:00Z,5,gefs,84.6989,1.2600,"s3://noaa-gefs-pds/gefs.20260804/00/atmos/pgrb2sp25/{geavg,gespr}.t00z.pgrb2s.0p25.f{006,012,018,024,030}#statistic=max_t(geavg)+offset;offset_f=+0.0489;raw_f=84.6500;spread=gespr@f024;covered_leads=0-30"
CHI,KMDW,2026-08-04,2026-08-03T00:00:00Z,29,gefs,84.6989,2.3400,"s3://noaa-gefs-pds/gefs.20260803/00/atmos/pgrb2sp25/{geavg,gespr}.t00z.pgrb2s.0p25.f{030,036,042,048,054}#statistic=max_t(geavg)+offset;offset_f=+0.0489;raw_f=84.6500;spread=gespr@f048;covered_leads=24-54"
LAX,KLAX,2026-08-04,2026-08-04T00:00:00Z,7,gefs,81.0769,0.7200,"s3://noaa-gefs-pds/gefs.20260804/00/atmos/pgrb2sp25/{geavg,gespr}.t00z.pgrb2s.0p25.f{012,018,024,030,033}#statistic=max_t(geavg)+offset;offset_f=+0.0269;raw_f=81.0500;spread=gespr@f024;covered_leads=6-33"
LAX,KLAX,2026-08-04,2026-08-03T00:00:00Z,31,gefs,83.4169,1.6200,"s3://noaa-gefs-pds/gefs.20260803/00/atmos/pgrb2sp25/{geavg,gespr}.t00z.pgrb2s.0p25.f{036,042,048,054,057}#statistic=max_t(geavg)+offset;offset_f=+0.0269;raw_f=83.3900;spread=gespr@f048;covered_leads=30-57"
MIA,KMIA,2026-08-04,2026-08-04T00:00:00Z,4,gefs,89.5649,1.0800,"s3://noaa-gefs-pds/gefs.20260804/00/atmos/pgrb2sp25/{geavg,gespr}.t00z.pgrb2s.0p25.f{006,012,018,024,030}#statistic=max_t(geavg)+offset;offset_f=+0.0549;raw_f=89.5100;spread=gespr@f024;covered_leads=0-30"
MIA,KMIA,2026-08-04,2026-08-03T00:00:00Z,28,gefs,90.1049,1.0800,"s3://noaa-gefs-pds/gefs.20260803/00/atmos/pgrb2sp25/{geavg,gespr}.t00z.pgrb2s.0p25.f{030,036,042,048,054}#statistic=max_t(geavg)+offset;offset_f=+0.0549;raw_f=90.0500;spread=gespr@f042;covered_leads=24-54"
NY,KNYC,2026-08-04,2026-08-04T00:00:00Z,4,gefs,88.8614,1.4400,"s3://noaa-gefs-pds/gefs.20260804/00/atmos/pgrb2sp25/{geavg,gespr}.t00z.pgrb2s.0p25.f{006,012,018,024,030}#statistic=max_t(geavg)+offset;offset_f=+0.2514;raw_f=88.6100;spread=gespr@f024;covered_leads=0-30"
NY,KNYC,2026-08-04,2026-08-03T00:00:00Z,28,gefs,88.6814,2.1600,"s3://noaa-gefs-pds/gefs.20260803/00/atmos/pgrb2sp25/{geavg,gespr}.t00z.pgrb2s.0p25.f{030,036,042,048,054}#statistic=max_t(geavg)+offset;offset_f=+0.2514;raw_f=88.4300;spread=gespr@f048;covered_leads=24-54"
CHI,KMDW,2026-08-05,2026-08-05T00:00:00Z,5,gefs,83.9789,1.2600,"s3://noaa-gefs-pds/gefs.20260805/00/atmos/pgrb2sp25/{geavg,gespr}.t00z.pgrb2s.0p25.f{006,012,018,024,030}#statistic=max_t(geavg)+offset;offset_f=+0.0489;raw_f=83.9300;spread=gespr@f024;covered_leads=0-30"
CHI,KMDW,2026-08-05,2026-08-04T00:00:00Z,29,gefs,83.7989,1.8000,"s3://noaa-gefs-pds/gefs.20260804/00/atmos/pgrb2sp25/{geavg,gespr}.t00z.pgrb2s.0p25.f{030,036,042,048,054}#statistic=max_t(geavg)+offset;offset_f=+0.0489;raw_f=83.7500;spread=gespr@f048;covered_leads=24-54"
LAX,KLAX,2026-08-05,2026-08-05T00:00:00Z,7,gefs,80.5369,1.2600,"s3://noaa-gefs-pds/gefs.20260805/00/atmos/pgrb2sp25/{geavg,gespr}.t00z.pgrb2s.0p25.f{012,018,024,030,033}#statistic=max_t(geavg)+offset;offset_f=+0.0269;raw_f=80.5100;spread=gespr@f024;covered_leads=6-33"
LAX,KLAX,2026-08-05,2026-08-04T00:00:00Z,31,gefs,81.2569,1.2600,"s3://noaa-gefs-pds/gefs.20260804/00/atmos/pgrb2sp25/{geavg,gespr}.t00z.pgrb2s.0p25.f{036,042,048,054,057}#statistic=max_t(geavg)+offset;offset_f=+0.0269;raw_f=81.2300;spread=gespr@f048;covered_leads=30-57"
MIA,KMIA,2026-08-05,2026-08-05T00:00:00Z,4,gefs,88.4849,0.5400,"s3://noaa-gefs-pds/gefs.20260805/00/atmos/pgrb2sp25/{geavg,gespr}.t00z.pgrb2s.0p25.f{006,012,018,024,030}#statistic=max_t(geavg)+offset;offset_f=+0.0549;raw_f=88.4300;spread=gespr@f024;covered_leads=0-30"
MIA,KMIA,2026-08-05,2026-08-04T00:00:00Z,28,gefs,88.4849,0.7200,"s3://noaa-gefs-pds/gefs.20260804/00/atmos/pgrb2sp25/{geavg,gespr}.t00z.pgrb2s.0p25.f{030,036,042,048,054}#statistic=max_t(geavg)+offset;offset_f=+0.0549;raw_f=88.4300;spread=gespr@f048;covered_leads=24-54"
NY,KNYC,2026-08-05,2026-08-05T00:00:00Z,4,gefs,85.8014,2.7000,"s3://noaa-gefs-pds/gefs.20260805/00/atmos/pgrb2sp25/{geavg,gespr}.t00z.pgrb2s.0p25.f{006,012,018,024,030}#statistic=max_t(geavg)+offset;offset_f=+0.2514;raw_f=85.5500;spread=gespr@f018;covered_leads=0-30"
NY,KNYC,2026-08-05,2026-08-04T00:00:00Z,28,gefs,85.8014,2.7000,"s3://noaa-gefs-pds/gefs.20260804/00/atmos/pgrb2sp25/{geavg,gespr}.t00z.pgrb2s.0p25.f{030,036,042,048,054}#statistic=max_t(geavg)+offset;offset_f=+0.2514;raw_f=85.5500;spread=gespr@f048;covered_leads=24-54"
CHI,KMDW,2026-08-06,2026-08-06T00:00:00Z,5,gefs,81.2789,1.6200,"s3://noaa-gefs-pds/gefs.20260806/00/atmos/pgrb2sp25/{geavg,gespr}.t00z.pgrb2s.0p25.f{006,012,018,024,030}#statistic=max_t(geavg)+offset;offset_f=+0.0489;raw_f=81.2300;spread=gespr@f024;covered_leads=0-30"
CHI,KMDW,2026-08-06,2026-08-05T00:00:00Z,29,gefs,81.6389,2.3400,"s3://noaa-gefs-pds/gefs.20260805/00/atmos/pgrb2sp25/{geavg,gespr}.t00z.pgrb2s.0p25.f{030,036,042,048,054}#statistic=max_t(geavg)+offset;offset_f=+0.0489;raw_f=81.5900;spread=gespr@f048;covered_leads=24-54"
LAX,KLAX,2026-08-06,2026-08-06T00:00:00Z,7,gefs,80.8969,0.9000,"s3://noaa-gefs-pds/gefs.20260806/00/atmos/pgrb2sp25/{geavg,gespr}.t00z.pgrb2s.0p25.f{012,018,024,030,033}#statistic=max_t(geavg)+offset;offset_f=+0.0269;raw_f=80.8700;spread=gespr@f024;covered_leads=6-33"
LAX,KLAX,2026-08-06,2026-08-05T00:00:00Z,31,gefs,80.8969,1.0800,"s3://noaa-gefs-pds/gefs.20260805/00/atmos/pgrb2sp25/{geavg,gespr}.t00z.pgrb2s.0p25.f{036,042,048,054,057}#statistic=max_t(geavg)+offset;offset_f=+0.0269;raw_f=80.8700;spread=gespr@f048;covered_leads=30-57"
MIA,KMIA,2026-08-06,2026-08-06T00:00:00Z,4,gefs,88.4849,0.7200,"s3://noaa-gefs-pds/gefs.20260806/00/atmos/pgrb2sp25/{geavg,gespr}.t00z.pgrb2s.0p25.f{006,012,018,024,030}#statistic=max_t(geavg)+offset;offset_f=+0.0549;raw_f=88.4300;spread=gespr@f024;covered_leads=0-30"
MIA,KMIA,2026-08-06,2026-08-05T00:00:00Z,28,gefs,88.4849,0.7200,"s3://noaa-gefs-pds/gefs.20260805/00/atmos/pgrb2sp25/{geavg,gespr}.t00z.pgrb2s.0p25.f{030,036,042,048,054}#statistic=max_t(geavg)+offset;offset_f=+0.0549;raw_f=88.4300;spread=gespr@f048;covered_leads=24-54"
NY,KNYC,2026-08-06,2026-08-06T00:00:00Z,4,gefs,95.3414,1.0800,"s3://noaa-gefs-pds/gefs.20260806/00/atmos/pgrb2sp25/{geavg,gespr}.t00z.pgrb2s.0p25.f{006,012,018,024,030}#statistic=max_t(geavg)+offset;offset_f=+0.2514;raw_f=95.0900;spread=gespr@f024;covered_leads=0-30"
NY,KNYC,2026-08-06,2026-08-05T00:00:00Z,28,gefs,94.9814,1.2600,"s3://noaa-gefs-pds/gefs.20260805/00/atmos/pgrb2sp25/{geavg,gespr}.t00z.pgrb2s.0p25.f{030,036,042,048,054}#statistic=max_t(geavg)+offset;offset_f=+0.2514;raw_f=94.7300;spread=gespr@f048;covered_leads=24-54"
CHI,KMDW,2026-08-07,2026-08-07T00:00:00Z,5,gefs,86.1389,1.4400,"s3://noaa-gefs-pds/gefs.20260807/00/atmos/pgrb2sp25/{geavg,gespr}.t00z.pgrb2s.0p25.f{006,012,018,024,030}#statistic=max_t(geavg)+offset;offset_f=+0.0489;raw_f=86.0900;spread=gespr@f024;covered_leads=0-30"
CHI,KMDW,2026-08-07,2026-08-06T00:00:00Z,29,gefs,85.9589,2.1600,"s3://noaa-gefs-pds/gefs.20260806/00/atmos/pgrb2sp25/{geavg,gespr}.t00z.pgrb2s.0p25.f{030,036,042,048,054}#statistic=max_t(geavg)+offset;offset_f=+0.0489;raw_f=85.9100;spread=gespr@f048;covered_leads=24-54"
LAX,KLAX,2026-08-07,2026-08-07T00:00:00Z,7,gefs,82.1569,0.7200,"s3://noaa-gefs-pds/gefs.20260807/00/atmos/pgrb2sp25/{geavg,gespr}.t00z.pgrb2s.0p25.f{012,018,024,030,033}#statistic=max_t(geavg)+offset;offset_f=+0.0269;raw_f=82.1300;spread=gespr@f024;covered_leads=6-33"
LAX,KLAX,2026-08-07,2026-08-06T00:00:00Z,31,gefs,82.3369,1.0800,"s3://noaa-gefs-pds/gefs.20260806/00/atmos/pgrb2sp25/{geavg,gespr}.t00z.pgrb2s.0p25.f{036,042,048,054,057}#statistic=max_t(geavg)+offset;offset_f=+0.0269;raw_f=82.3100;spread=gespr@f048;covered_leads=30-57"
MIA,KMIA,2026-08-07,2026-08-07T00:00:00Z,4,gefs,89.2049,0.7200,"s3://noaa-gefs-pds/gefs.20260807/00/atmos/pgrb2sp25/{geavg,gespr}.t00z.pgrb2s.0p25.f{006,012,018,024,030}#statistic=max_t(geavg)+offset;offset_f=+0.0549;raw_f=89.1500;spread=gespr@f024;covered_leads=0-30"
MIA,KMIA,2026-08-07,2026-08-06T00:00:00Z,28,gefs,89.0249,0.5400,"s3://noaa-gefs-pds/gefs.20260806/00/atmos/pgrb2sp25/{geavg,gespr}.t00z.pgrb2s.0p25.f{030,036,042,048,054}#statistic=max_t(geavg)+offset;offset_f=+0.0549;raw_f=88.9700;spread=gespr@f048;covered_leads=24-54"
NY,KNYC,2026-08-07,2026-08-07T00:00:00Z,4,gefs,96.2414,0.7200,"s3://noaa-gefs-pds/gefs.20260807/00/atmos/pgrb2sp25/{geavg,gespr}.t00z.pgrb2s.0p25.f{006,012,018,024,030}#statistic=max_t(geavg)+offset;offset_f=+0.2514;raw_f=95.9900;spread=gespr@f024;covered_leads=0-30"
NY,KNYC,2026-08-07,2026-08-06T00:00:00Z,28,gefs,96.6014,1.2600,"s3://noaa-gefs-pds/gefs.20260806/00/atmos/pgrb2sp25/{geavg,gespr}.t00z.pgrb2s.0p25.f{030,036,042,048,054}#statistic=max_t(geavg)+offset;offset_f=+0.2514;raw_f=96.3500;spread=gespr@f048;covered_leads=24-54"
CHI,KMDW,2026-08-08,2026-08-08T00:00:00Z,5,gefs,84.6989,1.4400,"s3://noaa-gefs-pds/gefs.20260808/00/atmos/pgrb2sp25/{geavg,gespr}.t00z.pgrb2s.0p25.f{006,012,018,024,030}#statistic=max_t(geavg)+offset;offset_f=+0.0489;raw_f=84.6500;spread=gespr@f024;covered_leads=0-30"
CHI,KMDW,2026-08-08,2026-08-07T00:00:00Z,29,gefs,86.3189,1.9800,"s3://noaa-gefs-pds/gefs.20260807/00/atmos/pgrb2sp25/{geavg,gespr}.t00z.pgrb2s.0p25.f{030,036,042,048,054}#statistic=max_t(geavg)+offset;offset_f=+0.0489;raw_f=86.2700;spread=gespr@f048;covered_leads=24-54"
LAX,KLAX,2026-08-08,2026-08-08T00:00:00Z,7,gefs,83.0569,0.7200,"s3://noaa-gefs-pds/gefs.20260808/00/atmos/pgrb2sp25/{geavg,gespr}.t00z.pgrb2s.0p25.f{012,018,024,030,033}#statistic=max_t(geavg)+offset;offset_f=+0.0269;raw_f=83.0300;spread=gespr@f024;covered_leads=6-33"
LAX,KLAX,2026-08-08,2026-08-07T00:00:00Z,31,gefs,83.5969,1.0800,"s3://noaa-gefs-pds/gefs.20260807/00/atmos/pgrb2sp25/{geavg,gespr}.t00z.pgrb2s.0p25.f{036,042,048,054,057}#statistic=max_t(geavg)+offset;offset_f=+0.0269;raw_f=83.5700;spread=gespr@f048;covered_leads=30-57"
MIA,KMIA,2026-08-08,2026-08-08T00:00:00Z,4,gefs,89.5649,0.9000,"s3://noaa-gefs-pds/gefs.20260808/00/atmos/pgrb2sp25/{geavg,gespr}.t00z.pgrb2s.0p25.f{006,012,018,024,030}#statistic=max_t(geavg)+offset;offset_f=+0.0549;raw_f=89.5100;spread=gespr@f024;covered_leads=0-30"
MIA,KMIA,2026-08-08,2026-08-07T00:00:00Z,28,gefs,89.3849,0.9000,"s3://noaa-gefs-pds/gefs.20260807/00/atmos/pgrb2sp25/{geavg,gespr}.t00z.pgrb2s.0p25.f{030,036,042,048,054}#statistic=max_t(geavg)+offset;offset_f=+0.0549;raw_f=89.3300;spread=gespr@f048;covered_leads=24-54"
NY,KNYC,2026-08-08,2026-08-08T00:00:00Z,4,gefs,94.9814,1.4400,"s3://noaa-gefs-pds/gefs.20260808/00/atmos/pgrb2sp25/{geavg,gespr}.t00z.pgrb2s.0p25.f{006,012,018,024,030}#statistic=max_t(geavg)+offset;offset_f=+0.2514;raw_f=94.7300;spread=gespr@f024;covered_leads=0-30"
NY,KNYC,2026-08-08,2026-08-07T00:00:00Z,28,gefs,96.0614,1.4400,"s3://noaa-gefs-pds/gefs.20260807/00/atmos/pgrb2sp25/{geavg,gespr}.t00z.pgrb2s.0p25.f{030,036,042,048,054}#statistic=max_t(geavg)+offset;offset_f=+0.2514;raw_f=95.8100;spread=gespr@f048;covered_leads=24-54"
CHI,KMDW,2026-08-09,2026-08-09T00:00:00Z,5,gefs,85.9589,1.0800,"s3://noaa-gefs-pds/gefs.20260809/00/atmos/pgrb2sp25/{geavg,gespr}.t00z.pgrb2s.0p25.f{006,012,018,024,030}#statistic=max_t(geavg)+offset;offset_f=+0.0489;raw_f=85.9100;spread=gespr@f024;covered_leads=0-30"
CHI,KMDW,2026-08-09,2026-08-08T00:00:00Z,29,gefs,85.7789,3.0600,"s3://noaa-gefs-pds/gefs.20260808/00/atmos/pgrb2sp25/{geavg,gespr}.t00z.pgrb2s.0p25.f{030,036,042,048,054}#statistic=max_t(geavg)+offset;offset_f=+0.0489;raw_f=85.7300;spread=gespr@f048;covered_leads=24-54"
LAX,KLAX,2026-08-09,2026-08-09T00:00:00Z,7,gefs,84.4969,0.9000,"s3://noaa-gefs-pds/gefs.20260809/00/atmos/pgrb2sp25/{geavg,gespr}.t00z.pgrb2s.0p25.f{012,018,024,030,033}#statistic=max_t(geavg)+offset;offset_f=+0.0269;raw_f=84.4700;spread=gespr@f024;covered_leads=6-33"
LAX,KLAX,2026-08-09,2026-08-08T00:00:00Z,31,gefs,84.1369,1.2600,"s3://noaa-gefs-pds/gefs.20260808/00/atmos/pgrb2sp25/{geavg,gespr}.t00z.pgrb2s.0p25.f{036,042,048,054,057}#statistic=max_t(geavg)+offset;offset_f=+0.0269;raw_f=84.1100;spread=gespr@f048;covered_leads=30-57"
MIA,KMIA,2026-08-09,2026-08-09T00:00:00Z,4,gefs,89.2049,0.7200,"s3://noaa-gefs-pds/gefs.20260809/00/atmos/pgrb2sp25/{geavg,gespr}.t00z.pgrb2s.0p25.f{006,012,018,024,030}#statistic=max_t(geavg)+offset;offset_f=+0.0549;raw_f=89.1500;spread=gespr@f024;covered_leads=0-30"
MIA,KMIA,2026-08-09,2026-08-08T00:00:00Z,28,gefs,89.2049,0.7200,"s3://noaa-gefs-pds/gefs.20260808/00/atmos/pgrb2sp25/{geavg,gespr}.t00z.pgrb2s.0p25.f{030,036,042,048,054}#statistic=max_t(geavg)+offset;offset_f=+0.0549;raw_f=89.1500;spread=gespr@f048;covered_leads=24-54"
NY,KNYC,2026-08-09,2026-08-09T00:00:00Z,4,gefs,94.4414,1.8000,"s3://noaa-gefs-pds/gefs.20260809/00/atmos/pgrb2sp25/{geavg,gespr}.t00z.pgrb2s.0p25.f{006,012,018,024,030}#statistic=max_t(geavg)+offset;offset_f=+0.2514;raw_f=94.1900;spread=gespr@f024;covered_leads=0-30"
NY,KNYC,2026-08-09,2026-08-08T00:00:00Z,28,gefs,94.6214,1.9800,"s3://noaa-gefs-pds/gefs.20260808/00/atmos/pgrb2sp25/{geavg,gespr}.t00z.pgrb2s.0p25.f{030,036,042,048,054}#statistic=max_t(geavg)+offset;offset_f=+0.2514;raw_f=94.3700;spread=gespr@f048;covered_leads=24-54"
CHI,KMDW,2026-08-10,2026-08-10T00:00:00Z,5,gefs,89.9189,1.4400,"s3://noaa-gefs-pds/gefs.20260810/00/atmos/pgrb2sp25/{geavg,gespr}.t00z.pgrb2s.0p25.f{006,012,018,024,030}#statistic=max_t(geavg)+offset;offset_f=+0.0489;raw_f=89.8700;spread=gespr@f024;covered_leads=0-30"
CHI,KMDW,2026-08-10,2026-08-09T00:00:00Z,29,gefs,88.6589,3.0600,"s3://noaa-gefs-pds/gefs.20260809/00/atmos/pgrb2sp25/{geavg,gespr}.t00z.pgrb2s.0p25.f{030,036,042,048,054}#statistic=max_t(geavg)+offset;offset_f=+0.0489;raw_f=88.6100;spread=gespr@f048;covered_leads=24-54"
LAX,KLAX,2026-08-10,2026-08-10T00:00:00Z,7,gefs,82.5169,0.7200,"s3://noaa-gefs-pds/gefs.20260810/00/atmos/pgrb2sp25/{geavg,gespr}.t00z.pgrb2s.0p25.f{012,018,024,030,033}#statistic=max_t(geavg)+offset;offset_f=+0.0269;raw_f=82.4900;spread=gespr@f024;covered_leads=6-33"
LAX,KLAX,2026-08-10,2026-08-09T00:00:00Z,31,gefs,83.5969,0.9000,"s3://noaa-gefs-pds/gefs.20260809/00/atmos/pgrb2sp25/{geavg,gespr}.t00z.pgrb2s.0p25.f{036,042,048,054,057}#statistic=max_t(geavg)+offset;offset_f=+0.0269;raw_f=83.5700;spread=gespr@f048;covered_leads=30-57"
MIA,KMIA,2026-08-10,2026-08-10T00:00:00Z,4,gefs,89.9249,0.7200,"s3://noaa-gefs-pds/gefs.20260810/00/atmos/pgrb2sp25/{geavg,gespr}.t00z.pgrb2s.0p25.f{006,012,018,024,030}#statistic=max_t(geavg)+offset;offset_f=+0.0549;raw_f=89.8700;spread=gespr@f024;covered_leads=0-30"
MIA,KMIA,2026-08-10,2026-08-09T00:00:00Z,28,gefs,89.9249,0.9000,"s3://noaa-gefs-pds/gefs.20260809/00/atmos/pgrb2sp25/{geavg,gespr}.t00z.pgrb2s.0p25.f{030,036,042,048,054}#statistic=max_t(geavg)+offset;offset_f=+0.0549;raw_f=89.8700;spread=gespr@f048;covered_leads=24-54"
NY,KNYC,2026-08-10,2026-08-10T00:00:00Z,4,gefs,93.1814,1.4400,"s3://noaa-gefs-pds/gefs.20260810/00/atmos/pgrb2sp25/{geavg,gespr}.t00z.pgrb2s.0p25.f{006,012,018,024,030}#statistic=max_t(geavg)+offset;offset_f=+0.2514;raw_f=92.9300;spread=gespr@f024;covered_leads=0-30"
NY,KNYC,2026-08-10,2026-08-09T00:00:00Z,28,gefs,94.2614,2.5200,"s3://noaa-gefs-pds/gefs.20260809/00/atmos/pgrb2sp25/{geavg,gespr}.t00z.pgrb2s.0p25.f{030,036,042,048,054}#statistic=max_t(geavg)+offset;offset_f=+0.2514;raw_f=94.0100;spread=gespr@f048;covered_leads=24-54"
CHI,KMDW,2026-08-11,2026-08-11T00:00:00Z,5,gefs,85.7789,3.2400,"s3://noaa-gefs-pds/gefs.20260811/00/atmos/pgrb2sp25/{geavg,gespr}.t00z.pgrb2s.0p25.f{006,012,018,024,030}#statistic=max_t(geavg)+offset;offset_f=+0.0489;raw_f=85.7300;spread=gespr@f024;covered_leads=0-30"
CHI,KMDW,2026-08-11,2026-08-10T00:00:00Z,29,gefs,85.5989,4.3200,"s3://noaa-gefs-pds/gefs.20260810/00/atmos/pgrb2sp25/{geavg,gespr}.t00z.pgrb2s.0p25.f{030,036,042,048,054}#statistic=max_t(geavg)+offset;offset_f=+0.0489;raw_f=85.5500;spread=gespr@f048;covered_leads=24-54"
LAX,KLAX,2026-08-11,2026-08-11T00:00:00Z,7,gefs,79.8169,0.7200,"s3://noaa-gefs-pds/gefs.20260811/00/atmos/pgrb2sp25/{geavg,gespr}.t00z.pgrb2s.0p25.f{012,018,024,030,033}#statistic=max_t(geavg)+offset;offset_f=+0.0269;raw_f=79.7900;spread=gespr@f024;covered_leads=6-33"
LAX,KLAX,2026-08-11,2026-08-10T00:00:00Z,31,gefs,81.0769,0.7200,"s3://noaa-gefs-pds/gefs.20260810/00/atmos/pgrb2sp25/{geavg,gespr}.t00z.pgrb2s.0p25.f{036,042,048,054,057}#statistic=max_t(geavg)+offset;offset_f=+0.0269;raw_f=81.0500;spread=gespr@f048;covered_leads=30-57"
MIA,KMIA,2026-08-11,2026-08-11T00:00:00Z,4,gefs,90.8249,1.0800,"s3://noaa-gefs-pds/gefs.20260811/00/atmos/pgrb2sp25/{geavg,gespr}.t00z.pgrb2s.0p25.f{006,012,018,024,030}#statistic=max_t(geavg)+offset;offset_f=+0.0549;raw_f=90.7700;spread=gespr@f024;covered_leads=0-30"
MIA,KMIA,2026-08-11,2026-08-10T00:00:00Z,28,gefs,89.9249,1.2600,"s3://noaa-gefs-pds/gefs.20260810/00/atmos/pgrb2sp25/{geavg,gespr}.t00z.pgrb2s.0p25.f{030,036,042,048,054}#statistic=max_t(geavg)+offset;offset_f=+0.0549;raw_f=89.8700;spread=gespr@f048;covered_leads=24-54"
NY,KNYC,2026-08-11,2026-08-11T00:00:00Z,4,gefs,90.3014,1.6200,"s3://noaa-gefs-pds/gefs.20260811/00/atmos/pgrb2sp25/{geavg,gespr}.t00z.pgrb2s.0p25.f{006,012,018,024,030}#statistic=max_t(geavg)+offset;offset_f=+0.2514;raw_f=90.0500;spread=gespr@f024;covered_leads=0-30"
NY,KNYC,2026-08-11,2026-08-10T00:00:00Z,28,gefs,92.6414,2.7000,"s3://noaa-gefs-pds/gefs.20260810/00/atmos/pgrb2sp25/{geavg,gespr}.t00z.pgrb2s.0p25.f{030,036,042,048,054}#statistic=max_t(geavg)+offset;offset_f=+0.2514;raw_f=92.3900;spread=gespr@f048;covered_leads=24-54"
CHI,KMDW,2026-08-12,2026-08-12T00:00:00Z,5,gefs,84.3389,2.8800,"s3://noaa-gefs-pds/gefs.20260812/00/atmos/pgrb2sp25/{geavg,gespr}.t00z.pgrb2s.0p25.f{006,012,018,024,030}#statistic=max_t(geavg)+offset;offset_f=+0.0489;raw_f=84.2900;spread=gespr@f024;covered_leads=0-30"
CHI,KMDW,2026-08-12,2026-08-11T00:00:00Z,29,gefs,85.0589,3.2400,"s3://noaa-gefs-pds/gefs.20260811/00/atmos/pgrb2sp25/{geavg,gespr}.t00z.pgrb2s.0p25.f{030,036,042,048,054}#statistic=max_t(geavg)+offset;offset_f=+0.0489;raw_f=85.0100;spread=gespr@f048;covered_leads=24-54"
LAX,KLAX,2026-08-12,2026-08-12T00:00:00Z,7,gefs,77.2969,0.7200,"s3://noaa-gefs-pds/gefs.20260812/00/atmos/pgrb2sp25/{geavg,gespr}.t00z.pgrb2s.0p25.f{012,018,024,030,033}#statistic=max_t(geavg)+offset;offset_f=+0.0269;raw_f=77.2700;spread=gespr@f024;covered_leads=6-33"
LAX,KLAX,2026-08-12,2026-08-11T00:00:00Z,31,gefs,77.2969,0.5400,"s3://noaa-gefs-pds/gefs.20260811/00/atmos/pgrb2sp25/{geavg,gespr}.t00z.pgrb2s.0p25.f{036,042,048,054,057}#statistic=max_t(geavg)+offset;offset_f=+0.0269;raw_f=77.2700;spread=gespr@f048;covered_leads=30-57"
MIA,KMIA,2026-08-12,2026-08-12T00:00:00Z,4,gefs,91.0049,0.7200,"s3://noaa-gefs-pds/gefs.20260812/00/atmos/pgrb2sp25/{geavg,gespr}.t00z.pgrb2s.0p25.f{006,012,018,024,030}#statistic=max_t(geavg)+offset;offset_f=+0.0549;raw_f=90.9500;spread=gespr@f018;covered_leads=0-30"
MIA,KMIA,2026-08-12,2026-08-11T00:00:00Z,28,gefs,90.4649,0.7200,"s3://noaa-gefs-pds/gefs.20260811/00/atmos/pgrb2sp25/{geavg,gespr}.t00z.pgrb2s.0p25.f{030,036,042,048,054}#statistic=max_t(geavg)+offset;offset_f=+0.0549;raw_f=90.4100;spread=gespr@f042;covered_leads=24-54"
NY,KNYC,2026-08-12,2026-08-12T00:00:00Z,4,gefs,91.3814,1.2600,"s3://noaa-gefs-pds/gefs.20260812/00/atmos/pgrb2sp25/{geavg,gespr}.t00z.pgrb2s.0p25.f{006,012,018,024,030}#statistic=max_t(geavg)+offset;offset_f=+0.2514;raw_f=91.1300;spread=gespr@f024;covered_leads=0-30"
NY,KNYC,2026-08-12,2026-08-11T00:00:00Z,28,gefs,89.9414,1.9800,"s3://noaa-gefs-pds/gefs.20260811/00/atmos/pgrb2sp25/{geavg,gespr}.t00z.pgrb2s.0p25.f{030,036,042,048,054}#statistic=max_t(geavg)+offset;offset_f=+0.2514;raw_f=89.6900;spread=gespr@f048;covered_leads=24-54"
CHI,KMDW,2026-08-13,2026-08-13T00:00:00Z,5,gefs,81.4589,1.9800,"s3://noaa-gefs-pds/gefs.20260813/00/atmos/pgrb2sp25/{geavg,gespr}.t00z.pgrb2s.0p25.f{006,012,018,024,030}#statistic=max_t(geavg)+offset;offset_f=+0.0489;raw_f=81.4100;spread=gespr@f018;covered_leads=0-30"
CHI,KMDW,2026-08-13,2026-08-12T00:00:00Z,29,gefs,78.3989,5.2200,"s3://noaa-gefs-pds/gefs.20260812/00/atmos/pgrb2sp25/{geavg,gespr}.t00z.pgrb2s.0p25.f{030,036,042,048,054}#statistic=max_t(geavg)+offset;offset_f=+0.0489;raw_f=78.3500;spread=gespr@f048;covered_leads=24-54"
LAX,KLAX,2026-08-13,2026-08-13T00:00:00Z,7,gefs,74.1289,0.5040,"s3://noaa-gefs-pds/gefs.20260813/00/atmos/pgrb2sp25/{geavg,gespr}.t00z.pgrb2s.0p25.f{012,018,024,030,033}#statistic=max_t(geavg)+offset;offset_f=+0.0269;raw_f=74.1020;spread=gespr@f024;covered_leads=6-33"
LAX,KLAX,2026-08-13,2026-08-12T00:00:00Z,31,gefs,73.6969,0.9000,"s3://noaa-gefs-pds/gefs.20260812/00/atmos/pgrb2sp25/{geavg,gespr}.t00z.pgrb2s.0p25.f{036,042,048,054,057}#statistic=max_t(geavg)+offset;offset_f=+0.0269;raw_f=73.6700;spread=gespr@f048;covered_leads=30-57"
MIA,KMIA,2026-08-13,2026-08-13T00:00:00Z,4,gefs,91.1849,0.7200,"s3://noaa-gefs-pds/gefs.20260813/00/atmos/pgrb2sp25/{geavg,gespr}.t00z.pgrb2s.0p25.f{006,012,018,024,030}#statistic=max_t(geavg)+offset;offset_f=+0.0549;raw_f=91.1300;spread=gespr@f018;covered_leads=0-30"
MIA,KMIA,2026-08-13,2026-08-12T00:00:00Z,28,gefs,90.2849,0.7200,"s3://noaa-gefs-pds/gefs.20260812/00/atmos/pgrb2sp25/{geavg,gespr}.t00z.pgrb2s.0p25.f{030,036,042,048,054}#statistic=max_t(geavg)+offset;offset_f=+0.0549;raw_f=90.2300;spread=gespr@f042;covered_leads=24-54"
NY,KNYC,2026-08-13,2026-08-13T00:00:00Z,4,gefs,89.5274,1.7100,"s3://noaa-gefs-pds/gefs.20260813/00/atmos/pgrb2sp25/{geavg,gespr}.t00z.pgrb2s.0p25.f{006,012,018,024,030}#statistic=max_t(geavg)+offset;offset_f=+0.2514;raw_f=89.2760;spread=gespr@f024;covered_leads=0-30"
NY,KNYC,2026-08-13,2026-08-12T00:00:00Z,28,gefs,89.4014,1.8000,"s3://noaa-gefs-pds/gefs.20260812/00/atmos/pgrb2sp25/{geavg,gespr}.t00z.pgrb2s.0p25.f{030,036,042,048,054}#statistic=max_t(geavg)+offset;offset_f=+0.2514;raw_f=89.1500;spread=gespr@f048;covered_leads=24-54"
CHI,KMDW,2026-08-14,2026-08-14T00:00:00Z,5,gefs,81.8189,1.4400,"s3://noaa-gefs-pds/gefs.20260814/00/atmos/pgrb2sp25/{geavg,gespr}.t00z.pgrb2s.0p25.f{006,012,018,024,030}#statistic=max_t(geavg)+offset;offset_f=+0.0489;raw_f=81.7700;spread=gespr@f024;covered_leads=0-30"
CHI,KMDW,2026-08-14,2026-08-13T00:00:00Z,29,gefs,81.8189,2.8800,"s3://noaa-gefs-pds/gefs.20260813/00/atmos/pgrb2sp25/{geavg,gespr}.t00z.pgrb2s.0p25.f{030,036,042,048,054}#statistic=max_t(geavg)+offset;offset_f=+0.0489;raw_f=81.7700;spread=gespr@f048;covered_leads=24-54"
LAX,KLAX,2026-08-14,2026-08-14T00:00:00Z,7,gefs,75.6769,0.5400,"s3://noaa-gefs-pds/gefs.20260814/00/atmos/pgrb2sp25/{geavg,gespr}.t00z.pgrb2s.0p25.f{012,018,024,030,033}#statistic=max_t(geavg)+offset;offset_f=+0.0269;raw_f=75.6500;spread=gespr@f024;covered_leads=6-33"
LAX,KLAX,2026-08-14,2026-08-13T00:00:00Z,31,gefs,74.0569,0.5400,"s3://noaa-gefs-pds/gefs.20260813/00/atmos/pgrb2sp25/{geavg,gespr}.t00z.pgrb2s.0p25.f{036,042,048,054,057}#statistic=max_t(geavg)+offset;offset_f=+0.0269;raw_f=74.0300;spread=gespr@f048;covered_leads=30-57"
MIA,KMIA,2026-08-14,2026-08-14T00:00:00Z,4,gefs,90.6449,0.9000,"s3://noaa-gefs-pds/gefs.20260814/00/atmos/pgrb2sp25/{geavg,gespr}.t00z.pgrb2s.0p25.f{006,012,018,024,030}#statistic=max_t(geavg)+offset;offset_f=+0.0549;raw_f=90.5900;spread=gespr@f024;covered_leads=0-30"
MIA,KMIA,2026-08-14,2026-08-13T00:00:00Z,28,gefs,90.6449,0.7200,"s3://noaa-gefs-pds/gefs.20260813/00/atmos/pgrb2sp25/{geavg,gespr}.t00z.pgrb2s.0p25.f{030,036,042,048,054}#statistic=max_t(geavg)+offset;offset_f=+0.0549;raw_f=90.5900;spread=gespr@f048;covered_leads=24-54"
NY,KNYC,2026-08-14,2026-08-14T00:00:00Z,4,gefs,89.7614,1.6200,"s3://noaa-gefs-pds/gefs.20260814/00/atmos/pgrb2sp25/{geavg,gespr}.t00z.pgrb2s.0p25.f{006,012,018,024,030}#statistic=max_t(geavg)+offset;offset_f=+0.2514;raw_f=89.5100;spread=gespr@f024;covered_leads=0-30"
NY,KNYC,2026-08-14,2026-08-13T00:00:00Z,28,gefs,88.6814,2.1600,"s3://noaa-gefs-pds/gefs.20260813/00/atmos/pgrb2sp25/{geavg,gespr}.t00z.pgrb2s.0p25.f{030,036,042,048,054}#statistic=max_t(geavg)+offset;offset_f=+0.2514;raw_f=88.4300;spread=gespr@f048;covered_leads=24-54"
CHI,KMDW,2026-08-15,2026-08-15T00:00:00Z,5,gefs,81.5309,2.4660,"s3://noaa-gefs-pds/gefs.20260815/00/atmos/pgrb2sp25/{geavg,gespr}.t00z.pgrb2s.0p25.f{006,012,018,024,030}#statistic=max_t(geavg)+offset;offset_f=+0.0489;raw_f=81.4820;spread=gespr@f024;covered_leads=0-30"
CHI,KMDW,2026-08-15,2026-08-14T00:00:00Z,29,gefs,85.7789,3.6000,"s3://noaa-gefs-pds/gefs.20260814/00/atmos/pgrb2sp25/{geavg,gespr}.t00z.pgrb2s.0p25.f{030,036,042,048,054}#statistic=max_t(geavg)+offset;offset_f=+0.0489;raw_f=85.7300;spread=gespr@f048;covered_leads=24-54"
LAX,KLAX,2026-08-15,2026-08-15T00:00:00Z,7,gefs,77.0809,0.8460,"s3://noaa-gefs-pds/gefs.20260815/00/atmos/pgrb2sp25/{geavg,gespr}.t00z.pgrb2s.0p25.f{012,018,024,030,033}#statistic=max_t(geavg)+offset;offset_f=+0.0269;raw_f=77.0540;spread=gespr@f024;covered_leads=6-33"
LAX,KLAX,2026-08-15,2026-08-14T00:00:00Z,31,gefs,77.8369,1.0800,"s3://noaa-gefs-pds/gefs.20260814/00/atmos/pgrb2sp25/{geavg,gespr}.t00z.pgrb2s.0p25.f{036,042,048,054,057}#statistic=max_t(geavg)+offset;offset_f=+0.0269;raw_f=77.8100;spread=gespr@f048;covered_leads=30-57"
MIA,KMIA,2026-08-15,2026-08-15T00:00:00Z,4,gefs,90.0869,1.3140,"s3://noaa-gefs-pds/gefs.20260815/00/atmos/pgrb2sp25/{geavg,gespr}.t00z.pgrb2s.0p25.f{006,012,018,024,030}#statistic=max_t(geavg)+offset;offset_f=+0.0549;raw_f=90.0320;spread=gespr@f024;covered_leads=0-30"
MIA,KMIA,2026-08-15,2026-08-14T00:00:00Z,28,gefs,89.7449,0.9000,"s3://noaa-gefs-pds/gefs.20260814/00/atmos/pgrb2sp25/{geavg,gespr}.t00z.pgrb2s.0p25.f{030,036,042,048,054}#statistic=max_t(geavg)+offset;offset_f=+0.0549;raw_f=89.6900;spread=gespr@f048;covered_leads=24-54"
NY,KNYC,2026-08-15,2026-08-15T00:00:00Z,4,gefs,87.5114,1.0620,"s3://noaa-gefs-pds/gefs.20260815/00/atmos/pgrb2sp25/{geavg,gespr}.t00z.pgrb2s.0p25.f{006,012,018,024,030}#statistic=max_t(geavg)+offset;offset_f=+0.2514;raw_f=87.2600;spread=gespr@f024;covered_leads=0-30"
NY,KNYC,2026-08-15,2026-08-14T00:00:00Z,28,gefs,86.7014,2.3400,"s3://noaa-gefs-pds/gefs.20260814/00/atmos/pgrb2sp25/{geavg,gespr}.t00z.pgrb2s.0p25.f{030,036,042,048,054}#statistic=max_t(geavg)+offset;offset_f=+0.2514;raw_f=86.4500;spread=gespr@f048;covered_leads=24-54"
CHI,KMDW,2026-08-16,2026-08-16T00:00:00Z,5,gefs,87.9209,1.1700,"s3://noaa-gefs-pds/gefs.20260816/00/atmos/pgrb2sp25/{geavg,gespr}.t00z.pgrb2s.0p25.f{006,012,018,024,030}#statistic=max_t(geavg)+offset;offset_f=+0.0489;raw_f=87.8720;spread=gespr@f024;covered_leads=0-30"
CHI,KMDW,2026-08-16,2026-08-15T00:00:00Z,29,gefs,87.2189,1.4400,"s3://noaa-gefs-pds/gefs.20260815/00/atmos/pgrb2sp25/{geavg,gespr}.t00z.pgrb2s.0p25.f{030,036,042,048,054}#statistic=max_t(geavg)+offset;offset_f=+0.0489;raw_f=87.1700;spread=gespr@f048;covered_leads=24-54"
LAX,KLAX,2026-08-16,2026-08-16T00:00:00Z,7,gefs,80.4289,1.0080,"s3://noaa-gefs-pds/gefs.20260816/00/atmos/pgrb2sp25/{geavg,gespr}.t00z.pgrb2s.0p25.f{012,018,024,030,033}#statistic=max_t(geavg)+offset;offset_f=+0.0269;raw_f=80.4020;spread=gespr@f024;covered_leads=6-33"
LAX,KLAX,2026-08-16,2026-08-15T00:00:00Z,31,gefs,80.7169,1.4400,"s3://noaa-gefs-pds/gefs.20260815/00/atmos/pgrb2sp25/{geavg,gespr}.t00z.pgrb2s.0p25.f{036,042,048,054,057}#statistic=max_t(geavg)+offset;offset_f=+0.0269;raw_f=80.6900;spread=gespr@f048;covered_leads=30-57"
MIA,KMIA,2026-08-16,2026-08-16T00:00:00Z,4,gefs,91.2209,1.5660,"s3://noaa-gefs-pds/gefs.20260816/00/atmos/pgrb2sp25/{geavg,gespr}.t00z.pgrb2s.0p25.f{006,012,018,024,030}#statistic=max_t(geavg)+offset;offset_f=+0.0549;raw_f=91.1660;spread=gespr@f024;covered_leads=0-30"
MIA,KMIA,2026-08-16,2026-08-15T00:00:00Z,28,gefs,90.8249,1.4400,"s3://noaa-gefs-pds/gefs.20260815/00/atmos/pgrb2sp25/{geavg,gespr}.t00z.pgrb2s.0p25.f{030,036,042,048,054}#statistic=max_t(geavg)+offset;offset_f=+0.0549;raw_f=90.7700;spread=gespr@f048;covered_leads=24-54"
NY,KNYC,2026-08-16,2026-08-16T00:00:00Z,4,gefs,82.7094,1.5014,"s3://noaa-gefs-pds/gefs.20260816/00/atmos/pgrb2sp25/{geavg,gespr}.t00z.pgrb2s.0p25.f{006,012,018,024,030}#statistic=max_t(geavg)+offset;offset_f=+0.2514;raw_f=82.4580;spread=gespr@f018;covered_leads=0-30"
NY,KNYC,2026-08-16,2026-08-15T00:00:00Z,28,gefs,81.4814,3.0600,"s3://noaa-gefs-pds/gefs.20260815/00/atmos/pgrb2sp25/{geavg,gespr}.t00z.pgrb2s.0p25.f{030,036,042,048,054}#statistic=max_t(geavg)+offset;offset_f=+0.2514;raw_f=81.2300;spread=gespr@f042;covered_leads=24-54"
CHI,KMDW,2026-08-17,2026-08-17T00:00:00Z,5,gefs,79.4789,1.8000,"s3://noaa-gefs-pds/gefs.20260817/00/atmos/pgrb2sp25/{geavg,gespr}.t00z.pgrb2s.0p25.f{006,012,018,024,030}#statistic=max_t(geavg)+offset;offset_f=+0.0489;raw_f=79.4300;spread=gespr@f024;covered_leads=0-30"
CHI,KMDW,2026-08-17,2026-08-16T00:00:00Z,29,gefs,82.3769,1.5120,"s3://noaa-gefs-pds/gefs.20260816/00/atmos/pgrb2sp25/{geavg,gespr}.t00z.pgrb2s.0p25.f{030,036,042,048,054}#statistic=max_t(geavg)+offset;offset_f=+0.0489;raw_f=82.3280;spread=gespr@f030;covered_leads=24-54"
LAX,KLAX,2026-08-17,2026-08-17T00:00:00Z,7,gefs,82.1569,1.0800,"s3://noaa-gefs-pds/gefs.20260817/00/atmos/pgrb2sp25/{geavg,gespr}.t00z.pgrb2s.0p25.f{012,018,024,030,033}#statistic=max_t(geavg)+offset;offset_f=+0.0269;raw_f=82.1300;spread=gespr@f024;covered_leads=6-33"
LAX,KLAX,2026-08-17,2026-08-16T00:00:00Z,31,gefs,82.3369,1.6200,"s3://noaa-gefs-pds/gefs.20260816/00/atmos/pgrb2sp25/{geavg,gespr}.t00z.pgrb2s.0p25.f{036,042,048,054,057}#statistic=max_t(geavg)+offset;offset_f=+0.0269;raw_f=82.3100;spread=gespr@f048;covered_leads=30-57"
MIA,KMIA,2026-08-17,2026-08-17T00:00:00Z,4,gefs,94.7849,1.0800,"s3://noaa-gefs-pds/gefs.20260817/00/atmos/pgrb2sp25/{geavg,gespr}.t00z.pgrb2s.0p25.f{006,012,018,024,030}#statistic=max_t(geavg)+offset;offset_f=+0.0549;raw_f=94.7300;spread=gespr@f024;covered_leads=0-30"
MIA,KMIA,2026-08-17,2026-08-16T00:00:00Z,28,gefs,93.3449,1.6200,"s3://noaa-gefs-pds/gefs.20260816/00/atmos/pgrb2sp25/{geavg,gespr}.t00z.pgrb2s.0p25.f{030,036,042,048,054}#statistic=max_t(geavg)+offset;offset_f=+0.0549;raw_f=93.2900;spread=gespr@f048;covered_leads=24-54"
NY,KNYC,2026-08-17,2026-08-17T00:00:00Z,4,gefs,88.8614,2.7000,"s3://noaa-gefs-pds/gefs.20260817/00/atmos/pgrb2sp25/{geavg,gespr}.t00z.pgrb2s.0p25.f{006,012,018,024,030}#statistic=max_t(geavg)+offset;offset_f=+0.2514;raw_f=88.6100;spread=gespr@f024;covered_leads=0-30"
NY,KNYC,2026-08-17,2026-08-16T00:00:00Z,28,gefs,86.7014,3.6000,"s3://noaa-gefs-pds/gefs.20260816/00/atmos/pgrb2sp25/{geavg,gespr}.t00z.pgrb2s.0p25.f{030,036,042,048,054}#statistic=max_t(geavg)+offset;offset_f=+0.2514;raw_f=86.4500;spread=gespr@f048;covered_leads=24-54"
CHI,KMDW,2026-08-18,2026-08-18T00:00:00Z,5,gefs,82.5389,1.0800,"s3://noaa-gefs-pds/gefs.20260818/00/atmos/pgrb2sp25/{geavg,gespr}.t00z.pgrb2s.0p25.f{006,012,018,024,030}#statistic=max_t(geavg)+offset;offset_f=+0.0489;raw_f=82.4900;spread=gespr@f024;covered_leads=0-30"
CHI,KMDW,2026-08-18,2026-08-17T00:00:00Z,29,gefs,82.1789,1.6200,"s3://noaa-gefs-pds/gefs.20260817/00/atmos/pgrb2sp25/{geavg,gespr}.t00z.pgrb2s.0p25.f{030,036,042,048,054}#statistic=max_t(geavg)+offset;offset_f=+0.0489;raw_f=82.1300;spread=gespr@f048;covered_leads=24-54"
LAX,KLAX,2026-08-18,2026-08-18T00:00:00Z,7,gefs,83.7769,0.9000,"s3://noaa-gefs-pds/gefs.20260818/00/atmos/pgrb2sp25/{geavg,gespr}.t00z.pgrb2s.0p25.f{012,018,024,030,033}#statistic=max_t(geavg)+offset;offset_f=+0.0269;raw_f=83.7500;spread=gespr@f024;covered_leads=6-33"
LAX,KLAX,2026-08-18,2026-08-17T00:00:00Z,31,gefs,84.8569,1.8000,"s3://noaa-gefs-pds/gefs.20260817/00/atmos/pgrb2sp25/{geavg,gespr}.t00z.pgrb2s.0p25.f{036,042,048,054,057}#statistic=max_t(geavg)+offset;offset_f=+0.0269;raw_f=84.8300;spread=gespr@f048;covered_leads=30-57"
MIA,KMIA,2026-08-18,2026-08-18T00:00:00Z,4,gefs,96.2249,1.0800,"s3://noaa-gefs-pds/gefs.20260818/00/atmos/pgrb2sp25/{geavg,gespr}.t00z.pgrb2s.0p25.f{006,012,018,024,030}#statistic=max_t(geavg)+offset;offset_f=+0.0549;raw_f=96.1700;spread=gespr@f024;covered_leads=0-30"
MIA,KMIA,2026-08-18,2026-08-17T00:00:00Z,28,gefs,96.4049,0.9000,"s3://noaa-gefs-pds/gefs.20260817/00/atmos/pgrb2sp25/{geavg,gespr}.t00z.pgrb2s.0p25.f{030,036,042,048,054}#statistic=max_t(geavg)+offset;offset_f=+0.0549;raw_f=96.3500;spread=gespr@f048;covered_leads=24-54"
NY,KNYC,2026-08-18,2026-08-18T00:00:00Z,4,gefs,87.4214,1.4400,"s3://noaa-gefs-pds/gefs.20260818/00/atmos/pgrb2sp25/{geavg,gespr}.t00z.pgrb2s.0p25.f{006,012,018,024,030}#statistic=max_t(geavg)+offset;offset_f=+0.2514;raw_f=87.1700;spread=gespr@f024;covered_leads=0-30"
NY,KNYC,2026-08-18,2026-08-17T00:00:00Z,28,gefs,91.3814,1.9800,"s3://noaa-gefs-pds/gefs.20260817/00/atmos/pgrb2sp25/{geavg,gespr}.t00z.pgrb2s.0p25.f{030,036,042,048,054}#statistic=max_t(geavg)+offset;offset_f=+0.2514;raw_f=91.1300;spread=gespr@f048;covered_leads=24-54"
CHI,KMDW,2026-08-19,2026-08-19T00:00:00Z,5,gefs,81.9989,1.8000,"s3://noaa-gefs-pds/gefs.20260819/00/atmos/pgrb2sp25/{geavg,gespr}.t00z.pgrb2s.0p25.f{006,012,018,024,030}#statistic=max_t(geavg)+offset;offset_f=+0.0489;raw_f=81.9500;spread=gespr@f024;covered_leads=0-30"
CHI,KMDW,2026-08-19,2026-08-18T00:00:00Z,29,gefs,80.9189,3.6000,"s3://noaa-gefs-pds/gefs.20260818/00/atmos/pgrb2sp25/{geavg,gespr}.t00z.pgrb2s.0p25.f{030,036,042,048,054}#statistic=max_t(geavg)+offset;offset_f=+0.0489;raw_f=80.8700;spread=gespr@f048;covered_leads=24-54"
LAX,KLAX,2026-08-19,2026-08-19T00:00:00Z,7,gefs,86.2969,1.0800,"s3://noaa-gefs-pds/gefs.20260819/00/atmos/pgrb2sp25/{geavg,gespr}.t00z.pgrb2s.0p25.f{012,018,024,030,033}#statistic=max_t(geavg)+offset;offset_f=+0.0269;raw_f=86.2700;spread=gespr@f024;covered_leads=6-33"
LAX,KLAX,2026-08-19,2026-08-18T00:00:00Z,31,gefs,87.3769,1.6200,"s3://noaa-gefs-pds/gefs.20260818/00/atmos/pgrb2sp25/{geavg,gespr}.t00z.pgrb2s.0p25.f{036,042,048,054,057}#statistic=max_t(geavg)+offset;offset_f=+0.0269;raw_f=87.3500;spread=gespr@f048;covered_leads=30-57"
MIA,KMIA,2026-08-19,2026-08-19T00:00:00Z,4,gefs,94.0649,1.0800,"s3://noaa-gefs-pds/gefs.20260819/00/atmos/pgrb2sp25/{geavg,gespr}.t00z.pgrb2s.0p25.f{006,012,018,024,030}#statistic=max_t(geavg)+offset;offset_f=+0.0549;raw_f=94.0100;spread=gespr@f024;covered_leads=0-30"
MIA,KMIA,2026-08-19,2026-08-18T00:00:00Z,28,gefs,94.7849,1.0800,"s3://noaa-gefs-pds/gefs.20260818/00/atmos/pgrb2sp25/{geavg,gespr}.t00z.pgrb2s.0p25.f{030,036,042,048,054}#statistic=max_t(geavg)+offset;offset_f=+0.0549;raw_f=94.7300;spread=gespr@f048;covered_leads=24-54"
NY,KNYC,2026-08-19,2026-08-19T00:00:00Z,4,gefs,90.3014,1.2600,"s3://noaa-gefs-pds/gefs.20260819/00/atmos/pgrb2sp25/{geavg,gespr}.t00z.pgrb2s.0p25.f{006,012,018,024,030}#statistic=max_t(geavg)+offset;offset_f=+0.2514;raw_f=90.0500;spread=gespr@f024;covered_leads=0-30"
NY,KNYC,2026-08-19,2026-08-18T00:00:00Z,28,gefs,90.6614,2.3400,"s3://noaa-gefs-pds/gefs.20260818/00/atmos/pgrb2sp25/{geavg,gespr}.t00z.pgrb2s.0p25.f{030,036,042,048,054}#statistic=max_t(geavg)+offset;offset_f=+0.2514;raw_f=90.4100;spread=gespr@f048;covered_leads=24-54"
CHI,KMDW,2026-08-20,2026-08-20T00:00:00Z,5,gefs,79.8389,1.0800,"s3://noaa-gefs-pds/gefs.20260820/00/atmos/pgrb2sp25/{geavg,gespr}.t00z.pgrb2s.0p25.f{006,012,018,024,030}#statistic=max_t(geavg)+offset;offset_f=+0.0489;raw_f=79.7900;spread=gespr@f024;covered_leads=0-30"
CHI,KMDW,2026-08-20,2026-08-19T00:00:00Z,29,gefs,81.9989,2.1600,"s3://noaa-gefs-pds/gefs.20260819/00/atmos/pgrb2sp25/{geavg,gespr}.t00z.pgrb2s.0p25.f{030,036,042,048,054}#statistic=max_t(geavg)+offset;offset_f=+0.0489;raw_f=81.9500;spread=gespr@f048;covered_leads=24-54"
LAX,KLAX,2026-08-20,2026-08-20T00:00:00Z,7,gefs,84.3169,1.0800,"s3://noaa-gefs-pds/gefs.20260820/00/atmos/pgrb2sp25/{geavg,gespr}.t00z.pgrb2s.0p25.f{012,018,024,030,033}#statistic=max_t(geavg)+offset;offset_f=+0.0269;raw_f=84.2900;spread=gespr@f024;covered_leads=6-33"
LAX,KLAX,2026-08-20,2026-08-19T00:00:00Z,31,gefs,85.9369,1.0800,"s3://noaa-gefs-pds/gefs.20260819/00/atmos/pgrb2sp25/{geavg,gespr}.t00z.pgrb2s.0p25.f{036,042,048,054,057}#statistic=max_t(geavg)+offset;offset_f=+0.0269;raw_f=85.9100;spread=gespr@f048;covered_leads=30-57"
MIA,KMIA,2026-08-20,2026-08-20T00:00:00Z,4,gefs,91.9049,0.7200,"s3://noaa-gefs-pds/gefs.20260820/00/atmos/pgrb2sp25/{geavg,gespr}.t00z.pgrb2s.0p25.f{006,012,018,024,030}#statistic=max_t(geavg)+offset;offset_f=+0.0549;raw_f=91.8500;spread=gespr@f018;covered_leads=0-30"
MIA,KMIA,2026-08-20,2026-08-19T00:00:00Z,28,gefs,92.0849,0.7200,"s3://noaa-gefs-pds/gefs.20260819/00/atmos/pgrb2sp25/{geavg,gespr}.t00z.pgrb2s.0p25.f{030,036,042,048,054}#statistic=max_t(geavg)+offset;offset_f=+0.0549;raw_f=92.0300;spread=gespr@f042;covered_leads=24-54"
NY,KNYC,2026-08-20,2026-08-20T00:00:00Z,4,gefs,86.8814,2.3400,"s3://noaa-gefs-pds/gefs.20260820/00/atmos/pgrb2sp25/{geavg,gespr}.t00z.pgrb2s.0p25.f{006,012,018,024,030}#statistic=max_t(geavg)+offset;offset_f=+0.2514;raw_f=86.6300;spread=gespr@f018;covered_leads=0-30"
NY,KNYC,2026-08-20,2026-08-19T00:00:00Z,28,gefs,85.0814,0.9000,"s3://noaa-gefs-pds/gefs.20260819/00/atmos/pgrb2sp25/{geavg,gespr}.t00z.pgrb2s.0p25.f{030,036,042,048,054}#statistic=max_t(geavg)+offset;offset_f=+0.2514;raw_f=84.8300;spread=gespr@f030;covered_leads=24-54"
CHI,KMDW,2026-08-21,2026-08-21T00:00:00Z,5,gefs,80.7389,1.6200,"s3://noaa-gefs-pds/gefs.20260821/00/atmos/pgrb2sp25/{geavg,gespr}.t00z.pgrb2s.0p25.f{006,012,018,024,030}#statistic=max_t(geavg)+offset;offset_f=+0.0489;raw_f=80.6900;spread=gespr@f024;covered_leads=0-30"
CHI,KMDW,2026-08-21,2026-08-20T00:00:00Z,29,gefs,82.1789,1.9800,"s3://noaa-gefs-pds/gefs.20260820/00/atmos/pgrb2sp25/{geavg,gespr}.t00z.pgrb2s.0p25.f{030,036,042,048,054}#statistic=max_t(geavg)+offset;offset_f=+0.0489;raw_f=82.1300;spread=gespr@f048;covered_leads=24-54"
LAX,KLAX,2026-08-21,2026-08-21T00:00:00Z,7,gefs,85.0369,0.7200,"s3://noaa-gefs-pds/gefs.20260821/00/atmos/pgrb2sp25/{geavg,gespr}.t00z.pgrb2s.0p25.f{012,018,024,030,033}#statistic=max_t(geavg)+offset;offset_f=+0.0269;raw_f=85.0100;spread=gespr@f024;covered_leads=6-33"
LAX,KLAX,2026-08-21,2026-08-20T00:00:00Z,31,gefs,84.8569,0.9000,"s3://noaa-gefs-pds/gefs.20260820/00/atmos/pgrb2sp25/{geavg,gespr}.t00z.pgrb2s.0p25.f{036,042,048,054,057}#statistic=max_t(geavg)+offset;offset_f=+0.0269;raw_f=84.8300;spread=gespr@f048;covered_leads=30-57"
MIA,KMIA,2026-08-21,2026-08-21T00:00:00Z,4,gefs,90.8249,1.0800,"s3://noaa-gefs-pds/gefs.20260821/00/atmos/pgrb2sp25/{geavg,gespr}.t00z.pgrb2s.0p25.f{006,012,018,024,030}#statistic=max_t(geavg)+offset;offset_f=+0.0549;raw_f=90.7700;spread=gespr@f018;covered_leads=0-30"
MIA,KMIA,2026-08-21,2026-08-20T00:00:00Z,28,gefs,90.2849,1.2600,"s3://noaa-gefs-pds/gefs.20260820/00/atmos/pgrb2sp25/{geavg,gespr}.t00z.pgrb2s.0p25.f{030,036,042,048,054}#statistic=max_t(geavg)+offset;offset_f=+0.0549;raw_f=90.2300;spread=gespr@f042;covered_leads=24-54"
NY,KNYC,2026-08-21,2026-08-21T00:00:00Z,4,gefs,83.2814,2.1600,"s3://noaa-gefs-pds/gefs.20260821/00/atmos/pgrb2sp25/{geavg,gespr}.t00z.pgrb2s.0p25.f{006,012,018,024,030}#statistic=max_t(geavg)+offset;offset_f=+0.2514;raw_f=83.0300;spread=gespr@f024;covered_leads=0-30"
NY,KNYC,2026-08-21,2026-08-20T00:00:00Z,28,gefs,82.2014,3.0600,"s3://noaa-gefs-pds/gefs.20260820/00/atmos/pgrb2sp25/{geavg,gespr}.t00z.pgrb2s.0p25.f{030,036,042,048,054}#statistic=max_t(geavg)+offset;offset_f=+0.2514;raw_f=81.9500;spread=gespr@f048;covered_leads=24-54"
CHI,KMDW,2026-08-22,2026-08-22T00:00:00Z,5,gefs,80.9189,1.0800,"s3://noaa-gefs-pds/gefs.20260822/00/atmos/pgrb2sp25/{geavg,gespr}.t00z.pgrb2s.0p25.f{006,012,018,024,030}#statistic=max_t(geavg)+offset;offset_f=+0.0489;raw_f=80.8700;spread=gespr@f024;covered_leads=0-30"
CHI,KMDW,2026-08-22,2026-08-21T00:00:00Z,29,gefs,82.3589,1.4400,"s3://noaa-gefs-pds/gefs.20260821/00/atmos/pgrb2sp25/{geavg,gespr}.t00z.pgrb2s.0p25.f{030,036,042,048,054}#statistic=max_t(geavg)+offset;offset_f=+0.0489;raw_f=82.3100;spread=gespr@f048;covered_leads=24-54"
LAX,KLAX,2026-08-22,2026-08-22T00:00:00Z,7,gefs,85.9369,0.9000,"s3://noaa-gefs-pds/gefs.20260822/00/atmos/pgrb2sp25/{geavg,gespr}.t00z.pgrb2s.0p25.f{012,018,024,030,033}#statistic=max_t(geavg)+offset;offset_f=+0.0269;raw_f=85.9100;spread=gespr@f024;covered_leads=6-33"
LAX,KLAX,2026-08-22,2026-08-21T00:00:00Z,31,gefs,86.2969,1.2600,"s3://noaa-gefs-pds/gefs.20260821/00/atmos/pgrb2sp25/{geavg,gespr}.t00z.pgrb2s.0p25.f{036,042,048,054,057}#statistic=max_t(geavg)+offset;offset_f=+0.0269;raw_f=86.2700;spread=gespr@f048;covered_leads=30-57"
MIA,KMIA,2026-08-22,2026-08-22T00:00:00Z,4,gefs,91.5449,0.9000,"s3://noaa-gefs-pds/gefs.20260822/00/atmos/pgrb2sp25/{geavg,gespr}.t00z.pgrb2s.0p25.f{006,012,018,024,030}#statistic=max_t(geavg)+offset;offset_f=+0.0549;raw_f=91.4900;spread=gespr@f024;covered_leads=0-30"
MIA,KMIA,2026-08-22,2026-08-21T00:00:00Z,28,gefs,90.1049,1.0800,"s3://noaa-gefs-pds/gefs.20260821/00/atmos/pgrb2sp25/{geavg,gespr}.t00z.pgrb2s.0p25.f{030,036,042,048,054}#statistic=max_t(geavg)+offset;offset_f=+0.0549;raw_f=90.0500;spread=gespr@f042;covered_leads=24-54"
NY,KNYC,2026-08-22,2026-08-22T00:00:00Z,4,gefs,80.2214,2.1600,"s3://noaa-gefs-pds/gefs.20260822/00/atmos/pgrb2sp25/{geavg,gespr}.t00z.pgrb2s.0p25.f{006,012,018,024,030}#statistic=max_t(geavg)+offset;offset_f=+0.2514;raw_f=79.9700;spread=gespr@f024;covered_leads=0-30"
NY,KNYC,2026-08-22,2026-08-21T00:00:00Z,28,gefs,78.2414,1.9800,"s3://noaa-gefs-pds/gefs.20260821/00/atmos/pgrb2sp25/{geavg,gespr}.t00z.pgrb2s.0p25.f{030,036,042,048,054}#statistic=max_t(geavg)+offset;offset_f=+0.2514;raw_f=77.9900;spread=gespr@f030;covered_leads=24-54"
CHI,KMDW,2026-08-23,2026-08-23T00:00:00Z,5,gefs,76.4189,1.4400,"s3://noaa-gefs-pds/gefs.20260823/00/atmos/pgrb2sp25/{geavg,gespr}.t00z.pgrb2s.0p25.f{006,012,018,024,030}#statistic=max_t(geavg)+offset;offset_f=+0.0489;raw_f=76.3700;spread=gespr@f024;covered_leads=0-30"
CHI,KMDW,2026-08-23,2026-08-22T00:00:00Z,29,gefs,77.3189,2.1600,"s3://noaa-gefs-pds/gefs.20260822/00/atmos/pgrb2sp25/{geavg,gespr}.t00z.pgrb2s.0p25.f{030,036,042,048,054}#statistic=max_t(geavg)+offset;offset_f=+0.0489;raw_f=77.2700;spread=gespr@f048;covered_leads=24-54"
LAX,KLAX,2026-08-23,2026-08-23T00:00:00Z,7,gefs,88.0969,1.2600,"s3://noaa-gefs-pds/gefs.20260823/00/atmos/pgrb2sp25/{geavg,gespr}.t00z.pgrb2s.0p25.f{012,018,024,030,033}#statistic=max_t(geavg)+offset;offset_f=+0.0269;raw_f=88.0700;spread=gespr@f024;covered_leads=6-33"
LAX,KLAX,2026-08-23,2026-08-22T00:00:00Z,31,gefs,87.5569,1.8000,"s3://noaa-gefs-pds/gefs.20260822/00/atmos/pgrb2sp25/{geavg,gespr}.t00z.pgrb2s.0p25.f{036,042,048,054,057}#statistic=max_t(geavg)+offset;offset_f=+0.0269;raw_f=87.5300;spread=gespr@f048;covered_leads=30-57"
MIA,KMIA,2026-08-23,2026-08-23T00:00:00Z,4,gefs,89.7449,1.0800,"s3://noaa-gefs-pds/gefs.20260823/00/atmos/pgrb2sp25/{geavg,gespr}.t00z.pgrb2s.0p25.f{006,012,018,024,030}#statistic=max_t(geavg)+offset;offset_f=+0.0549;raw_f=89.6900;spread=gespr@f018;covered_leads=0-30"
MIA,KMIA,2026-08-23,2026-08-22T00:00:00Z,28,gefs,89.7449,1.0800,"s3://noaa-gefs-pds/gefs.20260822/00/atmos/pgrb2sp25/{geavg,gespr}.t00z.pgrb2s.0p25.f{030,036,042,048,054}#statistic=max_t(geavg)+offset;offset_f=+0.0549;raw_f=89.6900;spread=gespr@f042;covered_leads=24-54"
NY,KNYC,2026-08-23,2026-08-23T00:00:00Z,4,gefs,86.1614,1.4400,"s3://noaa-gefs-pds/gefs.20260823/00/atmos/pgrb2sp25/{geavg,gespr}.t00z.pgrb2s.0p25.f{006,012,018,024,030}#statistic=max_t(geavg)+offset;offset_f=+0.2514;raw_f=85.9100;spread=gespr@f024;covered_leads=0-30"
NY,KNYC,2026-08-23,2026-08-22T00:00:00Z,28,gefs,87.7814,1.2600,"s3://noaa-gefs-pds/gefs.20260822/00/atmos/pgrb2sp25/{geavg,gespr}.t00z.pgrb2s.0p25.f{030,036,042,048,054}#statistic=max_t(geavg)+offset;offset_f=+0.2514;raw_f=87.5300;spread=gespr@f048;covered_leads=24-54"
CHI,KMDW,2026-08-24,2026-08-24T00:00:00Z,5,gefs,77.3189,1.8000,"s3://noaa-gefs-pds/gefs.20260824/00/atmos/pgrb2sp25/{geavg,gespr}.t00z.pgrb2s.0p25.f{006,012,018,024,030}#statistic=max_t(geavg)+offset;offset_f=+0.0489;raw_f=77.2700;spread=gespr@f024;covered_leads=0-30"
CHI,KMDW,2026-08-24,2026-08-23T00:00:00Z,29,gefs,76.9589,1.4400,"s3://noaa-gefs-pds/gefs.20260823/00/atmos/pgrb2sp25/{geavg,gespr}.t00z.pgrb2s.0p25.f{030,036,042,048,054}#statistic=max_t(geavg)+offset;offset_f=+0.0489;raw_f=76.9100;spread=gespr@f048;covered_leads=24-54"
LAX,KLAX,2026-08-24,2026-08-24T00:00:00Z,7,gefs,87.0169,0.5400,"s3://noaa-gefs-pds/gefs.20260824/00/atmos/pgrb2sp25/{geavg,gespr}.t00z.pgrb2s.0p25.f{012,018,024,030,033}#statistic=max_t(geavg)+offset;offset_f=+0.0269;raw_f=86.9900;spread=gespr@f024;covered_leads=6-33"
LAX,KLAX,2026-08-24,2026-08-23T00:00:00Z,31,gefs,88.4569,1.0800,"s3://noaa-gefs-pds/gefs.20260823/00/atmos/pgrb2sp25/{geavg,gespr}.t00z.pgrb2s.0p25.f{036,042,048,054,057}#statistic=max_t(geavg)+offset;offset_f=+0.0269;raw_f=88.4300;spread=gespr@f048;covered_leads=30-57"
MIA,KMIA,2026-08-24,2026-08-24T00:00:00Z,4,gefs,89.7449,0.7200,"s3://noaa-gefs-pds/gefs.20260824/00/atmos/pgrb2sp25/{geavg,gespr}.t00z.pgrb2s.0p25.f{006,012,018,024,030}#statistic=max_t(geavg)+offset;offset_f=+0.0549;raw_f=89.6900;spread=gespr@f024;covered_leads=0-30"
MIA,KMIA,2026-08-24,2026-08-23T00:00:00Z,28,gefs,89.5649,0.9000,"s3://noaa-gefs-pds/gefs.20260823/00/atmos/pgrb2sp25/{geavg,gespr}.t00z.pgrb2s.0p25.f{030,036,042,048,054}#statistic=max_t(geavg)+offset;offset_f=+0.0549;raw_f=89.5100;spread=gespr@f048;covered_leads=24-54"
NY,KNYC,2026-08-24,2026-08-24T00:00:00Z,4,gefs,82.7414,1.9800,"s3://noaa-gefs-pds/gefs.20260824/00/atmos/pgrb2sp25/{geavg,gespr}.t00z.pgrb2s.0p25.f{006,012,018,024,030}#statistic=max_t(geavg)+offset;offset_f=+0.2514;raw_f=82.4900;spread=gespr@f018;covered_leads=0-30"
NY,KNYC,2026-08-24,2026-08-23T00:00:00Z,28,gefs,82.7414,1.9800,"s3://noaa-gefs-pds/gefs.20260823/00/atmos/pgrb2sp25/{geavg,gespr}.t00z.pgrb2s.0p25.f{030,036,042,048,054}#statistic=max_t(geavg)+offset;offset_f=+0.2514;raw_f=82.4900;spread=gespr@f048;covered_leads=24-54"
CHI,KMDW,2026-08-25,2026-08-25T00:00:00Z,5,gefs,80.0189,1.2600,"s3://noaa-gefs-pds/gefs.20260825/00/atmos/pgrb2sp25/{geavg,gespr}.t00z.pgrb2s.0p25.f{006,012,018,024,030}#statistic=max_t(geavg)+offset;offset_f=+0.0489;raw_f=79.9700;spread=gespr@f024;covered_leads=0-30"
CHI,KMDW,2026-08-25,2026-08-24T00:00:00Z,29,gefs,79.6589,2.1600,"s3://noaa-gefs-pds/gefs.20260824/00/atmos/pgrb2sp25/{geavg,gespr}.t00z.pgrb2s.0p25.f{030,036,042,048,054}#statistic=max_t(geavg)+offset;offset_f=+0.0489;raw_f=79.6100;spread=gespr@f048;covered_leads=24-54"
LAX,KLAX,2026-08-25,2026-08-25T00:00:00Z,7,gefs,88.6369,1.0800,"s3://noaa-gefs-pds/gefs.20260825/00/atmos/pgrb2sp25/{geavg,gespr}.t00z.pgrb2s.0p25.f{012,018,024,030,033}#statistic=max_t(geavg)+offset;offset_f=+0.0269;raw_f=88.6100;spread=gespr@f024;covered_leads=6-33"
LAX,KLAX,2026-08-25,2026-08-24T00:00:00Z,31,gefs,90.4369,1.6200,"s3://noaa-gefs-pds/gefs.20260824/00/atmos/pgrb2sp25/{geavg,gespr}.t00z.pgrb2s.0p25.f{036,042,048,054,057}#statistic=max_t(geavg)+offset;offset_f=+0.0269;raw_f=90.4100;spread=gespr@f048;covered_leads=30-57"
MIA,KMIA,2026-08-25,2026-08-25T00:00:00Z,4,gefs,90.6449,0.7200,"s3://noaa-gefs-pds/gefs.20260825/00/atmos/pgrb2sp25/{geavg,gespr}.t00z.pgrb2s.0p25.f{006,012,018,024,030}#statistic=max_t(geavg)+offset;offset_f=+0.0549;raw_f=90.5900;spread=gespr@f024;covered_leads=0-30"
MIA,KMIA,2026-08-25,2026-08-24T00:00:00Z,28,gefs,89.9249,0.9000,"s3://noaa-gefs-pds/gefs.20260824/00/atmos/pgrb2sp25/{geavg,gespr}.t00z.pgrb2s.0p25.f{030,036,042,048,054}#statistic=max_t(geavg)+offset;offset_f=+0.0549;raw_f=89.8700;spread=gespr@f048;covered_leads=24-54"
NY,KNYC,2026-08-25,2026-08-25T00:00:00Z,4,gefs,80.9414,2.1600,"s3://noaa-gefs-pds/gefs.20260825/00/atmos/pgrb2sp25/{geavg,gespr}.t00z.pgrb2s.0p25.f{006,012,018,024,030}#statistic=max_t(geavg)+offset;offset_f=+0.2514;raw_f=80.6900;spread=gespr@f024;covered_leads=0-30"
NY,KNYC,2026-08-25,2026-08-24T00:00:00Z,28,gefs,81.8414,2.3400,"s3://noaa-gefs-pds/gefs.20260824/00/atmos/pgrb2sp25/{geavg,gespr}.t00z.pgrb2s.0p25.f{030,036,042,048,054}#statistic=max_t(geavg)+offset;offset_f=+0.2514;raw_f=81.5900;spread=gespr@f048;covered_leads=24-54"
CHI,KMDW,2026-08-26,2026-08-26T00:00:00Z,5,gefs,83.2589,0.9000,"s3://noaa-gefs-pds/gefs.20260826/00/atmos/pgrb2sp25/{geavg,gespr}.t00z.pgrb2s.0p25.f{006,012,018,024,030}#statistic=max_t(geavg)+offset;offset_f=+0.0489;raw_f=83.2100;spread=gespr@f024;covered_leads=0-30"
CHI,KMDW,2026-08-26,2026-08-25T00:00:00Z,29,gefs,81.6389,1.6200,"s3://noaa-gefs-pds/gefs.20260825/00/atmos/pgrb2sp25/{geavg,gespr}.t00z.pgrb2s.0p25.f{030,036,042,048,054}#statistic=max_t(geavg)+offset;offset_f=+0.0489;raw_f=81.5900;spread=gespr@f048;covered_leads=24-54"
LAX,KLAX,2026-08-26,2026-08-26T00:00:00Z,7,gefs,90.4369,0.9000,"s3://noaa-gefs-pds/gefs.20260826/00/atmos/pgrb2sp25/{geavg,gespr}.t00z.pgrb2s.0p25.f{012,018,024,030,033}#statistic=max_t(geavg)+offset;offset_f=+0.0269;raw_f=90.4100;spread=gespr@f024;covered_leads=6-33"
LAX,KLAX,2026-08-26,2026-08-25T00:00:00Z,31,gefs,90.6169,1.9800,"s3://noaa-gefs-pds/gefs.20260825/00/atmos/pgrb2sp25/{geavg,gespr}.t00z.pgrb2s.0p25.f{036,042,048,054,057}#statistic=max_t(geavg)+offset;offset_f=+0.0269;raw_f=90.5900;spread=gespr@f048;covered_leads=30-57"
MIA,KMIA,2026-08-26,2026-08-26T00:00:00Z,4,gefs,89.9249,0.7200,"s3://noaa-gefs-pds/gefs.20260826/00/atmos/pgrb2sp25/{geavg,gespr}.t00z.pgrb2s.0p25.f{006,012,018,024,030}#statistic=max_t(geavg)+offset;offset_f=+0.0549;raw_f=89.8700;spread=gespr@f018;covered_leads=0-30"
MIA,KMIA,2026-08-26,2026-08-25T00:00:00Z,28,gefs,90.1049,0.7200,"s3://noaa-gefs-pds/gefs.20260825/00/atmos/pgrb2sp25/{geavg,gespr}.t00z.pgrb2s.0p25.f{030,036,042,048,054}#statistic=max_t(geavg)+offset;offset_f=+0.0549;raw_f=90.0500;spread=gespr@f048;covered_leads=24-54"
NY,KNYC,2026-08-26,2026-08-26T00:00:00Z,4,gefs,85.4414,1.6200,"s3://noaa-gefs-pds/gefs.20260826/00/atmos/pgrb2sp25/{geavg,gespr}.t00z.pgrb2s.0p25.f{006,012,018,024,030}#statistic=max_t(geavg)+offset;offset_f=+0.2514;raw_f=85.1900;spread=gespr@f024;covered_leads=0-30"
NY,KNYC,2026-08-26,2026-08-25T00:00:00Z,28,gefs,85.8014,1.6200,"s3://noaa-gefs-pds/gefs.20260825/00/atmos/pgrb2sp25/{geavg,gespr}.t00z.pgrb2s.0p25.f{030,036,042,048,054}#statistic=max_t(geavg)+offset;offset_f=+0.2514;raw_f=85.5500;spread=gespr@f048;covered_leads=24-54"
CHI,KMDW,2026-08-27,2026-08-27T00:00:00Z,5,gefs,81.0989,1.0800,"s3://noaa-gefs-pds/gefs.20260827/00/atmos/pgrb2sp25/{geavg,gespr}.t00z.pgrb2s.0p25.f{006,012,018,024,030}#statistic=max_t(geavg)+offset;offset_f=+0.0489;raw_f=81.0500;spread=gespr@f024;covered_leads=0-30"
CHI,KMDW,2026-08-27,2026-08-26T00:00:00Z,29,gefs,81.8189,1.6200,"s3://noaa-gefs-pds/gefs.20260826/00/atmos/pgrb2sp25/{geavg,gespr}.t00z.pgrb2s.0p25.f{030,036,042,048,054}#statistic=max_t(geavg)+offset;offset_f=+0.0489;raw_f=81.7700;spread=gespr@f048;covered_leads=24-54"
LAX,KLAX,2026-08-27,2026-08-27T00:00:00Z,7,gefs,88.6369,1.4400,"s3://noaa-gefs-pds/gefs.20260827/00/atmos/pgrb2sp25/{geavg,gespr}.t00z.pgrb2s.0p25.f{012,018,024,030,033}#statistic=max_t(geavg)+offset;offset_f=+0.0269;raw_f=88.6100;spread=gespr@f024;covered_leads=6-33"
LAX,KLAX,2026-08-27,2026-08-26T00:00:00Z,31,gefs,88.4569,1.6200,"s3://noaa-gefs-pds/gefs.20260826/00/atmos/pgrb2sp25/{geavg,gespr}.t00z.pgrb2s.0p25.f{036,042,048,054,057}#statistic=max_t(geavg)+offset;offset_f=+0.0269;raw_f=88.4300;spread=gespr@f048;covered_leads=30-57"
MIA,KMIA,2026-08-27,2026-08-27T00:00:00Z,4,gefs,89.2049,0.7200,"s3://noaa-gefs-pds/gefs.20260827/00/atmos/pgrb2sp25/{geavg,gespr}.t00z.pgrb2s.0p25.f{006,012,018,024,030}#statistic=max_t(geavg)+offset;offset_f=+0.0549;raw_f=89.1500;spread=gespr@f024;covered_leads=0-30"
MIA,KMIA,2026-08-27,2026-08-26T00:00:00Z,28,gefs,89.9249,0.7200,"s3://noaa-gefs-pds/gefs.20260826/00/atmos/pgrb2sp25/{geavg,gespr}.t00z.pgrb2s.0p25.f{030,036,042,048,054}#statistic=max_t(geavg)+offset;offset_f=+0.0549;raw_f=89.8700;spread=gespr@f048;covered_leads=24-54"
NY,KNYC,2026-08-27,2026-08-27T00:00:00Z,4,gefs,84.9014,1.0800,"s3://noaa-gefs-pds/gefs.20260827/00/atmos/pgrb2sp25/{geavg,gespr}.t00z.pgrb2s.0p25.f{006,012,018,024,030}#statistic=max_t(geavg)+offset;offset_f=+0.2514;raw_f=84.6500;spread=gespr@f024;covered_leads=0-30"
NY,KNYC,2026-08-27,2026-08-26T00:00:00Z,28,gefs,84.1814,1.9800,"s3://noaa-gefs-pds/gefs.20260826/00/atmos/pgrb2sp25/{geavg,gespr}.t00z.pgrb2s.0p25.f{030,036,042,048,054}#statistic=max_t(geavg)+offset;offset_f=+0.2514;raw_f=83.9300;spread=gespr@f042;covered_leads=24-54"
CHI,KMDW,2026-08-28,2026-08-28T00:00:00Z,5,gefs,82.1789,1.4400,"s3://noaa-gefs-pds/gefs.20260828/00/atmos/pgrb2sp25/{geavg,gespr}.t00z.pgrb2s.0p25.f{006,012,018,024,030}#statistic=max_t(geavg)+offset;offset_f=+0.0489;raw_f=82.1300;spread=gespr@f024;covered_leads=0-30"
CHI,KMDW,2026-08-28,2026-08-27T00:00:00Z,29,gefs,83.2589,1.4400,"s3://noaa-gefs-pds/gefs.20260827/00/atmos/pgrb2sp25/{geavg,gespr}.t00z.pgrb2s.0p25.f{030,036,042,048,054}#statistic=max_t(geavg)+offset;offset_f=+0.0489;raw_f=83.2100;spread=gespr@f048;covered_leads=24-54"
LAX,KLAX,2026-08-28,2026-08-28T00:00:00Z,7,gefs,89.7169,0.9000,"s3://noaa-gefs-pds/gefs.20260828/00/atmos/pgrb2sp25/{geavg,gespr}.t00z.pgrb2s.0p25.f{012,018,024,030,033}#statistic=max_t(geavg)+offset;offset_f=+0.0269;raw_f=89.6900;spread=gespr@f024;covered_leads=6-33"
LAX,KLAX,2026-08-28,2026-08-27T00:00:00Z,31,gefs,89.8969,1.4400,"s3://noaa-gefs-pds/gefs.20260827/00/atmos/pgrb2sp25/{geavg,gespr}.t00z.pgrb2s.0p25.f{036,042,048,054,057}#statistic=max_t(geavg)+offset;offset_f=+0.0269;raw_f=89.8700;spread=gespr@f048;covered_leads=30-57"
MIA,KMIA,2026-08-28,2026-08-28T00:00:00Z,4,gefs,89.5649,0.9000,"s3://noaa-gefs-pds/gefs.20260828/00/atmos/pgrb2sp25/{geavg,gespr}.t00z.pgrb2s.0p25.f{006,012,018,024,030}#statistic=max_t(geavg)+offset;offset_f=+0.0549;raw_f=89.5100;spread=gespr@f024;covered_leads=0-30"
MIA,KMIA,2026-08-28,2026-08-27T00:00:00Z,28,gefs,89.7449,0.9000,"s3://noaa-gefs-pds/gefs.20260827/00/atmos/pgrb2sp25/{geavg,gespr}.t00z.pgrb2s.0p25.f{030,036,042,048,054}#statistic=max_t(geavg)+offset;offset_f=+0.0549;raw_f=89.6900;spread=gespr@f048;covered_leads=24-54"
NY,KNYC,2026-08-28,2026-08-28T00:00:00Z,4,gefs,87.7814,1.0800,"s3://noaa-gefs-pds/gefs.20260828/00/atmos/pgrb2sp25/{geavg,gespr}.t00z.pgrb2s.0p25.f{006,012,018,024,030}#statistic=max_t(geavg)+offset;offset_f=+0.2514;raw_f=87.5300;spread=gespr@f024;covered_leads=0-30"
NY,KNYC,2026-08-28,2026-08-27T00:00:00Z,28,gefs,88.8614,1.6200,"s3://noaa-gefs-pds/gefs.20260827/00/atmos/pgrb2sp25/{geavg,gespr}.t00z.pgrb2s.0p25.f{030,036,042,048,054}#statistic=max_t(geavg)+offset;offset_f=+0.2514;raw_f=88.6100;spread=gespr@f048;covered_leads=24-54"
CHI,KMDW,2026-08-29,2026-08-29T00:00:00Z,5,gefs,80.1989,1.8000,"s3://noaa-gefs-pds/gefs.20260829/00/atmos/pgrb2sp25/{geavg,gespr}.t00z.pgrb2s.0p25.f{006,012,018,024,030}#statistic=max_t(geavg)+offset;offset_f=+0.0489;raw_f=80.1500;spread=gespr@f024;covered_leads=0-30"
CHI,KMDW,2026-08-29,2026-08-28T00:00:00Z,29,gefs,79.4789,2.1600,"s3://noaa-gefs-pds/gefs.20260828/00/atmos/pgrb2sp25/{geavg,gespr}.t00z.pgrb2s.0p25.f{030,036,042,048,054}#statistic=max_t(geavg)+offset;offset_f=+0.0489;raw_f=79.4300;spread=gespr@f048;covered_leads=24-54"
LAX,KLAX,2026-08-29,2026-08-29T00:00:00Z,7,gefs,86.4769,1.0800,"s3://noaa-gefs-pds/gefs.20260829/00/atmos/pgrb2sp25/{geavg,gespr}.t00z.pgrb2s.0p25.f{012,018,024,030,033}#statistic=max_t(geavg)+offset;offset_f=+0.0269;raw_f=86.4500;spread=gespr@f024;covered_leads=6-33"
LAX,KLAX,2026-08-29,2026-08-28T00:00:00Z,31,gefs,86.2969,1.4400,"s3://noaa-gefs-pds/gefs.20260828/00/atmos/pgrb2sp25/{geavg,gespr}.t00z.pgrb2s.0p25.f{036,042,048,054,057}#statistic=max_t(geavg)+offset;offset_f=+0.0269;raw_f=86.2700;spread=gespr@f048;covered_leads=30-57"
MIA,KMIA,2026-08-29,2026-08-29T00:00:00Z,4,gefs,89.9249,0.5400,"s3://noaa-gefs-pds/gefs.20260829/00/atmos/pgrb2sp25/{geavg,gespr}.t00z.pgrb2s.0p25.f{006,012,018,024,030}#statistic=max_t(geavg)+offset;offset_f=+0.0549;raw_f=89.8700;spread=gespr@f018;covered_leads=0-30"
MIA,KMIA,2026-08-29,2026-08-28T00:00:00Z,28,gefs,90.1049,1.0800,"s3://noaa-gefs-pds/gefs.20260828/00/atmos/pgrb2sp25/{geavg,gespr}.t00z.pgrb2s.0p25.f{030,036,042,048,054}#statistic=max_t(geavg)+offset;offset_f=+0.0549;raw_f=90.0500;spread=gespr@f048;covered_leads=24-54"
NY,KNYC,2026-08-29,2026-08-29T00:00:00Z,4,gefs,84.3614,1.2600,"s3://noaa-gefs-pds/gefs.20260829/00/atmos/pgrb2sp25/{geavg,gespr}.t00z.pgrb2s.0p25.f{006,012,018,024,030}#statistic=max_t(geavg)+offset;offset_f=+0.2514;raw_f=84.1100;spread=gespr@f024;covered_leads=0-30"
NY,KNYC,2026-08-29,2026-08-28T00:00:00Z,28,gefs,84.5414,2.1600,"s3://noaa-gefs-pds/gefs.20260828/00/atmos/pgrb2sp25/{geavg,gespr}.t00z.pgrb2s.0p25.f{030,036,042,048,054}#statistic=max_t(geavg)+offset;offset_f=+0.2514;raw_f=84.2900;spread=gespr@f048;covered_leads=24-54"
CHI,KMDW,2026-08-30,2026-08-30T00:00:00Z,5,gefs,83.8529,1.2240,"s3://noaa-gefs-pds/gefs.20260830/00/atmos/pgrb2sp25/{geavg,gespr}.t00z.pgrb2s.0p25.f{006,012,018,024,030}#statistic=max_t(geavg)+offset;offset_f=+0.0489;raw_f=83.8040;spread=gespr@f024;covered_leads=0-30"
CHI,KMDW,2026-08-30,2026-08-29T00:00:00Z,29,gefs,85.5989,1.0800,"s3://noaa-gefs-pds/gefs.20260829/00/atmos/pgrb2sp25/{geavg,gespr}.t00z.pgrb2s.0p25.f{030,036,042,048,054}#statistic=max_t(geavg)+offset;offset_f=+0.0489;raw_f=85.5500;spread=gespr@f048;covered_leads=24-54"
LAX,KLAX,2026-08-30,2026-08-30T00:00:00Z,7,gefs,83.5429,1.1160,"s3://noaa-gefs-pds/gefs.20260830/00/atmos/pgrb2sp25/{geavg,gespr}.t00z.pgrb2s.0p25.f{012,018,024,030,033}#statistic=max_t(geavg)+offset;offset_f=+0.0269;raw_f=83.5160;spread=gespr@f024;covered_leads=6-33"
LAX,KLAX,2026-08-30,2026-08-29T00:00:00Z,31,gefs,82.8769,1.4400,"s3://noaa-gefs-pds/gefs.20260829/00/atmos/pgrb2sp25/{geavg,gespr}.t00z.pgrb2s.0p25.f{036,042,048,054,057}#statistic=max_t(geavg)+offset;offset_f=+0.0269;raw_f=82.8500;spread=gespr@f048;covered_leads=30-57"
MIA,KMIA,2026-08-30,2026-08-30T00:00:00Z,4,gefs,89.8709,1.0080,"s3://noaa-gefs-pds/gefs.20260830/00/atmos/pgrb2sp25/{geavg,gespr}.t00z.pgrb2s.0p25.f{006,012,018,024,030}#statistic=max_t(geavg)+offset;offset_f=+0.0549;raw_f=89.8160;spread=gespr@f024;covered_leads=0-30"
MIA,KMIA,2026-08-30,2026-08-29T00:00:00Z,28,gefs,89.9249,0.9000,"s3://noaa-gefs-pds/gefs.20260829/00/atmos/pgrb2sp25/{geavg,gespr}.t00z.pgrb2s.0p25.f{030,036,042,048,054}#statistic=max_t(geavg)+offset;offset_f=+0.0549;raw_f=89.8700;spread=gespr@f048;covered_leads=24-54"
NY,KNYC,2026-08-30,2026-08-30T00:00:00Z,4,gefs,86.1074,1.8000,"s3://noaa-gefs-pds/gefs.20260830/00/atmos/pgrb2sp25/{geavg,gespr}.t00z.pgrb2s.0p25.f{006,012,018,024,030}#statistic=max_t(geavg)+offset;offset_f=+0.2514;raw_f=85.8560;spread=gespr@f024;covered_leads=0-30"
NY,KNYC,2026-08-30,2026-08-29T00:00:00Z,28,gefs,87.6014,1.6200,"s3://noaa-gefs-pds/gefs.20260829/00/atmos/pgrb2sp25/{geavg,gespr}.t00z.pgrb2s.0p25.f{030,036,042,048,054}#statistic=max_t(geavg)+offset;offset_f=+0.2514;raw_f=87.3500;spread=gespr@f048;covered_leads=24-54"
CHI,KMDW,2026-08-31,2026-08-31T00:00:00Z,5,gefs,89.0189,1.0800,"s3://noaa-gefs-pds/gefs.20260831/00/atmos/pgrb2sp25/{geavg,gespr}.t00z.pgrb2s.0p25.f{006,012,018,024,030}#statistic=max_t(geavg)+offset;offset_f=+0.0489;raw_f=88.9700;spread=gespr@f024;covered_leads=0-30"
CHI,KMDW,2026-08-31,2026-08-30T00:00:00Z,29,gefs,87.9389,1.2600,"s3://noaa-gefs-pds/gefs.20260830/00/atmos/pgrb2sp25/{geavg,gespr}.t00z.pgrb2s.0p25.f{030,036,042,048,054}#statistic=max_t(geavg)+offset;offset_f=+0.0489;raw_f=87.8900;spread=gespr@f048;covered_leads=24-54"
LAX,KLAX,2026-08-31,2026-08-31T00:00:00Z,7,gefs,78.0169,1.0800,"s3://noaa-gefs-pds/gefs.20260831/00/atmos/pgrb2sp25/{geavg,gespr}.t00z.pgrb2s.0p25.f{012,018,024,030,033}#statistic=max_t(geavg)+offset;offset_f=+0.0269;raw_f=77.9900;spread=gespr@f024;covered_leads=6-33"
LAX,KLAX,2026-08-31,2026-08-30T00:00:00Z,31,gefs,78.1969,1.6200,"s3://noaa-gefs-pds/gefs.20260830/00/atmos/pgrb2sp25/{geavg,gespr}.t00z.pgrb2s.0p25.f{036,042,048,054,057}#statistic=max_t(geavg)+offset;offset_f=+0.0269;raw_f=78.1700;spread=gespr@f048;covered_leads=30-57"
MIA,KMIA,2026-08-31,2026-08-31T00:00:00Z,4,gefs,89.7449,0.7200,"s3://noaa-gefs-pds/gefs.20260831/00/atmos/pgrb2sp25/{geavg,gespr}.t00z.pgrb2s.0p25.f{006,012,018,024,030}#statistic=max_t(geavg)+offset;offset_f=+0.0549;raw_f=89.6900;spread=gespr@f018;covered_leads=0-30"
MIA,KMIA,2026-08-31,2026-08-30T00:00:00Z,28,gefs,89.9249,0.9000,"s3://noaa-gefs-pds/gefs.20260830/00/atmos/pgrb2sp25/{geavg,gespr}.t00z.pgrb2s.0p25.f{030,036,042,048,054}#statistic=max_t(geavg)+offset;offset_f=+0.0549;raw_f=89.8700;spread=gespr@f048;covered_leads=24-54"
NY,KNYC,2026-08-31,2026-08-31T00:00:00Z,4,gefs,77.7914,0.3060,"s3://noaa-gefs-pds/gefs.20260831/00/atmos/pgrb2sp25/{geavg,gespr}.t00z.pgrb2s.0p25.f{006,012,018,024,030}#statistic=max_t(geavg)+offset;offset_f=+0.2514;raw_f=77.5400;spread=gespr@f006;covered_leads=0-30"
NY,KNYC,2026-08-31,2026-08-30T00:00:00Z,28,gefs,81.1754,1.3320,"s3://noaa-gefs-pds/gefs.20260830/00/atmos/pgrb2sp25/{geavg,gespr}.t00z.pgrb2s.0p25.f{030,036,042,048,054}#statistic=max_t(geavg)+offset;offset_f=+0.2514;raw_f=80.9240;spread=gespr@f030;covered_leads=24-54"
CHI,KMDW,2026-09-01,2026-08-31T00:00:00Z,29,gefs,91.5389,2.1600,"s3://noaa-gefs-pds/gefs.20260831/00/atmos/pgrb2sp25/{geavg,gespr}.t00z.pgrb2s.0p25.f{030,036,042,048,054}#statistic=max_t(geavg)+offset;offset_f=+0.0489;raw_f=91.4900;spread=gespr@f048;covered_leads=24-54"
LAX,KLAX,2026-09-01,2026-08-31T00:00:00Z,31,gefs,76.3969,0.9000,"s3://noaa-gefs-pds/gefs.20260831/00/atmos/pgrb2sp25/{geavg,gespr}.t00z.pgrb2s.0p25.f{036,042,048,054,057}#statistic=max_t(geavg)+offset;offset_f=+0.0269;raw_f=76.3700;spread=gespr@f048;covered_leads=30-57"
MIA,KMIA,2026-09-01,2026-08-31T00:00:00Z,28,gefs,89.9249,1.0800,"s3://noaa-gefs-pds/gefs.20260831/00/atmos/pgrb2sp25/{geavg,gespr}.t00z.pgrb2s.0p25.f{030,036,042,048,054}#statistic=max_t(geavg)+offset;offset_f=+0.0549;raw_f=89.8700;spread=gespr@f048;covered_leads=24-54"
NY,KNYC,2026-09-01,2026-08-31T00:00:00Z,28,gefs,84.3614,4.3200,"s3://noaa-gefs-pds/gefs.20260831/00/atmos/pgrb2sp25/{geavg,gespr}.t00z.pgrb2s.0p25.f{030,036,042,048,054}#statistic=max_t(geavg)+offset;offset_f=+0.2514;raw_f=84.1100;spread=gespr@f048;covered_leads=24-54"
