Timestamp,Symbol,Price,Type,Status
2026-03-22T23:08:43.097380,BTC-USD (Coinbase),68113.99,MARKET_DATA,REAL
2026-03-22T23:08:43.335966,KXBTC15M-26MAR230015-15 (15m),0.71,MARKET_DATA,REAL
2026-03-22T23:08:43.344235,KXBTC15M-26MAR230015-15,0.72,SIGNAL_BUY,EXECUTED
2026-03-22T23:08:45.077900,KXBTCD-26MAR2301-T68099.99 (1h),0.5,MARKET_DATA,REAL
2026-03-22T23:08:45.134736,KXBTCD-26MAR2301-T67899.99 (1h),0.84,MARKET_DATA,REAL
2026-03-22T23:08:45.193695,KXBTCD-26MAR2301-T68299.99 (1h),0.19,MARKET_DATA,REAL
2026-03-22T23:08:47.693564,KXHIGHNY-26MAR22-B62.5 (Market),0.99,MARKET_DATA,REAL
2026-03-22T23:08:47.695097,KXHIGHNY (F),50.0,MARKET_DATA,REAL
2026-03-22T23:08:52.373812,KXHIGHLAX-26MAR22-T75 (Market),0.99,MARKET_DATA,REAL
2026-03-22T23:08:52.374324,KXHIGHLAX (F),60.8,MARKET_DATA,REAL
2026-03-22T23:08:55.389085,KXHIGHCHI-26MAR22-T65 (Market),0.99,MARKET_DATA,REAL
2026-03-22T23:08:55.389512,KXHIGHCHI (F),33.8,MARKET_DATA,REAL
2026-03-22T23:08:59.698741,KXHIGHMIA-26MAR22-B81.5 (Market),0.99,MARKET_DATA,REAL
2026-03-22T23:08:59.699430,KXHIGHMIA (F),69.8,MARKET_DATA,REAL
2026-03-22T23:09:03.129780,BTC-USD (Coinbase),68131.35,MARKET_DATA,REAL
2026-03-22T23:09:03.186571,KXBTC15M-26MAR230015-15 (15m),0.81,MARKET_DATA,REAL
2026-03-22T23:09:04.865890,KXBTCD-26MAR2301-T68099.99 (1h),0.55,MARKET_DATA,REAL
2026-03-22T23:09:04.925003,KXBTCD-26MAR2301-T67899.99 (1h),0.87,MARKET_DATA,REAL
2026-03-22T23:09:04.986176,KXBTCD-26MAR2301-T68299.99 (1h),0.21,MARKET_DATA,REAL
2026-03-22T23:09:06.165073,KXHIGHNY-26MAR22-B62.5 (Market),0.99,MARKET_DATA,REAL
2026-03-22T23:09:06.165585,KXHIGHNY (F),50.0,MARKET_DATA,REAL
2026-03-22T23:09:08.271377,KXHIGHLAX-26MAR22-T75 (Market),0.99,MARKET_DATA,REAL
2026-03-22T23:09:08.271799,KXHIGHLAX (F),60.8,MARKET_DATA,REAL
2026-03-22T23:09:10.460521,KXHIGHCHI-26MAR22-T65 (Market),0.99,MARKET_DATA,REAL
2026-03-22T23:09:10.460995,KXHIGHCHI (F),33.8,MARKET_DATA,REAL
2026-03-22T23:09:12.602005,KXHIGHMIA-26MAR22-B81.5 (Market),0.99,MARKET_DATA,REAL
2026-03-22T23:09:12.602694,KXHIGHMIA (F),69.8,MARKET_DATA,REAL
2026-03-22T23:09:16.060707,BTC-USD (Coinbase),68121.91,MARKET_DATA,REAL
2026-03-22T23:09:16.121722,KXBTC15M-26MAR230015-15 (15m),0.79,MARKET_DATA,REAL
2026-03-22T23:09:17.992161,KXBTCD-26MAR2301-T68099.99 (1h),0.54,MARKET_DATA,REAL
2026-03-22T23:09:18.105221,KXBTCD-26MAR2301-T67899.99 (1h),0.86,MARKET_DATA,REAL
2026-03-22T23:09:18.166123,KXBTCD-26MAR2301-T68299.99 (1h),0.19,MARKET_DATA,REAL
2026-03-22T23:09:19.454484,KXHIGHNY-26MAR22-B62.5 (Market),0.99,MARKET_DATA,REAL
2026-03-22T23:09:19.454962,KXHIGHNY (F),50.0,MARKET_DATA,REAL
2026-03-22T23:09:21.690658,KXHIGHLAX-26MAR22-T75 (Market),0.99,MARKET_DATA,REAL
2026-03-22T23:09:21.692232,KXHIGHLAX (F),60.8,MARKET_DATA,REAL
2026-03-22T23:09:23.918749,KXHIGHCHI-26MAR22-T65 (Market),0.99,MARKET_DATA,REAL
2026-03-22T23:09:23.919195,KXHIGHCHI (F),33.8,MARKET_DATA,REAL
2026-03-22T23:09:26.153976,KXHIGHMIA-26MAR22-B81.5 (Market),0.99,MARKET_DATA,REAL
2026-03-22T23:09:26.154473,KXHIGHMIA (F),69.8,MARKET_DATA,REAL
2026-03-22T23:09:29.661625,BTC-USD (Coinbase),68135.66,MARKET_DATA,REAL
2026-03-22T23:09:29.724168,KXBTC15M-26MAR230015-15 (15m),0.79,MARKET_DATA,REAL
2026-03-22T23:09:31.635077,KXBTCD-26MAR2301-T68099.99 (1h),0.57,MARKET_DATA,REAL
2026-03-22T23:09:31.696839,KXBTCD-26MAR2301-T67899.99 (1h),0.86,MARKET_DATA,REAL
2026-03-22T23:09:31.761549,KXBTCD-26MAR2301-T68299.99 (1h),0.19,MARKET_DATA,REAL
2026-03-22T23:09:33.179000,KXHIGHNY-26MAR22-B62.5 (Market),0.99,MARKET_DATA,REAL
2026-03-22T23:09:33.179405,KXHIGHNY (F),50.0,MARKET_DATA,REAL
2026-03-22T23:09:35.484904,KXHIGHLAX-26MAR22-T75 (Market),0.99,MARKET_DATA,REAL
2026-03-22T23:09:35.485352,KXHIGHLAX (F),60.8,MARKET_DATA,REAL
2026-03-22T23:09:37.738125,KXHIGHCHI-26MAR22-T65 (Market),0.99,MARKET_DATA,REAL
2026-03-22T23:09:37.738594,KXHIGHCHI (F),33.8,MARKET_DATA,REAL
2026-03-22T23:09:39.946123,KXHIGHMIA-26MAR22-B81.5 (Market),0.99,MARKET_DATA,REAL
2026-03-22T23:09:39.947140,KXHIGHMIA (F),69.8,MARKET_DATA,REAL
2026-03-22T23:09:43.579280,BTC-USD (Coinbase),68140.38,MARKET_DATA,REAL
2026-03-22T23:09:43.696983,KXBTC15M-26MAR230015-15 (15m),0.87,MARKET_DATA,REAL
2026-03-22T23:09:45.572793,KXBTCD-26MAR2301-T68099.99 (1h),0.57,MARKET_DATA,REAL
2026-03-22T23:09:45.639654,KXBTCD-26MAR2301-T67899.99 (1h),0.86,MARKET_DATA,REAL
2026-03-22T23:09:45.704531,KXBTCD-26MAR2301-T68299.99 (1h),0.21,MARKET_DATA,REAL
2026-03-22T23:09:47.032458,KXHIGHNY-26MAR22-B62.5 (Market),0.99,MARKET_DATA,REAL
2026-03-22T23:09:47.032881,KXHIGHNY (F),50.0,MARKET_DATA,REAL
2026-03-22T23:09:49.521706,KXHIGHLAX-26MAR22-T75 (Market),0.99,MARKET_DATA,REAL
2026-03-22T23:09:49.522144,KXHIGHLAX (F),60.8,MARKET_DATA,REAL
2026-03-22T23:09:51.793918,KXHIGHCHI-26MAR22-T65 (Market),0.99,MARKET_DATA,REAL
2026-03-22T23:09:51.795010,KXHIGHCHI (F),33.8,MARKET_DATA,REAL
2026-03-22T23:09:54.270279,KXHIGHMIA-26MAR22-B81.5 (Market),0.99,MARKET_DATA,REAL
2026-03-22T23:09:54.270767,KXHIGHMIA (F),69.8,MARKET_DATA,REAL
2026-03-22T23:09:57.663056,BTC-USD (Coinbase),68153.41,MARKET_DATA,REAL
2026-03-22T23:09:57.724577,KXBTC15M-26MAR230015-15 (15m),0.88,MARKET_DATA,REAL
2026-03-22T23:09:59.427848,KXBTCD-26MAR2301-T68099.99 (1h),0.55,MARKET_DATA,REAL
2026-03-22T23:09:59.534925,KXBTCD-26MAR2301-T67899.99 (1h),0.86,MARKET_DATA,REAL
2026-03-22T23:09:59.594243,KXBTCD-26MAR2301-T68299.99 (1h),0.23,MARKET_DATA,REAL
2026-03-22T23:10:01.602851,KXHIGHNY-26MAR22-B62.5 (Market),0.99,MARKET_DATA,REAL
2026-03-22T23:10:01.603311,KXHIGHNY (F),50.0,MARKET_DATA,REAL
2026-03-22T23:10:05.005340,KXHIGHLAX-26MAR22-T75 (Market),0.99,MARKET_DATA,REAL
2026-03-22T23:10:05.005738,KXHIGHLAX (F),60.8,MARKET_DATA,REAL
2026-03-22T23:10:08.072491,KXHIGHCHI-26MAR22-T65 (Market),0.99,MARKET_DATA,REAL
2026-03-22T23:10:08.072952,KXHIGHCHI (F),33.8,MARKET_DATA,REAL
2026-03-22T23:10:11.165768,KXHIGHMIA-26MAR22-B81.5 (Market),0.99,MARKET_DATA,REAL
2026-03-22T23:10:11.166866,KXHIGHMIA (F),69.8,MARKET_DATA,REAL
2026-03-22T23:10:14.572332,BTC-USD (Coinbase),68167.98,MARKET_DATA,REAL
2026-03-22T23:10:14.630681,KXBTC15M-26MAR230015-15 (15m),0.942,MARKET_DATA,REAL
2026-03-22T23:10:16.436822,KXBTCD-26MAR2301-T68199.99 (1h),0.37,MARKET_DATA,REAL
2026-03-22T23:10:16.497792,KXBTCD-26MAR2301-T67999.99 (1h),0.79,MARKET_DATA,REAL
2026-03-22T23:10:16.555691,KXBTCD-26MAR2301-T68399.99 (1h),0.1,MARKET_DATA,REAL
2026-03-22T23:10:17.738048,KXHIGHNY-26MAR22-B62.5 (Market),0.99,MARKET_DATA,REAL
2026-03-22T23:10:17.738930,KXHIGHNY (F),50.0,MARKET_DATA,REAL
2026-03-22T23:10:19.895219,KXHIGHLAX-26MAR22-T75 (Market),0.99,MARKET_DATA,REAL
2026-03-22T23:10:19.895602,KXHIGHLAX (F),60.8,MARKET_DATA,REAL
2026-03-22T23:10:22.061420,KXHIGHCHI-26MAR22-T65 (Market),0.99,MARKET_DATA,REAL
2026-03-22T23:10:22.062233,KXHIGHCHI (F),33.8,MARKET_DATA,REAL
2026-03-22T23:10:24.282020,KXHIGHMIA-26MAR22-B81.5 (Market),0.99,MARKET_DATA,REAL
2026-03-22T23:10:24.282473,KXHIGHMIA (F),69.8,MARKET_DATA,REAL
2026-03-22T23:10:27.626907,BTC-USD (Coinbase),68181.75,MARKET_DATA,REAL
2026-03-22T23:10:27.685563,KXBTC15M-26MAR230015-15 (15m),0.953,MARKET_DATA,REAL
2026-03-22T23:10:29.401165,KXBTCD-26MAR2301-T68199.99 (1h),0.44,MARKET_DATA,REAL
2026-03-22T23:10:29.517759,KXBTCD-26MAR2301-T67999.99 (1h),0.79,MARKET_DATA,REAL
2026-03-22T23:10:29.578873,KXBTCD-26MAR2301-T68399.99 (1h),0.13,MARKET_DATA,REAL
2026-03-22T23:10:30.797820,KXHIGHNY-26MAR22-B62.5 (Market),0.99,MARKET_DATA,REAL
2026-03-22T23:10:30.798284,KXHIGHNY (F),50.0,MARKET_DATA,REAL
2026-03-22T23:10:32.893318,KXHIGHLAX-26MAR22-T75 (Market),0.99,MARKET_DATA,REAL
2026-03-22T23:10:32.894574,KXHIGHLAX (F),60.8,MARKET_DATA,REAL
2026-03-22T23:10:35.054957,KXHIGHCHI-26MAR22-T65 (Market),0.99,MARKET_DATA,REAL
2026-03-22T23:10:35.055310,KXHIGHCHI (F),33.8,MARKET_DATA,REAL
2026-03-22T23:10:37.183440,KXHIGHMIA-26MAR22-B81.5 (Market),0.99,MARKET_DATA,REAL
2026-03-22T23:10:37.184135,KXHIGHMIA (F),69.8,MARKET_DATA,REAL
2026-03-22T23:10:40.528224,BTC-USD (Coinbase),68164.68,MARKET_DATA,REAL
2026-03-22T23:10:40.587844,KXBTC15M-26MAR230015-15 (15m),0.963,MARKET_DATA,REAL
2026-03-22T23:10:42.210715,KXBTCD-26MAR2301-T68199.99 (1h),0.41,MARKET_DATA,REAL
2026-03-22T23:10:42.270751,KXBTCD-26MAR2301-T67999.99 (1h),0.81,MARKET_DATA,REAL
2026-03-22T23:10:42.332087,KXBTCD-26MAR2301-T68399.99 (1h),0.12,MARKET_DATA,REAL
2026-03-22T23:10:43.508483,KXHIGHNY-26MAR22-B62.5 (Market),0.99,MARKET_DATA,REAL
2026-03-22T23:10:43.509049,KXHIGHNY (F),50.0,MARKET_DATA,REAL
2026-03-22T23:10:45.701719,KXHIGHLAX-26MAR22-T75 (Market),0.99,MARKET_DATA,REAL
2026-03-22T23:10:45.702429,KXHIGHLAX (F),60.8,MARKET_DATA,REAL
2026-03-22T23:10:47.871124,KXHIGHCHI-26MAR22-T65 (Market),0.99,MARKET_DATA,REAL
2026-03-22T23:10:47.871557,KXHIGHCHI (F),33.8,MARKET_DATA,REAL
2026-03-22T23:10:50.026648,KXHIGHMIA-26MAR22-B81.5 (Market),0.99,MARKET_DATA,REAL
2026-03-22T23:10:50.027811,KXHIGHMIA (F),69.8,MARKET_DATA,REAL
2026-03-22T23:10:53.413951,BTC-USD (Coinbase),68163.12,MARKET_DATA,REAL
2026-03-22T23:10:53.541138,KXBTC15M-26MAR230015-15 (15m),0.944,MARKET_DATA,REAL
2026-03-22T23:10:55.336448,KXBTCD-26MAR2301-T68199.99 (1h),0.39,MARKET_DATA,REAL
2026-03-22T23:10:55.406750,KXBTCD-26MAR2301-T67999.99 (1h),0.79,MARKET_DATA,REAL
2026-03-22T23:10:55.469937,KXBTCD-26MAR2301-T68399.99 (1h),0.12,MARKET_DATA,REAL
2026-03-22T23:10:55.534935,KXBTCD-26MAR2301-T68199.99,0.43000000000000005,SIGNAL_BUY,EXECUTED
2026-03-22T23:10:56.602356,KXHIGHNY-26MAR22-B62.5 (Market),0.99,MARKET_DATA,REAL
2026-03-22T23:10:56.602940,KXHIGHNY (F),50.0,MARKET_DATA,REAL
2026-03-22T23:10:58.674407,KXHIGHLAX-26MAR22-T75 (Market),0.99,MARKET_DATA,REAL
2026-03-22T23:10:58.675183,KXHIGHLAX (F),60.8,MARKET_DATA,REAL
2026-03-22T23:11:00.865822,KXHIGHCHI-26MAR22-T65 (Market),0.99,MARKET_DATA,REAL
2026-03-22T23:11:00.867114,KXHIGHCHI (F),33.8,MARKET_DATA,REAL
2026-03-22T23:11:03.106105,KXHIGHMIA-26MAR22-B81.5 (Market),0.99,MARKET_DATA,REAL
2026-03-22T23:11:03.106631,KXHIGHMIA (F),69.8,MARKET_DATA,REAL
2026-03-22T23:11:06.558659,BTC-USD (Coinbase),68168.45,MARKET_DATA,REAL
2026-03-22T23:11:06.617837,KXBTC15M-26MAR230015-15 (15m),0.963,MARKET_DATA,REAL
2026-03-22T23:11:08.350569,KXBTCD-26MAR2301-T68199.99 (1h),0.41,MARKET_DATA,REAL
2026-03-22T23:11:08.419519,KXBTCD-26MAR2301-T67999.99 (1h),0.79,MARKET_DATA,REAL
2026-03-22T23:11:08.480968,KXBTCD-26MAR2301-T68399.99 (1h),0.12,MARKET_DATA,REAL
2026-03-22T23:11:10.525312,KXHIGHNY-26MAR22-B62.5 (Market),0.99,MARKET_DATA,REAL
2026-03-22T23:11:10.526233,KXHIGHNY (F),50.0,MARKET_DATA,REAL
2026-03-22T23:11:13.520856,KXHIGHLAX-26MAR22-T75 (Market),0.99,MARKET_DATA,REAL
2026-03-22T23:11:13.522176,KXHIGHLAX (F),60.8,MARKET_DATA,REAL
2026-03-22T23:11:16.541955,KXHIGHCHI-26MAR22-T65 (Market),0.99,MARKET_DATA,REAL
2026-03-22T23:11:16.542477,KXHIGHCHI (F),33.8,MARKET_DATA,REAL
2026-03-22T23:11:19.550935,KXHIGHMIA-26MAR22-B81.5 (Market),0.99,MARKET_DATA,REAL
2026-03-22T23:11:19.551878,KXHIGHMIA (F),69.8,MARKET_DATA,REAL
2026-03-22T23:11:22.951591,BTC-USD (Coinbase),68153.4,MARKET_DATA,REAL
2026-03-22T23:11:23.014433,KXBTC15M-26MAR230015-15 (15m),0.961,MARKET_DATA,REAL
2026-03-22T23:11:24.673555,KXBTCD-26MAR2301-T68199.99 (1h),0.41,MARKET_DATA,REAL
2026-03-22T23:11:24.729412,KXBTCD-26MAR2301-T67999.99 (1h),0.79,MARKET_DATA,REAL
2026-03-22T23:11:24.789291,KXBTCD-26MAR2301-T68399.99 (1h),0.11,MARKET_DATA,REAL
2026-03-22T23:11:25.967051,KXHIGHNY-26MAR22-B62.5 (Market),0.99,MARKET_DATA,REAL
2026-03-22T23:11:25.967985,KXHIGHNY (F),50.0,MARKET_DATA,REAL
2026-03-22T23:11:28.078336,KXHIGHLAX-26MAR22-T75 (Market),0.99,MARKET_DATA,REAL
2026-03-22T23:11:28.078808,KXHIGHLAX (F),60.8,MARKET_DATA,REAL
2026-03-22T23:11:30.274221,KXHIGHCHI-26MAR22-T65 (Market),0.99,MARKET_DATA,REAL
2026-03-22T23:11:30.274650,KXHIGHCHI (F),33.8,MARKET_DATA,REAL
2026-03-22T23:11:32.380259,KXHIGHMIA-26MAR22-B81.5 (Market),0.99,MARKET_DATA,REAL
2026-03-22T23:11:32.380752,KXHIGHMIA (F),69.8,MARKET_DATA,REAL
2026-03-22T23:11:35.805500,BTC-USD (Coinbase),68153.41,MARKET_DATA,REAL
2026-03-22T23:11:35.869652,KXBTC15M-26MAR230015-15 (15m),0.956,MARKET_DATA,REAL
2026-03-22T23:11:37.561826,KXBTCD-26MAR2301-T68199.99 (1h),0.39,MARKET_DATA,REAL
2026-03-22T23:11:37.622403,KXBTCD-26MAR2301-T67999.99 (1h),0.78,MARKET_DATA,REAL
2026-03-22T23:11:37.685448,KXBTCD-26MAR2301-T68399.99 (1h),0.1,MARKET_DATA,REAL
2026-03-22T23:11:38.966726,KXHIGHNY-26MAR22-B62.5 (Market),0.99,MARKET_DATA,REAL
2026-03-22T23:11:38.967182,KXHIGHNY (F),50.0,MARKET_DATA,REAL
2026-03-22T23:11:41.108409,KXHIGHLAX-26MAR22-T75 (Market),0.99,MARKET_DATA,REAL
2026-03-22T23:11:41.108968,KXHIGHLAX (F),60.8,MARKET_DATA,REAL
2026-03-22T23:11:43.215948,KXHIGHCHI-26MAR22-T65 (Market),0.99,MARKET_DATA,REAL
2026-03-22T23:11:43.216504,KXHIGHCHI (F),33.8,MARKET_DATA,REAL
2026-03-22T23:11:45.318248,KXHIGHMIA-26MAR22-B81.5 (Market),0.99,MARKET_DATA,REAL
2026-03-22T23:11:45.318757,KXHIGHMIA (F),69.8,MARKET_DATA,REAL
2026-03-22T23:11:48.683873,BTC-USD (Coinbase),68165.99,MARKET_DATA,REAL
2026-03-22T23:11:48.794867,KXBTC15M-26MAR230015-15 (15m),0.952,MARKET_DATA,REAL
2026-03-22T23:11:50.511201,KXBTCD-26MAR2301-T68199.99 (1h),0.4,MARKET_DATA,REAL
2026-03-22T23:11:50.577503,KXBTCD-26MAR2301-T67999.99 (1h),0.8,MARKET_DATA,REAL
2026-03-22T23:11:50.638503,KXBTCD-26MAR2301-T68399.99 (1h),0.1,MARKET_DATA,REAL
2026-03-22T23:11:51.836591,KXHIGHNY-26MAR22-B62.5 (Market),0.99,MARKET_DATA,REAL
2026-03-22T23:11:51.837820,KXHIGHNY (F),50.0,MARKET_DATA,REAL
2026-03-22T23:11:54.014897,KXHIGHLAX-26MAR22-T75 (Market),0.99,MARKET_DATA,REAL
2026-03-22T23:11:54.016062,KXHIGHLAX (F),60.8,MARKET_DATA,REAL
2026-03-22T23:11:56.157290,KXHIGHCHI-26MAR22-T65 (Market),0.99,MARKET_DATA,REAL
2026-03-22T23:11:56.158159,KXHIGHCHI (F),33.8,MARKET_DATA,REAL
2026-03-22T23:11:58.331476,KXHIGHMIA-26MAR22-B81.5 (Market),0.99,MARKET_DATA,REAL
2026-03-22T23:11:58.331857,KXHIGHMIA (F),69.8,MARKET_DATA,REAL
2026-03-22T23:12:01.739464,BTC-USD (Coinbase),68168.99,MARKET_DATA,REAL
2026-03-22T23:12:01.856992,KXBTC15M-26MAR230015-15 (15m),0.982,MARKET_DATA,REAL
2026-03-22T23:12:03.709806,KXBTCD-26MAR2301-T68199.99 (1h),0.42,MARKET_DATA,REAL
2026-03-22T23:12:03.818342,KXBTCD-26MAR2301-T67999.99 (1h),0.81,MARKET_DATA,REAL
2026-03-22T23:12:03.881236,KXBTCD-26MAR2301-T68399.99 (1h),0.12,MARKET_DATA,REAL
2026-03-22T23:12:05.180626,KXHIGHNY-26MAR22-B62.5 (Market),0.99,MARKET_DATA,REAL
2026-03-22T23:12:05.181274,KXHIGHNY (F),50.0,MARKET_DATA,REAL
2026-03-22T23:12:07.350416,KXHIGHLAX-26MAR22-T75 (Market),0.99,MARKET_DATA,REAL
2026-03-22T23:12:07.350904,KXHIGHLAX (F),60.8,MARKET_DATA,REAL
2026-03-22T23:12:09.618534,KXHIGHCHI-26MAR22-T65 (Market),0.99,MARKET_DATA,REAL
2026-03-22T23:12:09.619153,KXHIGHCHI (F),33.8,MARKET_DATA,REAL
2026-03-22T23:12:11.759176,KXHIGHMIA-26MAR22-B81.5 (Market),0.99,MARKET_DATA,REAL
2026-03-22T23:12:11.759814,KXHIGHMIA (F),69.8,MARKET_DATA,REAL
2026-03-22T23:12:15.152753,BTC-USD (Coinbase),68169.12,MARKET_DATA,REAL
2026-03-22T23:12:15.210671,KXBTC15M-26MAR230015-15 (15m),0.985,MARKET_DATA,REAL
2026-03-22T23:12:16.906186,KXBTCD-26MAR2301-T68199.99 (1h),0.43,MARKET_DATA,REAL
2026-03-22T23:12:16.969096,KXBTCD-26MAR2301-T67999.99 (1h),0.81,MARKET_DATA,REAL
2026-03-22T23:12:17.032315,KXBTCD-26MAR2301-T68399.99 (1h),0.12,MARKET_DATA,REAL
2026-03-22T23:12:19.109343,KXHIGHNY-26MAR22-B62.5 (Market),0.99,MARKET_DATA,REAL
2026-03-22T23:12:19.109780,KXHIGHNY (F),50.0,MARKET_DATA,REAL
2026-03-22T23:12:22.125221,KXHIGHLAX-26MAR22-T75 (Market),0.99,MARKET_DATA,REAL
2026-03-22T23:12:22.126408,KXHIGHLAX (F),60.8,MARKET_DATA,REAL
2026-03-22T23:12:25.184404,KXHIGHCHI-26MAR22-T65 (Market),0.99,MARKET_DATA,REAL
2026-03-22T23:12:25.184780,KXHIGHCHI (F),33.8,MARKET_DATA,REAL
2026-03-22T23:12:28.246666,KXHIGHMIA-26MAR22-B81.5 (Market),0.99,MARKET_DATA,REAL
2026-03-22T23:12:28.247271,KXHIGHMIA (F),69.8,MARKET_DATA,REAL
2026-03-22T23:12:31.693151,BTC-USD (Coinbase),68168.72,MARKET_DATA,REAL
2026-03-22T23:12:31.755021,KXBTC15M-26MAR230015-15 (15m),0.991,MARKET_DATA,REAL
2026-03-22T23:12:33.513817,KXBTCD-26MAR2301-T68199.99 (1h),0.41,MARKET_DATA,REAL
2026-03-22T23:12:33.577114,KXBTCD-26MAR2301-T67999.99 (1h),0.83,MARKET_DATA,REAL
2026-03-22T23:12:33.633526,KXBTCD-26MAR2301-T68399.99 (1h),0.11,MARKET_DATA,REAL
2026-03-22T23:12:34.852968,KXHIGHNY-26MAR22-B62.5 (Market),0.99,MARKET_DATA,REAL
2026-03-22T23:12:34.853551,KXHIGHNY (F),50.0,MARKET_DATA,REAL
2026-03-22T23:12:37.070482,KXHIGHLAX-26MAR22-T75 (Market),0.99,MARKET_DATA,REAL
2026-03-22T23:12:37.070926,KXHIGHLAX (F),60.8,MARKET_DATA,REAL
2026-03-22T23:12:39.274123,KXHIGHCHI-26MAR22-T65 (Market),0.99,MARKET_DATA,REAL
2026-03-22T23:12:39.274726,KXHIGHCHI (F),33.8,MARKET_DATA,REAL
2026-03-22T23:12:41.544175,KXHIGHMIA-26MAR22-B81.5 (Market),0.99,MARKET_DATA,REAL
2026-03-22T23:12:41.544658,KXHIGHMIA (F),69.8,MARKET_DATA,REAL
2026-03-22T23:12:44.952630,BTC-USD (Coinbase),68167.02,MARKET_DATA,REAL
2026-03-22T23:12:45.034398,KXBTC15M-26MAR230015-15 (15m),0.991,MARKET_DATA,REAL
2026-03-22T23:12:46.727610,KXBTCD-26MAR2301-T68199.99 (1h),0.41,MARKET_DATA,REAL
2026-03-22T23:12:46.786868,KXBTCD-26MAR2301-T67999.99 (1h),0.83,MARKET_DATA,REAL
2026-03-22T23:12:46.891408,KXBTCD-26MAR2301-T68399.99 (1h),0.1,MARKET_DATA,REAL
2026-03-22T23:12:48.361950,KXHIGHNY-26MAR22-B62.5 (Market),0.99,MARKET_DATA,REAL
2026-03-22T23:12:48.362486,KXHIGHNY (F),50.0,MARKET_DATA,REAL
2026-03-22T23:12:50.562470,KXHIGHLAX-26MAR22-T75 (Market),0.99,MARKET_DATA,REAL
2026-03-22T23:12:50.562941,KXHIGHLAX (F),60.8,MARKET_DATA,REAL
2026-03-22T23:12:52.883962,KXHIGHCHI-26MAR22-T65 (Market),0.99,MARKET_DATA,REAL
2026-03-22T23:12:52.884934,KXHIGHCHI (F),33.8,MARKET_DATA,REAL
2026-03-22T23:12:55.487723,KXHIGHMIA-26MAR22-B81.5 (Market),0.99,MARKET_DATA,REAL
2026-03-22T23:12:55.488218,KXHIGHMIA (F),69.8,MARKET_DATA,REAL
2026-03-22T23:12:59.014024,BTC-USD (Coinbase),68167.02,MARKET_DATA,REAL
2026-03-22T23:12:59.075922,KXBTC15M-26MAR230015-15 (15m),0.995,MARKET_DATA,REAL
2026-03-22T23:13:00.948314,KXBTCD-26MAR2301-T68199.99 (1h),0.42,MARKET_DATA,REAL
2026-03-22T23:13:01.005486,KXBTCD-26MAR2301-T67999.99 (1h),0.83,MARKET_DATA,REAL
2026-03-22T23:13:01.064455,KXBTCD-26MAR2301-T68399.99 (1h),0.1,MARKET_DATA,REAL
2026-03-22T23:13:02.467722,KXHIGHNY-26MAR22-B62.5 (Market),0.99,MARKET_DATA,REAL
2026-03-22T23:13:02.468215,KXHIGHNY (F),50.0,MARKET_DATA,REAL
2026-03-22T23:13:04.956299,KXHIGHLAX-26MAR22-T75 (Market),0.99,MARKET_DATA,REAL
2026-03-22T23:13:04.957441,KXHIGHLAX (F),60.8,MARKET_DATA,REAL
2026-03-22T23:13:07.412311,KXHIGHCHI-26MAR22-T65 (Market),0.99,MARKET_DATA,REAL
2026-03-22T23:13:07.413198,KXHIGHCHI (F),33.8,MARKET_DATA,REAL
2026-03-22T23:13:09.893462,KXHIGHMIA-26MAR22-B81.5 (Market),0.99,MARKET_DATA,REAL
2026-03-22T23:13:09.894585,KXHIGHMIA (F),69.8,MARKET_DATA,REAL
2026-03-22T23:13:13.339304,BTC-USD (Coinbase),68167.02,MARKET_DATA,REAL
2026-03-22T23:13:13.495268,KXBTC15M-26MAR230015-15 (15m),0.989,MARKET_DATA,REAL
2026-03-22T23:13:15.435720,KXBTCD-26MAR2301-T68199.99 (1h),0.41,MARKET_DATA,REAL
2026-03-22T23:13:15.501586,KXBTCD-26MAR2301-T67999.99 (1h),0.83,MARKET_DATA,REAL
2026-03-22T23:13:15.562458,KXBTCD-26MAR2301-T68399.99 (1h),0.1,MARKET_DATA,REAL
2026-03-22T23:13:17.099312,KXHIGHNY-26MAR22-B62.5 (Market),0.99,MARKET_DATA,REAL
2026-03-22T23:13:17.100787,KXHIGHNY (F),50.0,MARKET_DATA,REAL
2026-03-22T23:13:19.370422,KXHIGHLAX-26MAR22-T75 (Market),0.99,MARKET_DATA,REAL
2026-03-22T23:13:19.370882,KXHIGHLAX (F),60.8,MARKET_DATA,REAL
2026-03-22T23:13:21.659915,KXHIGHCHI-26MAR22-T65 (Market),0.99,MARKET_DATA,REAL
2026-03-22T23:13:21.660372,KXHIGHCHI (F),33.8,MARKET_DATA,REAL
2026-03-22T23:13:23.969590,KXHIGHMIA-26MAR22-B81.5 (Market),0.99,MARKET_DATA,REAL
2026-03-22T23:13:23.970725,KXHIGHMIA (F),69.8,MARKET_DATA,REAL
2026-03-22T23:13:27.362540,BTC-USD (Coinbase),68134.51,MARKET_DATA,REAL
2026-03-22T23:13:27.424283,KXBTC15M-26MAR230015-15 (15m),0.989,MARKET_DATA,REAL
2026-03-22T23:13:29.310642,KXBTCD-26MAR2301-T68099.99 (1h),0.56,MARKET_DATA,REAL
2026-03-22T23:13:29.371602,KXBTCD-26MAR2301-T67899.99 (1h),0.89,MARKET_DATA,REAL
2026-03-22T23:13:29.429390,KXBTCD-26MAR2301-T68299.99 (1h),0.17,MARKET_DATA,REAL
2026-03-22T23:13:31.537427,KXHIGHNY-26MAR22-B62.5 (Market),0.99,MARKET_DATA,REAL
2026-03-22T23:13:31.537990,KXHIGHNY (F),50.0,MARKET_DATA,REAL
2026-03-22T23:13:34.528365,KXHIGHLAX-26MAR22-T75 (Market),0.99,MARKET_DATA,REAL
2026-03-22T23:13:34.528690,KXHIGHLAX (F),60.8,MARKET_DATA,REAL
2026-03-22T23:13:37.703308,KXHIGHCHI-26MAR22-T65 (Market),0.99,MARKET_DATA,REAL
2026-03-22T23:13:37.703753,KXHIGHCHI (F),33.8,MARKET_DATA,REAL
2026-03-22T23:13:40.718393,KXHIGHMIA-26MAR22-B81.5 (Market),0.99,MARKET_DATA,REAL
2026-03-22T23:13:40.719301,KXHIGHMIA (F),69.8,MARKET_DATA,REAL
2026-03-22T23:13:44.119991,BTC-USD (Coinbase),68142.5,MARKET_DATA,REAL
2026-03-22T23:13:44.178863,KXBTC15M-26MAR230015-15 (15m),0.992,MARKET_DATA,REAL
2026-03-22T23:13:45.913037,KXBTCD-26MAR2301-T68099.99 (1h),0.55,MARKET_DATA,REAL
2026-03-22T23:13:45.973506,KXBTCD-26MAR2301-T67899.99 (1h),0.9,MARKET_DATA,REAL
2026-03-22T23:13:46.035937,KXBTCD-26MAR2301-T68299.99 (1h),0.18,MARKET_DATA,REAL
2026-03-22T23:13:47.285402,KXHIGHNY-26MAR22-B62.5 (Market),0.99,MARKET_DATA,REAL
2026-03-22T23:13:47.286400,KXHIGHNY (F),50.0,MARKET_DATA,REAL
2026-03-22T23:13:49.585527,KXHIGHLAX-26MAR22-T75 (Market),0.99,MARKET_DATA,REAL
2026-03-22T23:13:49.585963,KXHIGHLAX (F),60.8,MARKET_DATA,REAL
2026-03-22T23:13:51.798057,KXHIGHCHI-26MAR22-T65 (Market),0.99,MARKET_DATA,REAL
2026-03-22T23:13:51.798663,KXHIGHCHI (F),33.8,MARKET_DATA,REAL
2026-03-22T23:13:53.924094,KXHIGHMIA-26MAR22-B81.5 (Market),0.99,MARKET_DATA,REAL
2026-03-22T23:13:53.924661,KXHIGHMIA (F),69.8,MARKET_DATA,REAL
2026-03-22T23:13:57.304002,BTC-USD (Coinbase),68138.0,MARKET_DATA,REAL
2026-03-22T23:13:57.365287,KXBTC15M-26MAR230015-15 (15m),0.995,MARKET_DATA,REAL
2026-03-22T23:13:59.169584,KXBTCD-26MAR2301-T68199.99 (1h),0.37,MARKET_DATA,REAL
2026-03-22T23:13:59.229809,KXBTCD-26MAR2301-T67999.99 (1h),0.8,MARKET_DATA,REAL
2026-03-22T23:13:59.294441,KXBTCD-26MAR2301-T68399.99 (1h),0.08,MARKET_DATA,REAL
2026-03-22T23:13:59.362782,KXBTCD-26MAR2301-T68199.99,0.39,SIGNAL_BUY,EXECUTED
2026-03-22T23:14:00.484724,KXHIGHNY-26MAR22-B62.5 (Market),0.99,MARKET_DATA,REAL
2026-03-22T23:14:00.488293,KXHIGHNY (F),50.0,MARKET_DATA,REAL
2026-03-22T23:14:02.697227,KXHIGHLAX-26MAR22-T75 (Market),0.99,MARKET_DATA,REAL
2026-03-22T23:14:02.697855,KXHIGHLAX (F),60.8,MARKET_DATA,REAL
2026-03-22T23:14:04.840929,KXHIGHCHI-26MAR22-T65 (Market),0.99,MARKET_DATA,REAL
2026-03-22T23:14:04.841852,KXHIGHCHI (F),33.8,MARKET_DATA,REAL
2026-03-22T23:14:07.023215,KXHIGHMIA-26MAR22-B81.5 (Market),0.99,MARKET_DATA,REAL
2026-03-22T23:14:07.023617,KXHIGHMIA (F),69.8,MARKET_DATA,REAL
2026-03-22T23:14:10.426278,BTC-USD (Coinbase),68140.8,MARKET_DATA,REAL
2026-03-22T23:14:10.485781,KXBTC15M-26MAR230015-15 (15m),0.996,MARKET_DATA,REAL
2026-03-22T23:14:12.194377,KXBTCD-26MAR2301-T68099.99 (1h),0.57,MARKET_DATA,REAL
2026-03-22T23:14:12.254993,KXBTCD-26MAR2301-T67899.99 (1h),0.9,MARKET_DATA,REAL
2026-03-22T23:14:12.322203,KXBTCD-26MAR2301-T68299.99 (1h),0.19,MARKET_DATA,REAL
2026-03-22T23:14:13.532286,KXHIGHNY-26MAR22-B62.5 (Market),0.99,MARKET_DATA,REAL
2026-03-22T23:14:13.532635,KXHIGHNY (F),50.0,MARKET_DATA,REAL
2026-03-22T23:14:15.659501,KXHIGHLAX-26MAR22-T75 (Market),0.99,MARKET_DATA,REAL
2026-03-22T23:14:15.660246,KXHIGHLAX (F),60.8,MARKET_DATA,REAL
2026-03-22T23:14:17.801197,KXHIGHCHI-26MAR22-T65 (Market),0.99,MARKET_DATA,REAL
2026-03-22T23:14:17.801698,KXHIGHCHI (F),33.8,MARKET_DATA,REAL
2026-03-22T23:14:19.985247,KXHIGHMIA-26MAR22-B81.5 (Market),0.99,MARKET_DATA,REAL
2026-03-22T23:14:19.985780,KXHIGHMIA (F),69.8,MARKET_DATA,REAL
2026-03-22T23:14:23.438315,BTC-USD (Coinbase),68140.93,MARKET_DATA,REAL
2026-03-22T23:14:23.590207,KXBTC15M-26MAR230015-15 (15m),0.998,MARKET_DATA,REAL
2026-03-22T23:14:25.295946,KXBTCD-26MAR2301-T68099.99 (1h),0.59,MARKET_DATA,REAL
2026-03-22T23:14:25.359015,KXBTCD-26MAR2301-T67899.99 (1h),0.91,MARKET_DATA,REAL
2026-03-22T23:14:25.423017,KXBTCD-26MAR2301-T68299.99 (1h),0.19,MARKET_DATA,REAL
2026-03-22T23:14:26.678037,KXHIGHNY-26MAR22-B62.5 (Market),0.99,MARKET_DATA,REAL
2026-03-22T23:14:26.678617,KXHIGHNY (F),50.0,MARKET_DATA,REAL
2026-03-22T23:14:28.860112,KXHIGHLAX-26MAR22-T75 (Market),0.99,MARKET_DATA,REAL
2026-03-22T23:14:28.861277,KXHIGHLAX (F),60.8,MARKET_DATA,REAL
2026-03-22T23:14:31.052133,KXHIGHCHI-26MAR22-T65 (Market),0.99,MARKET_DATA,REAL
2026-03-22T23:14:31.052825,KXHIGHCHI (F),33.8,MARKET_DATA,REAL
2026-03-22T23:14:33.243057,KXHIGHMIA-26MAR22-B81.5 (Market),0.99,MARKET_DATA,REAL
2026-03-22T23:14:33.243541,KXHIGHMIA (F),69.8,MARKET_DATA,REAL
2026-03-22T23:14:36.703762,BTC-USD (Coinbase),68131.98,MARKET_DATA,REAL
2026-03-22T23:14:36.765665,KXBTC15M-26MAR230015-15 (15m),0.999,MARKET_DATA,REAL
2026-03-22T23:14:38.434837,KXBTCD-26MAR2301-T68099.99 (1h),0.58,MARKET_DATA,REAL
2026-03-22T23:14:38.493524,KXBTCD-26MAR2301-T67899.99 (1h),0.91,MARKET_DATA,REAL
2026-03-22T23:14:38.555534,KXBTCD-26MAR2301-T68299.99 (1h),0.18,MARKET_DATA,REAL
2026-03-22T23:14:40.621098,KXHIGHNY-26MAR22-B62.5 (Market),0.99,MARKET_DATA,REAL
2026-03-22T23:14:40.622683,KXHIGHNY (F),50.0,MARKET_DATA,REAL
2026-03-22T23:14:43.746719,KXHIGHLAX-26MAR22-T75 (Market),0.99,MARKET_DATA,REAL
2026-03-22T23:14:43.747800,KXHIGHLAX (F),60.8,MARKET_DATA,REAL
2026-03-22T23:14:46.763254,KXHIGHCHI-26MAR22-T65 (Market),0.99,MARKET_DATA,REAL
2026-03-22T23:14:46.763746,KXHIGHCHI (F),33.8,MARKET_DATA,REAL
2026-03-22T23:14:49.712028,KXHIGHMIA-26MAR22-B81.5 (Market),0.99,MARKET_DATA,REAL
2026-03-22T23:14:49.712441,KXHIGHMIA (F),69.8,MARKET_DATA,REAL
2026-03-22T23:14:53.085520,BTC-USD (Coinbase),68140.8,MARKET_DATA,REAL
2026-03-22T23:14:53.146466,KXBTC15M-26MAR230015-15 (15m),0.999,MARKET_DATA,REAL
2026-03-22T23:14:55.330299,KXBTCD-26MAR2301-T68099.99 (1h),0.58,MARKET_DATA,REAL
2026-03-22T23:14:55.393842,KXBTCD-26MAR2301-T67899.99 (1h),0.91,MARKET_DATA,REAL
2026-03-22T23:14:55.460523,KXBTCD-26MAR2301-T68299.99 (1h),0.18,MARKET_DATA,REAL
2026-03-22T23:14:56.757354,KXHIGHNY-26MAR22-B62.5 (Market),0.99,MARKET_DATA,REAL
2026-03-22T23:14:56.758920,KXHIGHNY (F),50.0,MARKET_DATA,REAL
2026-03-22T23:14:58.847536,KXHIGHLAX-26MAR22-T75 (Market),0.99,MARKET_DATA,REAL
2026-03-22T23:14:58.847996,KXHIGHLAX (F),60.8,MARKET_DATA,REAL
2026-03-22T23:15:00.981147,KXHIGHCHI-26MAR22-T65 (Market),0.99,MARKET_DATA,REAL
2026-03-22T23:15:00.982004,KXHIGHCHI (F),33.8,MARKET_DATA,REAL
2026-03-22T23:15:03.140939,KXHIGHMIA-26MAR22-B81.5 (Market),0.99,MARKET_DATA,REAL
2026-03-22T23:15:03.142650,KXHIGHMIA (F),69.8,MARKET_DATA,REAL
2026-03-22T23:15:06.497921,BTC-USD (Coinbase),68151.89,MARKET_DATA,REAL
2026-03-22T23:15:06.562081,KXBTC15M-26MAR230015-15 (15m),0.999,MARKET_DATA,REAL
2026-03-22T23:15:08.346579,KXBTCD-26MAR2301-T68099.99 (1h),0.61,MARKET_DATA,REAL
2026-03-22T23:15:08.409055,KXBTCD-26MAR2301-T67899.99 (1h),0.92,MARKET_DATA,REAL
2026-03-22T23:15:08.472804,KXBTCD-26MAR2301-T68299.99 (1h),0.19,MARKET_DATA,REAL
2026-03-22T23:15:09.626281,KXHIGHNY-26MAR22-B62.5 (Market),0.99,MARKET_DATA,REAL
2026-03-22T23:15:09.627103,KXHIGHNY (F),50.0,MARKET_DATA,REAL
2026-03-22T23:15:11.826798,KXHIGHLAX-26MAR22-T75 (Market),0.99,MARKET_DATA,REAL
2026-03-22T23:15:11.827638,KXHIGHLAX (F),60.8,MARKET_DATA,REAL
2026-03-22T23:15:13.862974,KXHIGHCHI-26MAR22-T65 (Market),0.99,MARKET_DATA,REAL
2026-03-22T23:15:13.863395,KXHIGHCHI (F),33.8,MARKET_DATA,REAL
2026-03-22T23:15:15.977606,KXHIGHMIA-26MAR22-B81.5 (Market),0.99,MARKET_DATA,REAL
2026-03-22T23:15:15.978092,KXHIGHMIA (F),69.8,MARKET_DATA,REAL
2026-03-22T23:15:19.335987,BTC-USD (Coinbase),68144.96,MARKET_DATA,REAL
2026-03-22T23:15:19.395172,KXBTC15M-26MAR230015-15 (15m),1.0,MARKET_DATA,REAL
2026-03-22T23:15:21.032105,KXBTCD-26MAR2301-T68099.99 (1h),0.59,MARKET_DATA,REAL
2026-03-22T23:15:21.136062,KXBTCD-26MAR2301-T67899.99 (1h),0.92,MARKET_DATA,REAL
2026-03-22T23:15:21.198404,KXBTCD-26MAR2301-T68299.99 (1h),0.17,MARKET_DATA,REAL
2026-03-22T23:15:22.450849,KXHIGHNY-26MAR22-B62.5 (Market),0.99,MARKET_DATA,REAL
2026-03-22T23:15:22.451283,KXHIGHNY (F),50.0,MARKET_DATA,REAL
2026-03-22T23:15:24.480902,KXHIGHLAX-26MAR22-T75 (Market),0.99,MARKET_DATA,REAL
2026-03-22T23:15:24.481352,KXHIGHLAX (F),60.8,MARKET_DATA,REAL
2026-03-22T23:15:26.535255,KXHIGHCHI-26MAR22-T65 (Market),0.99,MARKET_DATA,REAL
2026-03-22T23:15:26.535705,KXHIGHCHI (F),33.8,MARKET_DATA,REAL
2026-03-22T23:15:28.640290,KXHIGHMIA-26MAR22-B81.5 (Market),0.99,MARKET_DATA,REAL
2026-03-22T23:15:28.640723,KXHIGHMIA (F),69.8,MARKET_DATA,REAL
2026-03-22T23:15:32.056113,BTC-USD (Coinbase),68137.66,MARKET_DATA,REAL
2026-03-22T23:15:32.185954,KXBTC15M-26MAR230030-30 (15m),0.49,MARKET_DATA,REAL
2026-03-22T23:15:33.820610,KXBTCD-26MAR2301-T68099.99 (1h),0.57,MARKET_DATA,REAL
2026-03-22T23:15:33.925873,KXBTCD-26MAR2301-T67899.99 (1h),0.91,MARKET_DATA,REAL
2026-03-22T23:15:33.984523,KXBTCD-26MAR2301-T68299.99 (1h),0.18,MARKET_DATA,REAL
2026-03-22T23:15:35.166726,KXHIGHNY-26MAR22-B62.5 (Market),0.99,MARKET_DATA,REAL
2026-03-22T23:15:35.167981,KXHIGHNY (F),50.0,MARKET_DATA,REAL
2026-03-22T23:15:37.383415,KXHIGHLAX-26MAR22-T75 (Market),0.99,MARKET_DATA,REAL
2026-03-22T23:15:37.385232,KXHIGHLAX (F),60.8,MARKET_DATA,REAL
2026-03-22T23:15:39.668530,KXHIGHCHI-26MAR22-T65 (Market),0.99,MARKET_DATA,REAL
2026-03-22T23:15:39.669207,KXHIGHCHI (F),33.8,MARKET_DATA,REAL
2026-03-22T23:15:42.102513,KXHIGHMIA-26MAR22-B81.5 (Market),0.99,MARKET_DATA,REAL
2026-03-22T23:15:42.103179,KXHIGHMIA (F),69.8,MARKET_DATA,REAL
2026-03-22T23:15:45.548986,BTC-USD (Coinbase),68134.51,MARKET_DATA,REAL
2026-03-22T23:15:45.610735,KXBTC15M-26MAR230030-30 (15m),0.49,MARKET_DATA,REAL
2026-03-22T23:15:47.417297,KXBTCD-26MAR2301-T68099.99 (1h),0.58,MARKET_DATA,REAL
2026-03-22T23:15:47.477185,KXBTCD-26MAR2301-T67899.99 (1h),0.91,MARKET_DATA,REAL
2026-03-22T23:15:47.536971,KXBTCD-26MAR2301-T68299.99 (1h),0.18,MARKET_DATA,REAL
2026-03-22T23:15:49.743657,KXHIGHNY-26MAR22-B62.5 (Market),0.99,MARKET_DATA,REAL
2026-03-22T23:15:49.744196,KXHIGHNY (F),50.0,MARKET_DATA,REAL
2026-03-22T23:15:52.832168,KXHIGHLAX-26MAR22-T75 (Market),0.99,MARKET_DATA,REAL
2026-03-22T23:15:52.832591,KXHIGHLAX (F),60.8,MARKET_DATA,REAL
2026-03-22T23:15:55.908774,KXHIGHCHI-26MAR22-T65 (Market),0.99,MARKET_DATA,REAL
2026-03-22T23:15:55.909220,KXHIGHCHI (F),33.8,MARKET_DATA,REAL
2026-03-22T23:15:59.060335,KXHIGHMIA-26MAR22-B81.5 (Market),0.99,MARKET_DATA,REAL
2026-03-22T23:15:59.061289,KXHIGHMIA (F),69.8,MARKET_DATA,REAL
2026-03-22T23:16:02.419636,BTC-USD (Coinbase),68133.99,MARKET_DATA,REAL
2026-03-22T23:16:02.480953,KXBTC15M-26MAR230030-30 (15m),0.44,MARKET_DATA,REAL
2026-03-22T23:16:04.214988,KXBTCD-26MAR2301-T68099.99 (1h),0.58,MARKET_DATA,REAL
2026-03-22T23:16:04.278528,KXBTCD-26MAR2301-T67899.99 (1h),0.9,MARKET_DATA,REAL
2026-03-22T23:16:04.345577,KXBTCD-26MAR2301-T68299.99 (1h),0.17,MARKET_DATA,REAL
2026-03-22T23:16:05.511853,KXHIGHNY-26MAR22-B62.5 (Market),0.99,MARKET_DATA,REAL
2026-03-22T23:16:05.512316,KXHIGHNY (F),50.0,MARKET_DATA,REAL
2026-03-22T23:16:07.599050,KXHIGHLAX-26MAR22-T75 (Market),0.99,MARKET_DATA,REAL
2026-03-22T23:16:07.599440,KXHIGHLAX (F),60.8,MARKET_DATA,REAL
2026-03-22T23:16:09.715531,KXHIGHCHI-26MAR22-T65 (Market),0.99,MARKET_DATA,REAL
2026-03-22T23:16:09.716306,KXHIGHCHI (F),33.8,MARKET_DATA,REAL
2026-03-22T23:16:11.782058,KXHIGHMIA-26MAR22-B81.5 (Market),0.99,MARKET_DATA,REAL
2026-03-22T23:16:11.783183,KXHIGHMIA (F),69.8,MARKET_DATA,REAL
2026-03-22T23:16:15.118545,BTC-USD (Coinbase),68138.61,MARKET_DATA,REAL
2026-03-22T23:16:15.176793,KXBTC15M-26MAR230030-30 (15m),0.47,MARKET_DATA,REAL
2026-03-22T23:16:16.800341,KXBTCD-26MAR2301-T68099.99 (1h),0.57,MARKET_DATA,REAL
2026-03-22T23:16:16.859977,KXBTCD-26MAR2301-T67899.99 (1h),0.91,MARKET_DATA,REAL
2026-03-22T23:16:16.917835,KXBTCD-26MAR2301-T68299.99 (1h),0.17,MARKET_DATA,REAL
2026-03-22T23:16:18.026903,KXHIGHNY-26MAR22-B62.5 (Market),0.99,MARKET_DATA,REAL
2026-03-22T23:16:18.027357,KXHIGHNY (F),50.0,MARKET_DATA,REAL
2026-03-22T23:16:20.208264,KXHIGHLAX-26MAR22-T75 (Market),0.99,MARKET_DATA,REAL
2026-03-22T23:16:20.208933,KXHIGHLAX (F),60.8,MARKET_DATA,REAL
2026-03-22T23:16:22.311709,KXHIGHCHI-26MAR22-T65 (Market),0.99,MARKET_DATA,REAL
2026-03-22T23:16:22.312068,KXHIGHCHI (F),33.8,MARKET_DATA,REAL
2026-03-22T23:16:24.412843,KXHIGHMIA-26MAR22-B81.5 (Market),0.99,MARKET_DATA,REAL
2026-03-22T23:16:24.413264,KXHIGHMIA (F),69.8,MARKET_DATA,REAL
2026-03-22T23:16:27.745101,BTC-USD (Coinbase),68151.9,MARKET_DATA,REAL
2026-03-22T23:16:27.801705,KXBTC15M-26MAR230030-30 (15m),0.56,MARKET_DATA,REAL
2026-03-22T23:16:29.537641,KXBTCD-26MAR2301-T68199.99 (1h),0.4,MARKET_DATA,REAL
2026-03-22T23:16:29.611668,KXBTCD-26MAR2301-T67999.99 (1h),0.82,MARKET_DATA,REAL
2026-03-22T23:16:29.669364,KXBTCD-26MAR2301-T68399.99 (1h),0.09,MARKET_DATA,REAL
2026-03-22T23:16:31.081581,KXHIGHNY-26MAR22-B62.5 (Market),0.99,MARKET_DATA,REAL
2026-03-22T23:16:31.082218,KXHIGHNY (F),50.0,MARKET_DATA,REAL
2026-03-22T23:16:33.267982,KXHIGHLAX-26MAR22-T75 (Market),0.99,MARKET_DATA,REAL
2026-03-22T23:16:33.268546,KXHIGHLAX (F),60.8,MARKET_DATA,REAL
2026-03-22T23:16:35.661736,KXHIGHCHI-26MAR22-T65 (Market),0.99,MARKET_DATA,REAL
2026-03-22T23:16:35.662182,KXHIGHCHI (F),33.8,MARKET_DATA,REAL
2026-03-22T23:16:37.988927,KXHIGHMIA-26MAR22-B81.5 (Market),0.99,MARKET_DATA,REAL
2026-03-22T23:16:37.989832,KXHIGHMIA (F),69.8,MARKET_DATA,REAL
2026-03-22T23:16:41.439313,BTC-USD (Coinbase),68177.99,MARKET_DATA,REAL
2026-03-22T23:16:41.557125,KXBTC15M-26MAR230030-30 (15m),0.62,MARKET_DATA,REAL
2026-03-22T23:16:43.453934,KXBTCD-26MAR2301-T68199.99 (1h),0.43,MARKET_DATA,REAL
2026-03-22T23:16:43.515015,KXBTCD-26MAR2301-T67999.99 (1h),0.85,MARKET_DATA,REAL
2026-03-22T23:16:43.578287,KXBTCD-26MAR2301-T68399.99 (1h),0.1,MARKET_DATA,REAL
2026-03-22T23:16:44.994487,KXHIGHNY-26MAR22-B62.5 (Market),0.99,MARKET_DATA,REAL
2026-03-22T23:16:44.995918,KXHIGHNY (F),50.0,MARKET_DATA,REAL
2026-03-22T23:16:47.336009,KXHIGHLAX-26MAR22-T75 (Market),0.99,MARKET_DATA,REAL
2026-03-22T23:16:47.336822,KXHIGHLAX (F),60.8,MARKET_DATA,REAL
2026-03-22T23:16:49.565114,KXHIGHCHI-26MAR22-T65 (Market),0.99,MARKET_DATA,REAL
2026-03-22T23:16:49.565509,KXHIGHCHI (F),33.8,MARKET_DATA,REAL
2026-03-22T23:16:51.814030,KXHIGHMIA-26MAR22-B81.5 (Market),0.99,MARKET_DATA,REAL
2026-03-22T23:16:51.814396,KXHIGHMIA (F),69.8,MARKET_DATA,REAL
2026-03-22T23:16:55.190698,BTC-USD (Coinbase),68191.21,MARKET_DATA,REAL
2026-03-22T23:16:55.251170,KXBTC15M-26MAR230030-30 (15m),0.65,MARKET_DATA,REAL
2026-03-22T23:16:56.874247,KXBTCD-26MAR2301-T68199.99 (1h),0.48,MARKET_DATA,REAL
2026-03-22T23:16:56.937449,KXBTCD-26MAR2301-T67999.99 (1h),0.87,MARKET_DATA,REAL
2026-03-22T23:16:56.996746,KXBTCD-26MAR2301-T68399.99 (1h),0.1,MARKET_DATA,REAL
2026-03-22T23:16:59.060360,KXHIGHNY-26MAR22-B62.5 (Market),0.99,MARKET_DATA,REAL
2026-03-22T23:16:59.061644,KXHIGHNY (F),50.0,MARKET_DATA,REAL
2026-03-22T23:17:02.044697,KXHIGHLAX-26MAR22-T75 (Market),0.99,MARKET_DATA,REAL
2026-03-22T23:17:02.045097,KXHIGHLAX (F),60.8,MARKET_DATA,REAL
2026-03-22T23:17:05.136149,KXHIGHCHI-26MAR22-T65 (Market),0.99,MARKET_DATA,REAL
2026-03-22T23:17:05.136672,KXHIGHCHI (F),33.8,MARKET_DATA,REAL
2026-03-22T23:17:08.079569,KXHIGHMIA-26MAR22-B81.5 (Market),0.99,MARKET_DATA,REAL
2026-03-22T23:17:08.080138,KXHIGHMIA (F),69.8,MARKET_DATA,REAL
2026-03-22T23:17:11.479083,BTC-USD (Coinbase),68175.46,MARKET_DATA,REAL
2026-03-22T23:17:11.538133,KXBTC15M-26MAR230030-30 (15m),0.62,MARKET_DATA,REAL
2026-03-22T23:17:13.354143,KXBTCD-26MAR2301-T68199.99 (1h),0.47,MARKET_DATA,REAL
2026-03-22T23:17:13.413792,KXBTCD-26MAR2301-T67999.99 (1h),0.87,MARKET_DATA,REAL
2026-03-22T23:17:13.477463,KXBTCD-26MAR2301-T68399.99 (1h),0.1,MARKET_DATA,REAL
2026-03-22T23:17:14.859786,KXHIGHNY-26MAR22-B62.5 (Market),0.99,MARKET_DATA,REAL
2026-03-22T23:17:14.860438,KXHIGHNY (F),50.0,MARKET_DATA,REAL
2026-03-22T23:17:17.214995,KXHIGHLAX-26MAR22-T75 (Market),0.99,MARKET_DATA,REAL
2026-03-22T23:17:17.215433,KXHIGHLAX (F),60.8,MARKET_DATA,REAL
2026-03-22T23:17:19.586273,KXHIGHCHI-26MAR22-T65 (Market),0.99,MARKET_DATA,REAL
2026-03-22T23:17:19.586981,KXHIGHCHI (F),33.8,MARKET_DATA,REAL
2026-03-22T23:17:21.972977,KXHIGHMIA-26MAR22-B81.5 (Market),0.99,MARKET_DATA,REAL
2026-03-22T23:17:21.973950,KXHIGHMIA (F),69.8,MARKET_DATA,REAL
2026-03-22T23:17:25.358514,BTC-USD (Coinbase),68171.6,MARKET_DATA,REAL
2026-03-22T23:17:25.422145,KXBTC15M-26MAR230030-30 (15m),0.62,MARKET_DATA,REAL
2026-03-22T23:17:27.125339,KXBTCD-26MAR2301-T68199.99 (1h),0.43,MARKET_DATA,REAL
2026-03-22T23:17:27.183083,KXBTCD-26MAR2301-T67999.99 (1h),0.85,MARKET_DATA,REAL
2026-03-22T23:17:27.242661,KXBTCD-26MAR2301-T68399.99 (1h),0.1,MARKET_DATA,REAL
2026-03-22T23:17:28.450409,KXHIGHNY-26MAR22-B62.5 (Market),0.99,MARKET_DATA,REAL
2026-03-22T23:17:28.450857,KXHIGHNY (F),50.0,MARKET_DATA,REAL
2026-03-22T23:17:30.698558,KXHIGHLAX-26MAR22-T75 (Market),0.99,MARKET_DATA,REAL
2026-03-22T23:17:30.699637,KXHIGHLAX (F),60.8,MARKET_DATA,REAL
2026-03-22T23:17:32.841228,KXHIGHCHI-26MAR22-T65 (Market),0.99,MARKET_DATA,REAL
2026-03-22T23:17:32.841660,KXHIGHCHI (F),33.8,MARKET_DATA,REAL
2026-03-22T23:17:35.038919,KXHIGHMIA-26MAR22-B81.5 (Market),0.99,MARKET_DATA,REAL
2026-03-22T23:17:35.039328,KXHIGHMIA (F),69.8,MARKET_DATA,REAL
2026-03-22T23:17:38.401716,BTC-USD (Coinbase),68169.56,MARKET_DATA,REAL
2026-03-22T23:17:38.458918,KXBTC15M-26MAR230030-30 (15m),0.68,MARKET_DATA,REAL
2026-03-22T23:17:40.306800,KXBTCD-26MAR2301-T68199.99 (1h),0.42,MARKET_DATA,REAL
2026-03-22T23:17:40.369445,KXBTCD-26MAR2301-T67999.99 (1h),0.86,MARKET_DATA,REAL
2026-03-22T23:17:40.428289,KXBTCD-26MAR2301-T68399.99 (1h),0.1,MARKET_DATA,REAL
2026-03-22T23:17:41.643476,KXHIGHNY-26MAR22-B62.5 (Market),0.99,MARKET_DATA,REAL
2026-03-22T23:17:41.644564,KXHIGHNY (F),50.0,MARKET_DATA,REAL
2026-03-22T23:17:43.833255,KXHIGHLAX-26MAR22-T75 (Market),0.99,MARKET_DATA,REAL
2026-03-22T23:17:43.833745,KXHIGHLAX (F),60.8,MARKET_DATA,REAL
2026-03-22T23:17:46.040028,KXHIGHCHI-26MAR22-T65 (Market),0.99,MARKET_DATA,REAL
2026-03-22T23:17:46.040387,KXHIGHCHI (F),33.8,MARKET_DATA,REAL
2026-03-22T23:17:48.283088,KXHIGHMIA-26MAR22-B81.5 (Market),0.99,MARKET_DATA,REAL
2026-03-22T23:17:48.283461,KXHIGHMIA (F),69.8,MARKET_DATA,REAL
2026-03-22T23:17:51.688275,BTC-USD (Coinbase),68162.76,MARKET_DATA,REAL
2026-03-22T23:17:51.818941,KXBTC15M-26MAR230030-30 (15m),0.59,MARKET_DATA,REAL
2026-03-22T23:17:53.559407,KXBTCD-26MAR2301-T68199.99 (1h),0.42,MARKET_DATA,REAL
2026-03-22T23:17:53.620410,KXBTCD-26MAR2301-T67999.99 (1h),0.84,MARKET_DATA,REAL
2026-03-22T23:17:53.687241,KXBTCD-26MAR2301-T68399.99 (1h),0.1,MARKET_DATA,REAL
2026-03-22T23:17:54.958756,KXHIGHNY-26MAR22-B62.5 (Market),0.99,MARKET_DATA,REAL
2026-03-22T23:17:54.960008,KXHIGHNY (F),50.0,MARKET_DATA,REAL
2026-03-22T23:17:57.165911,KXHIGHLAX-26MAR22-T75 (Market),0.99,MARKET_DATA,REAL
2026-03-22T23:17:57.166224,KXHIGHLAX (F),60.8,MARKET_DATA,REAL
2026-03-22T23:17:59.559431,KXHIGHCHI-26MAR22-T65 (Market),0.99,MARKET_DATA,REAL
2026-03-22T23:17:59.560673,KXHIGHCHI (F),33.8,MARKET_DATA,REAL
2026-03-22T23:18:01.728323,KXHIGHMIA-26MAR22-B81.5 (Market),0.99,MARKET_DATA,REAL
2026-03-22T23:18:01.729138,KXHIGHMIA (F),69.8,MARKET_DATA,REAL
2026-03-22T23:18:05.098359,BTC-USD (Coinbase),68156.41,MARKET_DATA,REAL
2026-03-22T23:18:05.162568,KXBTC15M-26MAR230030-30 (15m),0.55,MARKET_DATA,REAL
2026-03-22T23:18:06.844250,KXBTCD-26MAR2301-T68199.99 (1h),0.4,MARKET_DATA,REAL
2026-03-22T23:18:06.907933,KXBTCD-26MAR2301-T67999.99 (1h),0.81,MARKET_DATA,REAL
2026-03-22T23:18:06.971313,KXBTCD-26MAR2301-T68399.99 (1h),0.09,MARKET_DATA,REAL
2026-03-22T23:18:09.059117,KXHIGHNY-26MAR22-B62.5 (Market),0.99,MARKET_DATA,REAL
2026-03-22T23:18:09.059811,KXHIGHNY (F),50.0,MARKET_DATA,REAL
2026-03-22T23:18:12.130048,KXHIGHLAX-26MAR22-T75 (Market),0.99,MARKET_DATA,REAL
2026-03-22T23:18:12.131388,KXHIGHLAX (F),60.8,MARKET_DATA,REAL
2026-03-22T23:18:15.161522,KXHIGHCHI-26MAR22-T65 (Market),0.99,MARKET_DATA,REAL
2026-03-22T23:18:15.162485,KXHIGHCHI (F),33.8,MARKET_DATA,REAL
2026-03-22T23:18:18.257172,KXHIGHMIA-26MAR22-B81.5 (Market),0.99,MARKET_DATA,REAL
2026-03-22T23:18:18.258702,KXHIGHMIA (F),69.8,MARKET_DATA,REAL
2026-03-22T23:18:21.617423,BTC-USD (Coinbase),68140.11,MARKET_DATA,REAL
2026-03-22T23:18:21.726238,KXBTC15M-26MAR230030-30 (15m),0.5,MARKET_DATA,REAL
2026-03-22T23:18:23.402708,KXBTCD-26MAR2301-T68199.99 (1h),0.38,MARKET_DATA,REAL
2026-03-22T23:18:23.468236,KXBTCD-26MAR2301-T67999.99 (1h),0.81,MARKET_DATA,REAL
2026-03-22T23:18:23.531836,KXBTCD-26MAR2301-T68399.99 (1h),0.09,MARKET_DATA,REAL
2026-03-22T23:18:24.776861,KXHIGHNY-26MAR22-B62.5 (Market),0.99,MARKET_DATA,REAL
2026-03-22T23:18:24.777364,KXHIGHNY (F),50.0,MARKET_DATA,REAL
2026-03-22T23:18:26.964783,KXHIGHLAX-26MAR22-T75 (Market),0.99,MARKET_DATA,REAL
2026-03-22T23:18:26.965415,KXHIGHLAX (F),60.8,MARKET_DATA,REAL
2026-03-22T23:18:29.115507,KXHIGHCHI-26MAR22-T65 (Market),0.99,MARKET_DATA,REAL
2026-03-22T23:18:29.117138,KXHIGHCHI (F),33.8,MARKET_DATA,REAL
2026-03-22T23:18:31.293330,KXHIGHMIA-26MAR22-B81.5 (Market),0.99,MARKET_DATA,REAL
2026-03-22T23:18:31.293686,KXHIGHMIA (F),69.8,MARKET_DATA,REAL
2026-03-22T23:18:34.664946,BTC-USD (Coinbase),68128.2,MARKET_DATA,REAL
2026-03-22T23:18:34.728673,KXBTC15M-26MAR230030-30 (15m),0.51,MARKET_DATA,REAL
2026-03-22T23:18:36.343937,KXBTCD-26MAR2301-T68099.99 (1h),0.58,MARKET_DATA,REAL
2026-03-22T23:18:36.402957,KXBTCD-26MAR2301-T67899.99 (1h),0.91,MARKET_DATA,REAL
2026-03-22T23:18:36.467708,KXBTCD-26MAR2301-T68299.99 (1h),0.2,MARKET_DATA,REAL
2026-03-22T23:18:36.546958,KXBTCD-26MAR2301-T68099.99,0.5700000000000001,SIGNAL_BUY,EXECUTED
2026-03-22T23:18:37.663485,KXHIGHNY-26MAR22-B62.5 (Market),0.99,MARKET_DATA,REAL
2026-03-22T23:18:37.664137,KXHIGHNY (F),50.0,MARKET_DATA,REAL
2026-03-22T23:18:39.875223,KXHIGHLAX-26MAR22-T75 (Market),0.99,MARKET_DATA,REAL
2026-03-22T23:18:39.876125,KXHIGHLAX (F),60.8,MARKET_DATA,REAL
2026-03-22T23:18:42.005780,KXHIGHCHI-26MAR22-T65 (Market),0.99,MARKET_DATA,REAL
2026-03-22T23:18:42.006268,KXHIGHCHI (F),33.8,MARKET_DATA,REAL
2026-03-22T23:18:44.117649,KXHIGHMIA-26MAR22-B81.5 (Market),0.99,MARKET_DATA,REAL
2026-03-22T23:18:44.118609,KXHIGHMIA (F),69.8,MARKET_DATA,REAL
2026-03-22T23:18:47.588393,BTC-USD (Coinbase),68114.08,MARKET_DATA,REAL
2026-03-22T23:18:47.672795,KXBTC15M-26MAR230030-30 (15m),0.4,MARKET_DATA,REAL
2026-03-22T23:18:49.366197,KXBTCD-26MAR2301-T68099.99 (1h),0.51,MARKET_DATA,REAL
2026-03-22T23:18:49.427782,KXBTCD-26MAR2301-T67899.99 (1h),0.88,MARKET_DATA,REAL
2026-03-22T23:18:49.490290,KXBTCD-26MAR2301-T68299.99 (1h),0.15,MARKET_DATA,REAL
2026-03-22T23:18:50.744579,KXHIGHNY-26MAR22-B62.5 (Market),0.99,MARKET_DATA,REAL
2026-03-22T23:18:50.745058,KXHIGHNY (F),50.0,MARKET_DATA,REAL
2026-03-22T23:18:52.910227,KXHIGHLAX-26MAR22-T75 (Market),0.99,MARKET_DATA,REAL
2026-03-22T23:18:52.911268,KXHIGHLAX (F),60.8,MARKET_DATA,REAL
2026-03-22T23:18:55.135266,KXHIGHCHI-26MAR22-T65 (Market),0.99,MARKET_DATA,REAL
2026-03-22T23:18:55.136121,KXHIGHCHI (F),33.8,MARKET_DATA,REAL
2026-03-22T23:18:57.303891,KXHIGHMIA-26MAR22-B81.5 (Market),0.99,MARKET_DATA,REAL
2026-03-22T23:18:57.304949,KXHIGHMIA (F),69.8,MARKET_DATA,REAL
2026-03-22T23:19:00.895684,BTC-USD (Coinbase),68103.01,MARKET_DATA,REAL
2026-03-22T23:19:01.013399,KXBTC15M-26MAR230030-30 (15m),0.36,MARKET_DATA,REAL
2026-03-22T23:19:02.776881,KXBTCD-26MAR2301-T68099.99 (1h),0.49,MARKET_DATA,REAL
2026-03-22T23:19:02.842353,KXBTCD-26MAR2301-T67899.99 (1h),0.88,MARKET_DATA,REAL
2026-03-22T23:19:02.902516,KXBTCD-26MAR2301-T68299.99 (1h),0.15,MARKET_DATA,REAL
2026-03-22T23:19:04.067550,KXHIGHNY-26MAR22-B62.5 (Market),0.99,MARKET_DATA,REAL
2026-03-22T23:19:04.068891,KXHIGHNY (F),50.0,MARKET_DATA,REAL
2026-03-22T23:19:06.276258,KXHIGHLAX-26MAR22-T75 (Market),0.99,MARKET_DATA,REAL
2026-03-22T23:19:06.276793,KXHIGHLAX (F),60.8,MARKET_DATA,REAL
2026-03-22T23:19:08.414488,KXHIGHCHI-26MAR22-T65 (Market),0.99,MARKET_DATA,REAL
2026-03-22T23:19:08.415147,KXHIGHCHI (F),33.8,MARKET_DATA,REAL
2026-03-22T23:19:10.597564,KXHIGHMIA-26MAR22-B81.5 (Market),0.99,MARKET_DATA,REAL
2026-03-22T23:19:10.598486,KXHIGHMIA (F),69.8,MARKET_DATA,REAL
2026-03-22T23:19:14.013229,BTC-USD (Coinbase),68115.7,MARKET_DATA,REAL
2026-03-22T23:19:14.075578,KXBTC15M-26MAR230030-30 (15m),0.39,MARKET_DATA,REAL
2026-03-22T23:19:15.841691,KXBTCD-26MAR2301-T68099.99 (1h),0.51,MARKET_DATA,REAL
2026-03-22T23:19:15.903047,KXBTCD-26MAR2301-T67899.99 (1h),0.89,MARKET_DATA,REAL
2026-03-22T23:19:15.964886,KXBTCD-26MAR2301-T68299.99 (1h),0.15,MARKET_DATA,REAL
2026-03-22T23:19:18.016467,KXHIGHNY-26MAR22-B62.5 (Market),0.99,MARKET_DATA,REAL
2026-03-22T23:19:18.016851,KXHIGHNY (F),50.0,MARKET_DATA,REAL
2026-03-22T23:19:21.011387,KXHIGHLAX-26MAR22-T75 (Market),0.99,MARKET_DATA,REAL
2026-03-22T23:19:21.011793,KXHIGHLAX (F),60.8,MARKET_DATA,REAL
2026-03-22T23:19:23.986368,KXHIGHCHI-26MAR22-T65 (Market),0.99,MARKET_DATA,REAL
2026-03-22T23:19:23.987588,KXHIGHCHI (F),33.8,MARKET_DATA,REAL
2026-03-22T23:19:26.971946,KXHIGHMIA-26MAR22-B81.5 (Market),0.99,MARKET_DATA,REAL
2026-03-22T23:19:26.972446,KXHIGHMIA (F),69.8,MARKET_DATA,REAL
2026-03-22T23:19:30.393596,BTC-USD (Coinbase),68147.42,MARKET_DATA,REAL
2026-03-22T23:19:30.495119,KXBTC15M-26MAR230030-30 (15m),0.54,MARKET_DATA,REAL
2026-03-22T23:19:32.206763,KXBTCD-26MAR2301-T68099.99 (1h),0.56,MARKET_DATA,REAL
2026-03-22T23:19:32.270629,KXBTCD-26MAR2301-T67899.99 (1h),0.91,MARKET_DATA,REAL
2026-03-22T23:19:32.334338,KXBTCD-26MAR2301-T68299.99 (1h),0.17,MARKET_DATA,REAL
2026-03-22T23:19:33.554532,KXHIGHNY-26MAR22-B62.5 (Market),0.99,MARKET_DATA,REAL
2026-03-22T23:19:33.555837,KXHIGHNY (F),50.0,MARKET_DATA,REAL
2026-03-22T23:19:35.665082,KXHIGHLAX-26MAR22-T75 (Market),0.99,MARKET_DATA,REAL
2026-03-22T23:19:35.666756,KXHIGHLAX (F),60.8,MARKET_DATA,REAL
2026-03-22T23:19:37.830757,KXHIGHCHI-26MAR22-T65 (Market),0.99,MARKET_DATA,REAL
2026-03-22T23:19:37.831219,KXHIGHCHI (F),33.8,MARKET_DATA,REAL
2026-03-22T23:19:39.982858,KXHIGHMIA-26MAR22-B81.5 (Market),0.99,MARKET_DATA,REAL
2026-03-22T23:19:39.983805,KXHIGHMIA (F),69.8,MARKET_DATA,REAL
2026-03-22T23:19:43.413480,BTC-USD (Coinbase),68151.35,MARKET_DATA,REAL
2026-03-22T23:19:43.476539,KXBTC15M-26MAR230030-30 (15m),0.54,MARKET_DATA,REAL
2026-03-22T23:19:45.200368,KXBTCD-26MAR2301-T68199.99 (1h),0.37,MARKET_DATA,REAL
2026-03-22T23:19:45.310338,KXBTCD-26MAR2301-T67999.99 (1h),0.79,MARKET_DATA,REAL
2026-03-22T23:19:45.375020,KXBTCD-26MAR2301-T68399.99 (1h),0.09,MARKET_DATA,REAL
2026-03-22T23:19:46.586571,KXHIGHNY-26MAR22-B62.5 (Market),0.99,MARKET_DATA,REAL
2026-03-22T23:19:46.587503,KXHIGHNY (F),50.0,MARKET_DATA,REAL
2026-03-22T23:19:48.769695,KXHIGHLAX-26MAR22-T75 (Market),0.99,MARKET_DATA,REAL
2026-03-22T23:19:48.770783,KXHIGHLAX (F),60.8,MARKET_DATA,REAL
2026-03-22T23:19:50.879547,KXHIGHCHI-26MAR22-T65 (Market),0.99,MARKET_DATA,REAL
2026-03-22T23:19:50.880245,KXHIGHCHI (F),33.8,MARKET_DATA,REAL
2026-03-22T23:19:53.034565,KXHIGHMIA-26MAR22-B81.5 (Market),0.99,MARKET_DATA,REAL
2026-03-22T23:19:53.035412,KXHIGHMIA (F),69.8,MARKET_DATA,REAL
2026-03-22T23:19:56.544807,BTC-USD (Coinbase),68159.75,MARKET_DATA,REAL
2026-03-22T23:19:56.610639,KXBTC15M-26MAR230030-30 (15m),0.54,MARKET_DATA,REAL
2026-03-22T23:19:58.347451,KXBTCD-26MAR2301-T68199.99 (1h),0.37,MARKET_DATA,REAL
2026-03-22T23:19:58.409750,KXBTCD-26MAR2301-T67999.99 (1h),0.79,MARKET_DATA,REAL
2026-03-22T23:19:58.469879,KXBTCD-26MAR2301-T68399.99 (1h),0.09,MARKET_DATA,REAL
2026-03-22T23:19:59.720940,KXHIGHNY-26MAR22-B62.5 (Market),0.99,MARKET_DATA,REAL
2026-03-22T23:19:59.722470,KXHIGHNY (F),50.0,MARKET_DATA,REAL
2026-03-22T23:20:01.882188,KXHIGHLAX-26MAR22-T75 (Market),0.99,MARKET_DATA,REAL
2026-03-22T23:20:01.882700,KXHIGHLAX (F),60.8,MARKET_DATA,REAL
2026-03-22T23:20:04.122677,KXHIGHCHI-26MAR22-T65 (Market),0.99,MARKET_DATA,REAL
2026-03-22T23:20:04.123124,KXHIGHCHI (F),33.8,MARKET_DATA,REAL
2026-03-22T23:20:06.317106,KXHIGHMIA-26MAR22-B81.5 (Market),0.99,MARKET_DATA,REAL
2026-03-22T23:20:06.317610,KXHIGHMIA (F),69.8,MARKET_DATA,REAL
2026-03-22T23:20:09.758838,BTC-USD (Coinbase),68159.75,MARKET_DATA,REAL
2026-03-22T23:20:09.873288,KXBTC15M-26MAR230030-30 (15m),0.57,MARKET_DATA,REAL
2026-03-22T23:20:11.457917,KXBTCD-26MAR2301-T68199.99 (1h),0.4,MARKET_DATA,REAL
2026-03-22T23:20:11.517069,KXBTCD-26MAR2301-T67999.99 (1h),0.79,MARKET_DATA,REAL
2026-03-22T23:20:11.577539,KXBTCD-26MAR2301-T68399.99 (1h),0.09,MARKET_DATA,REAL
2026-03-22T23:20:12.720364,KXHIGHNY-26MAR22-B62.5 (Market),0.99,MARKET_DATA,REAL
2026-03-22T23:20:12.720784,KXHIGHNY (F),50.0,MARKET_DATA,REAL
2026-03-22T23:20:14.794139,KXHIGHLAX-26MAR22-T75 (Market),0.99,MARKET_DATA,REAL
2026-03-22T23:20:14.794794,KXHIGHLAX (F),60.8,MARKET_DATA,REAL
2026-03-22T23:20:17.017523,KXHIGHCHI-26MAR22-T65 (Market),0.99,MARKET_DATA,REAL
2026-03-22T23:20:17.017997,KXHIGHCHI (F),33.8,MARKET_DATA,REAL
2026-03-22T23:20:19.150122,KXHIGHMIA-26MAR22-B81.5 (Market),0.99,MARKET_DATA,REAL
2026-03-22T23:20:19.150565,KXHIGHMIA (F),69.8,MARKET_DATA,REAL
2026-03-22T23:20:22.600896,BTC-USD (Coinbase),68175.14,MARKET_DATA,REAL
2026-03-22T23:20:22.658624,KXBTC15M-26MAR230030-30 (15m),0.65,MARKET_DATA,REAL
2026-03-22T23:20:24.344316,KXBTCD-26MAR2301-T68199.99 (1h),0.43,MARKET_DATA,REAL
2026-03-22T23:20:24.404448,KXBTCD-26MAR2301-T67999.99 (1h),0.79,MARKET_DATA,REAL
2026-03-22T23:20:24.484497,KXBTCD-26MAR2301-T68399.99 (1h),0.11,MARKET_DATA,REAL
2026-03-22T23:20:26.667651,KXHIGHNY-26MAR22-B62.5 (Market),0.99,MARKET_DATA,REAL
2026-03-22T23:20:26.670462,KXHIGHNY (F),50.0,MARKET_DATA,REAL
2026-03-22T23:20:29.953448,KXHIGHLAX-26MAR22-T75 (Market),0.99,MARKET_DATA,REAL
2026-03-22T23:20:29.954219,KXHIGHLAX (F),60.8,MARKET_DATA,REAL
2026-03-22T23:20:33.011496,KXHIGHCHI-26MAR22-T65 (Market),0.99,MARKET_DATA,REAL
2026-03-22T23:20:33.012327,KXHIGHCHI (F),33.8,MARKET_DATA,REAL
2026-03-22T23:20:36.084372,KXHIGHMIA-26MAR22-B81.5 (Market),0.99,MARKET_DATA,REAL
2026-03-22T23:20:36.085801,KXHIGHMIA (F),69.8,MARKET_DATA,REAL
2026-03-22T23:20:39.582135,BTC-USD (Coinbase),68176.3,MARKET_DATA,REAL
2026-03-22T23:20:39.662969,KXBTC15M-26MAR230030-30 (15m),0.65,MARKET_DATA,REAL
2026-03-22T23:20:41.454648,KXBTCD-26MAR2301-T68199.99 (1h),0.41,MARKET_DATA,REAL
2026-03-22T23:20:41.518636,KXBTCD-26MAR2301-T67999.99 (1h),0.84,MARKET_DATA,REAL
2026-03-22T23:20:41.583710,KXBTCD-26MAR2301-T68399.99 (1h),0.1,MARKET_DATA,REAL
2026-03-22T23:20:42.906989,KXHIGHNY-26MAR22-B62.5 (Market),0.99,MARKET_DATA,REAL
2026-03-22T23:20:42.908208,KXHIGHNY (F),50.0,MARKET_DATA,REAL
2026-03-22T23:20:45.186996,KXHIGHLAX-26MAR22-T75 (Market),0.99,MARKET_DATA,REAL
2026-03-22T23:20:45.187870,KXHIGHLAX (F),60.8,MARKET_DATA,REAL
2026-03-22T23:20:47.561134,KXHIGHCHI-26MAR22-T65 (Market),0.99,MARKET_DATA,REAL
2026-03-22T23:20:47.561797,KXHIGHCHI (F),33.8,MARKET_DATA,REAL
2026-03-22T23:20:49.795475,KXHIGHMIA-26MAR22-B81.5 (Market),0.99,MARKET_DATA,REAL
2026-03-22T23:20:49.796430,KXHIGHMIA (F),69.8,MARKET_DATA,REAL
2026-03-22T23:20:53.272041,BTC-USD (Coinbase),68140.81,MARKET_DATA,REAL
2026-03-22T23:20:53.375820,KXBTC15M-26MAR230030-30 (15m),0.53,MARKET_DATA,REAL
2026-03-22T23:20:55.069757,KXBTCD-26MAR2301-T68099.99 (1h),0.58,MARKET_DATA,REAL
2026-03-22T23:20:55.131324,KXBTCD-26MAR2301-T67899.99 (1h),0.9,MARKET_DATA,REAL
2026-03-22T23:20:55.190460,KXBTCD-26MAR2301-T68299.99 (1h),0.17,MARKET_DATA,REAL
2026-03-22T23:20:56.373052,KXHIGHNY-26MAR22-B62.5 (Market),0.99,MARKET_DATA,REAL
2026-03-22T23:20:56.373766,KXHIGHNY (F),50.0,MARKET_DATA,REAL
2026-03-22T23:20:58.501879,KXHIGHLAX-26MAR22-T75 (Market),0.99,MARKET_DATA,REAL
2026-03-22T23:20:58.502334,KXHIGHLAX (F),60.8,MARKET_DATA,REAL
2026-03-22T23:21:00.756275,KXHIGHCHI-26MAR22-T65 (Market),0.99,MARKET_DATA,REAL
2026-03-22T23:21:00.756740,KXHIGHCHI (F),33.8,MARKET_DATA,REAL
2026-03-22T23:21:03.021399,KXHIGHMIA-26MAR22-B81.5 (Market),0.99,MARKET_DATA,REAL
2026-03-22T23:21:03.021891,KXHIGHMIA (F),69.8,MARKET_DATA,REAL
2026-03-22T23:21:06.475405,BTC-USD (Coinbase),68140.8,MARKET_DATA,REAL
2026-03-22T23:21:06.538181,KXBTC15M-26MAR230030-30 (15m),0.53,MARKET_DATA,REAL
2026-03-22T23:21:08.184248,KXBTCD-26MAR2301-T68099.99 (1h),0.57,MARKET_DATA,REAL
2026-03-22T23:21:08.244312,KXBTCD-26MAR2301-T67899.99 (1h),0.9,MARKET_DATA,REAL
2026-03-22T23:21:08.303030,KXBTCD-26MAR2301-T68299.99 (1h),0.18,MARKET_DATA,REAL
2026-03-22T23:21:09.519623,KXHIGHNY-26MAR22-B62.5 (Market),0.99,MARKET_DATA,REAL
2026-03-22T23:21:09.520698,KXHIGHNY (F),50.0,MARKET_DATA,REAL
2026-03-22T23:21:11.677373,KXHIGHLAX-26MAR22-T75 (Market),0.99,MARKET_DATA,REAL
2026-03-22T23:21:11.677807,KXHIGHLAX (F),60.8,MARKET_DATA,REAL
2026-03-22T23:21:13.870673,KXHIGHCHI-26MAR22-T65 (Market),0.99,MARKET_DATA,REAL
2026-03-22T23:21:13.871175,KXHIGHCHI (F),33.8,MARKET_DATA,REAL
2026-03-22T23:21:16.003100,KXHIGHMIA-26MAR22-B81.5 (Market),0.99,MARKET_DATA,REAL
2026-03-22T23:21:16.003684,KXHIGHMIA (F),69.8,MARKET_DATA,REAL
2026-03-22T23:21:19.465971,BTC-USD (Coinbase),68167.82,MARKET_DATA,REAL
2026-03-22T23:21:19.590932,KXBTC15M-26MAR230030-30 (15m),0.59,MARKET_DATA,REAL
2026-03-22T23:21:21.368453,KXBTCD-26MAR2301-T68199.99 (1h),0.37,MARKET_DATA,REAL
2026-03-22T23:21:21.425742,KXBTCD-26MAR2301-T67999.99 (1h),0.82,MARKET_DATA,REAL
2026-03-22T23:21:21.490449,KXBTCD-26MAR2301-T68399.99 (1h),0.08,MARKET_DATA,REAL
2026-03-22T23:21:22.651455,KXHIGHNY-26MAR22-B62.5 (Market),0.99,MARKET_DATA,REAL
2026-03-22T23:21:22.652021,KXHIGHNY (F),50.0,MARKET_DATA,REAL
2026-03-22T23:21:24.843522,KXHIGHLAX-26MAR22-T75 (Market),0.99,MARKET_DATA,REAL
2026-03-22T23:21:24.844638,KXHIGHLAX (F),60.8,MARKET_DATA,REAL
2026-03-22T23:21:26.987268,KXHIGHCHI-26MAR22-T65 (Market),0.99,MARKET_DATA,REAL
2026-03-22T23:21:26.987952,KXHIGHCHI (F),33.8,MARKET_DATA,REAL
2026-03-22T23:21:29.200084,KXHIGHMIA-26MAR22-B81.5 (Market),0.99,MARKET_DATA,REAL
2026-03-22T23:21:29.200916,KXHIGHMIA (F),69.8,MARKET_DATA,REAL
2026-03-22T23:21:32.668858,BTC-USD (Coinbase),68178.0,MARKET_DATA,REAL
2026-03-22T23:21:32.725005,KXBTC15M-26MAR230030-30 (15m),0.66,MARKET_DATA,REAL
2026-03-22T23:21:34.327241,KXBTCD-26MAR2301-T68199.99 (1h),0.45,MARKET_DATA,REAL
2026-03-22T23:21:34.388872,KXBTCD-26MAR2301-T67999.99 (1h),0.83,MARKET_DATA,REAL
2026-03-22T23:21:34.449074,KXBTCD-26MAR2301-T68399.99 (1h),0.12,MARKET_DATA,REAL
2026-03-22T23:21:36.553659,KXHIGHNY-26MAR22-B62.5 (Market),0.99,MARKET_DATA,REAL
2026-03-22T23:21:36.554471,KXHIGHNY (F),50.0,MARKET_DATA,REAL
2026-03-22T23:21:39.564150,KXHIGHLAX-26MAR22-T75 (Market),0.99,MARKET_DATA,REAL
2026-03-22T23:21:39.565144,KXHIGHLAX (F),60.8,MARKET_DATA,REAL
2026-03-22T23:21:42.561494,KXHIGHCHI-26MAR22-T65 (Market),0.99,MARKET_DATA,REAL
2026-03-22T23:21:42.561892,KXHIGHCHI (F),33.8,MARKET_DATA,REAL
2026-03-22T23:21:45.495036,KXHIGHMIA-26MAR22-B81.5 (Market),0.99,MARKET_DATA,REAL
2026-03-22T23:21:45.495641,KXHIGHMIA (F),69.8,MARKET_DATA,REAL
2026-03-22T23:21:48.939277,BTC-USD (Coinbase),68184.9,MARKET_DATA,REAL
2026-03-22T23:21:49.055440,KXBTC15M-26MAR230030-30 (15m),0.68,MARKET_DATA,REAL
2026-03-22T23:21:49.060124,KXBTC15M-26MAR230030-30,0.69,SIGNAL_BUY,EXECUTED
2026-03-22T23:21:50.774580,KXBTCD-26MAR2301-T68199.99 (1h),0.44,MARKET_DATA,REAL
2026-03-22T23:21:50.835545,KXBTCD-26MAR2301-T67999.99 (1h),0.85,MARKET_DATA,REAL
2026-03-22T23:21:50.902451,KXBTCD-26MAR2301-T68399.99 (1h),0.12,MARKET_DATA,REAL
2026-03-22T23:21:52.105742,KXHIGHNY-26MAR22-B62.5 (Market),0.99,MARKET_DATA,REAL
2026-03-22T23:21:52.106253,KXHIGHNY (F),50.0,MARKET_DATA,REAL
2026-03-22T23:21:54.288304,KXHIGHLAX-26MAR22-T75 (Market),0.99,MARKET_DATA,REAL
2026-03-22T23:21:54.288632,KXHIGHLAX (F),60.8,MARKET_DATA,REAL
2026-03-22T23:21:56.517526,KXHIGHCHI-26MAR22-T65 (Market),0.99,MARKET_DATA,REAL
2026-03-22T23:21:56.517954,KXHIGHCHI (F),33.8,MARKET_DATA,REAL
2026-03-22T23:21:58.698102,KXHIGHMIA-26MAR22-B81.5 (Market),0.99,MARKET_DATA,REAL
2026-03-22T23:21:58.699092,KXHIGHMIA (F),69.8,MARKET_DATA,REAL
2026-03-22T23:22:02.112617,BTC-USD (Coinbase),68189.99,MARKET_DATA,REAL
2026-03-22T23:22:02.191483,KXBTC15M-26MAR230030-30 (15m),0.7,MARKET_DATA,REAL
2026-03-22T23:22:04.016916,KXBTCD-26MAR2301-T68199.99 (1h),0.46,MARKET_DATA,REAL
2026-03-22T23:22:04.077902,KXBTCD-26MAR2301-T67999.99 (1h),0.85,MARKET_DATA,REAL
2026-03-22T23:22:04.135913,KXBTCD-26MAR2301-T68399.99 (1h),0.12,MARKET_DATA,REAL
2026-03-22T23:22:05.359559,KXHIGHNY-26MAR22-B62.5 (Market),0.99,MARKET_DATA,REAL
2026-03-22T23:22:05.359946,KXHIGHNY (F),50.0,MARKET_DATA,REAL
2026-03-22T23:22:07.551145,KXHIGHLAX-26MAR22-T75 (Market),0.99,MARKET_DATA,REAL
2026-03-22T23:22:07.551686,KXHIGHLAX (F),60.8,MARKET_DATA,REAL
2026-03-22T23:22:09.722269,KXHIGHCHI-26MAR22-T65 (Market),0.99,MARKET_DATA,REAL
2026-03-22T23:22:09.722736,KXHIGHCHI (F),33.8,MARKET_DATA,REAL
2026-03-22T23:22:11.882539,KXHIGHMIA-26MAR22-B81.5 (Market),0.99,MARKET_DATA,REAL
2026-03-22T23:22:11.883029,KXHIGHMIA (F),69.8,MARKET_DATA,REAL
2026-03-22T23:22:15.322563,BTC-USD (Coinbase),68187.99,MARKET_DATA,REAL
2026-03-22T23:22:15.385933,KXBTC15M-26MAR230030-30 (15m),0.71,MARKET_DATA,REAL
2026-03-22T23:22:17.127677,KXBTCD-26MAR2301-T68199.99 (1h),0.46,MARKET_DATA,REAL
2026-03-22T23:22:17.185650,KXBTCD-26MAR2301-T67999.99 (1h),0.85,MARKET_DATA,REAL
2026-03-22T23:22:17.244393,KXBTCD-26MAR2301-T68399.99 (1h),0.12,MARKET_DATA,REAL
2026-03-22T23:22:18.930697,KXHIGHNY-26MAR22-B62.5 (Market),0.99,MARKET_DATA,REAL
2026-03-22T23:22:18.931210,KXHIGHNY (F),50.0,MARKET_DATA,REAL
2026-03-22T23:22:21.156257,KXHIGHLAX-26MAR22-T75 (Market),0.99,MARKET_DATA,REAL
2026-03-22T23:22:21.156645,KXHIGHLAX (F),60.8,MARKET_DATA,REAL
2026-03-22T23:22:23.367016,KXHIGHCHI-26MAR22-T65 (Market),0.99,MARKET_DATA,REAL
2026-03-22T23:22:23.367972,KXHIGHCHI (F),33.8,MARKET_DATA,REAL
2026-03-22T23:22:25.522129,KXHIGHMIA-26MAR22-B81.5 (Market),0.99,MARKET_DATA,REAL
2026-03-22T23:22:25.522490,KXHIGHMIA (F),69.8,MARKET_DATA,REAL
2026-03-22T23:22:28.960963,BTC-USD (Coinbase),68197.43,MARKET_DATA,REAL
2026-03-22T23:22:30.676391,KXBTC15M-26MAR230030-30 (15m),0.76,MARKET_DATA,REAL
2026-03-22T23:22:32.455546,KXBTCD-26MAR2301-T68199.99 (1h),0.47,MARKET_DATA,REAL
2026-03-22T23:22:32.571052,KXBTCD-26MAR2301-T67999.99 (1h),0.87,MARKET_DATA,REAL
2026-03-22T23:22:32.630859,KXBTCD-26MAR2301-T68399.99 (1h),0.12,MARKET_DATA,REAL
2026-03-22T23:22:33.828898,KXHIGHNY-26MAR22-B62.5 (Market),0.99,MARKET_DATA,REAL
2026-03-22T23:22:33.829358,KXHIGHNY (F),50.0,MARKET_DATA,REAL
2026-03-22T23:22:36.042807,KXHIGHLAX-26MAR22-T75 (Market),0.99,MARKET_DATA,REAL
2026-03-22T23:22:36.043781,KXHIGHLAX (F),60.8,MARKET_DATA,REAL
2026-03-22T23:22:38.220763,KXHIGHCHI-26MAR22-T65 (Market),0.99,MARKET_DATA,REAL
2026-03-22T23:22:38.221195,KXHIGHCHI (F),33.8,MARKET_DATA,REAL
2026-03-22T23:22:40.360727,KXHIGHMIA-26MAR22-B81.5 (Market),0.99,MARKET_DATA,REAL
2026-03-22T23:22:40.361538,KXHIGHMIA (F),69.8,MARKET_DATA,REAL
2026-03-22T23:22:43.794097,BTC-USD (Coinbase),68193.99,MARKET_DATA,REAL
2026-03-22T23:22:43.858713,KXBTC15M-26MAR230030-30 (15m),0.76,MARKET_DATA,REAL
2026-03-22T23:22:45.529724,KXBTCD-26MAR2301-T68199.99 (1h),0.48,MARKET_DATA,REAL
2026-03-22T23:22:45.589086,KXBTCD-26MAR2301-T67999.99 (1h),0.88,MARKET_DATA,REAL
2026-03-22T23:22:45.650965,KXBTCD-26MAR2301-T68399.99 (1h),0.12,MARKET_DATA,REAL
2026-03-22T23:22:47.769849,KXHIGHNY-26MAR22-B62.5 (Market),0.99,MARKET_DATA,REAL
2026-03-22T23:22:47.771066,KXHIGHNY (F),50.0,MARKET_DATA,REAL
2026-03-22T23:22:50.701947,KXHIGHLAX-26MAR22-T75 (Market),0.99,MARKET_DATA,REAL
2026-03-22T23:22:50.702883,KXHIGHLAX (F),60.8,MARKET_DATA,REAL
2026-03-22T23:22:53.745942,KXHIGHCHI-26MAR22-T65 (Market),0.99,MARKET_DATA,REAL
2026-03-22T23:22:53.746281,KXHIGHCHI (F),33.8,MARKET_DATA,REAL
2026-03-22T23:22:56.720714,KXHIGHMIA-26MAR22-B81.5 (Market),0.99,MARKET_DATA,REAL
2026-03-22T23:22:56.721093,KXHIGHMIA (F),69.8,MARKET_DATA,REAL
2026-03-22T23:23:00.149552,BTC-USD (Coinbase),68198.28,MARKET_DATA,REAL
2026-03-22T23:23:00.207627,KXBTC15M-26MAR230030-30 (15m),0.77,MARKET_DATA,REAL
2026-03-22T23:23:01.927161,KXBTCD-26MAR2301-T68199.99 (1h),0.49,MARKET_DATA,REAL
2026-03-22T23:23:01.983337,KXBTCD-26MAR2301-T67999.99 (1h),0.88,MARKET_DATA,REAL
2026-03-22T23:23:02.041136,KXBTCD-26MAR2301-T68399.99 (1h),0.12,MARKET_DATA,REAL
2026-03-22T23:23:03.190154,KXHIGHNY-26MAR22-B62.5 (Market),0.99,MARKET_DATA,REAL
2026-03-22T23:23:03.190961,KXHIGHNY (F),50.0,MARKET_DATA,REAL
2026-03-22T23:23:05.344437,KXHIGHLAX-26MAR22-T75 (Market),0.99,MARKET_DATA,REAL
2026-03-22T23:23:05.344916,KXHIGHLAX (F),60.8,MARKET_DATA,REAL
2026-03-22T23:23:07.509207,KXHIGHCHI-26MAR22-T65 (Market),0.99,MARKET_DATA,REAL
2026-03-22T23:23:07.509802,KXHIGHCHI (F),33.8,MARKET_DATA,REAL
2026-03-22T23:23:09.684473,KXHIGHMIA-26MAR22-B81.5 (Market),0.99,MARKET_DATA,REAL
2026-03-22T23:23:09.685114,KXHIGHMIA (F),69.8,MARKET_DATA,REAL
2026-03-22T23:23:13.144988,BTC-USD (Coinbase),68193.75,MARKET_DATA,REAL
2026-03-22T23:23:13.204786,KXBTC15M-26MAR230030-30 (15m),0.75,MARKET_DATA,REAL
2026-03-22T23:23:14.929861,KXBTCD-26MAR2301-T68199.99 (1h),0.47,MARKET_DATA,REAL
2026-03-22T23:23:14.992744,KXBTCD-26MAR2301-T67999.99 (1h),0.88,MARKET_DATA,REAL
2026-03-22T23:23:15.050897,KXBTCD-26MAR2301-T68399.99 (1h),0.11,MARKET_DATA,REAL
2026-03-22T23:23:16.322924,KXHIGHNY-26MAR22-B62.5 (Market),0.99,MARKET_DATA,REAL
2026-03-22T23:23:16.323616,KXHIGHNY (F),50.0,MARKET_DATA,REAL
2026-03-22T23:23:18.518016,KXHIGHLAX-26MAR22-T75 (Market),0.99,MARKET_DATA,REAL
2026-03-22T23:23:18.518424,KXHIGHLAX (F),60.8,MARKET_DATA,REAL
2026-03-22T23:23:20.666929,KXHIGHCHI-26MAR22-T65 (Market),0.99,MARKET_DATA,REAL
2026-03-22T23:23:20.667354,KXHIGHCHI (F),33.8,MARKET_DATA,REAL
2026-03-22T23:23:22.894176,KXHIGHMIA-26MAR22-B81.5 (Market),0.99,MARKET_DATA,REAL
2026-03-22T23:23:22.895488,KXHIGHMIA (F),69.8,MARKET_DATA,REAL
2026-03-22T23:23:26.331186,BTC-USD (Coinbase),68189.99,MARKET_DATA,REAL
2026-03-22T23:23:26.392154,KXBTC15M-26MAR230030-30 (15m),0.75,MARKET_DATA,REAL
2026-03-22T23:23:28.065035,KXBTCD-26MAR2301-T68199.99 (1h),0.46,MARKET_DATA,REAL
2026-03-22T23:23:28.125538,KXBTCD-26MAR2301-T67999.99 (1h),0.88,MARKET_DATA,REAL
2026-03-22T23:23:28.184346,KXBTCD-26MAR2301-T68399.99 (1h),0.1,MARKET_DATA,REAL
2026-03-22T23:23:29.392227,KXHIGHNY-26MAR22-B62.5 (Market),0.99,MARKET_DATA,REAL
2026-03-22T23:23:29.392860,KXHIGHNY (F),50.0,MARKET_DATA,REAL
2026-03-22T23:23:31.533161,KXHIGHLAX-26MAR22-T75 (Market),0.99,MARKET_DATA,REAL
2026-03-22T23:23:31.533926,KXHIGHLAX (F),60.8,MARKET_DATA,REAL
2026-03-22T23:23:33.721826,KXHIGHCHI-26MAR22-T65 (Market),0.99,MARKET_DATA,REAL
2026-03-22T23:23:33.722293,KXHIGHCHI (F),33.8,MARKET_DATA,REAL
2026-03-22T23:23:35.935465,KXHIGHMIA-26MAR22-B81.5 (Market),0.99,MARKET_DATA,REAL
2026-03-22T23:23:35.936121,KXHIGHMIA (F),69.8,MARKET_DATA,REAL
2026-03-22T23:23:39.386115,BTC-USD (Coinbase),68183.92,MARKET_DATA,REAL
2026-03-22T23:23:39.509745,KXBTC15M-26MAR230030-30 (15m),0.73,MARKET_DATA,REAL
2026-03-22T23:23:41.235164,KXBTCD-26MAR2301-T68199.99 (1h),0.44,MARKET_DATA,REAL
2026-03-22T23:23:41.313828,KXBTCD-26MAR2301-T67999.99 (1h),0.88,MARKET_DATA,REAL
2026-03-22T23:23:41.375683,KXBTCD-26MAR2301-T68399.99 (1h),0.1,MARKET_DATA,REAL
2026-03-22T23:23:42.570288,KXHIGHNY-26MAR22-B62.5 (Market),0.99,MARKET_DATA,REAL
2026-03-22T23:23:42.570908,KXHIGHNY (F),50.0,MARKET_DATA,REAL
2026-03-22T23:23:44.818575,KXHIGHLAX-26MAR22-T75 (Market),0.99,MARKET_DATA,REAL
2026-03-22T23:23:44.819111,KXHIGHLAX (F),60.8,MARKET_DATA,REAL
2026-03-22T23:23:47.004260,KXHIGHCHI-26MAR22-T65 (Market),0.99,MARKET_DATA,REAL
2026-03-22T23:23:47.004706,KXHIGHCHI (F),33.8,MARKET_DATA,REAL
2026-03-22T23:23:49.176246,KXHIGHMIA-26MAR22-B81.5 (Market),0.99,MARKET_DATA,REAL
2026-03-22T23:23:49.176853,KXHIGHMIA (F),69.8,MARKET_DATA,REAL
2026-03-22T23:23:52.698795,BTC-USD (Coinbase),68180.85,MARKET_DATA,REAL
2026-03-22T23:23:52.761564,KXBTC15M-26MAR230030-30 (15m),0.7,MARKET_DATA,REAL
2026-03-22T23:23:54.487402,KXBTCD-26MAR2301-T68199.99 (1h),0.44,MARKET_DATA,REAL
2026-03-22T23:23:54.548180,KXBTCD-26MAR2301-T67999.99 (1h),0.88,MARKET_DATA,REAL
2026-03-22T23:23:54.611931,KXBTCD-26MAR2301-T68399.99 (1h),0.1,MARKET_DATA,REAL
2026-03-22T23:23:56.701084,KXHIGHNY-26MAR22-B62.5 (Market),0.99,MARKET_DATA,REAL
2026-03-22T23:23:56.701732,KXHIGHNY (F),50.0,MARKET_DATA,REAL
