Timestamp,Equity,Cash,Exposure,Realized_PnL,Unrealized_PnL
2026-03-23T18:35:07.759600,3000.0,3000.0,0.0,0.0,0
2026-03-23T18:35:08.763650,3000.0,3000.0,0.0,0.0,0
2026-03-23T18:35:09.767031,3000.0,2850.42,149.58,0.0,0
2026-03-23T18:35:10.771235,2998.79,2849.21,149.58,-1.21,0.0
2026-03-23T18:35:11.774605,2998.79,2849.21,149.58,-1.21,0.0
2026-03-23T18:35:12.777783,2998.79,2849.21,149.58,-1.21,0.0
2026-03-23T18:35:13.780530,2998.79,2849.21,149.58,-1.21,0.0
2026-03-23T18:35:14.783839,2998.79,2849.21,149.58,-1.21,0.0
2026-03-23T18:35:15.788351,2998.79,2849.21,149.58,-1.21,0.0
2026-03-23T18:35:16.790765,2998.79,2849.21,149.58,-1.21,0.0
2026-03-23T18:35:17.797396,2998.79,2849.21,149.58,-1.21,0.0
2026-03-23T18:35:18.800243,2998.79,2849.21,149.58,-1.21,0.0
2026-03-23T18:35:19.804555,3001.56,2849.21,149.58,-1.21,2.7700000000000022
2026-03-23T18:35:20.807396,3001.56,2849.21,149.58,-1.21,2.7700000000000022
2026-03-23T18:35:21.810448,3001.56,2849.21,149.58,-1.21,2.7700000000000022
2026-03-23T18:35:22.815191,3001.56,2849.21,149.58,-1.21,2.7700000000000022
2026-03-23T18:35:23.818691,3001.56,2849.21,149.58,-1.21,2.7700000000000022
2026-03-23T18:35:24.822924,3001.56,2849.21,149.58,-1.21,2.7700000000000022
2026-03-23T18:35:25.827091,3001.56,2849.21,149.58,-1.21,2.7700000000000022
2026-03-23T18:35:26.831566,3001.56,2849.21,149.58,-1.21,2.7700000000000022
2026-03-23T18:35:27.835108,3001.56,2849.21,149.58,-1.21,2.7700000000000022
2026-03-23T18:35:28.838521,3001.56,2849.21,149.58,-1.21,2.7700000000000022
2026-03-23T18:35:29.841457,3001.56,2849.21,149.58,-1.21,2.7700000000000022
2026-03-23T18:35:30.846082,3001.56,2849.21,149.58,-1.21,2.7700000000000022
2026-03-23T18:35:31.850346,3001.56,2849.21,149.58,-1.21,2.7700000000000022
2026-03-23T18:35:32.853080,3001.56,2849.21,149.58,-1.21,2.7700000000000022
2026-03-23T18:35:33.857716,3001.56,2849.21,149.58,-1.21,2.7700000000000022
2026-03-23T18:35:34.862659,3001.56,2849.21,149.58,-1.21,2.7700000000000022
2026-03-23T18:35:35.866271,3001.56,2849.21,149.58,-1.21,2.7700000000000022
2026-03-23T18:35:36.869835,3001.56,2849.21,149.58,-1.21,2.7700000000000022
2026-03-23T18:35:37.873717,3001.56,2849.21,149.58,-1.21,2.7700000000000022
2026-03-23T18:35:38.878769,3001.56,2849.21,149.58,-1.21,2.7700000000000022
2026-03-23T18:35:39.883181,3001.56,2849.21,149.58,-1.21,2.7700000000000022
2026-03-23T18:35:40.887218,3001.56,2849.21,149.58,-1.21,2.7700000000000022
2026-03-23T18:35:41.890713,3001.56,2849.21,149.58,-1.21,2.7700000000000022
2026-03-23T18:35:42.895040,3001.56,2849.21,149.58,-1.21,2.7700000000000022
2026-03-23T18:35:43.899267,3001.56,2849.21,149.58,-1.21,2.7700000000000022
2026-03-23T18:35:44.903833,3001.56,2849.21,149.58,-1.21,2.7700000000000022
2026-03-23T18:35:45.907644,3001.56,2849.21,149.58,-1.21,2.7700000000000022
2026-03-23T18:35:46.911554,2979.4,2979.4,0.0,-20.60000000000002,0
2026-03-23T18:35:47.916152,2979.4,2979.4,0.0,-20.60000000000002,0
2026-03-23T18:35:48.919289,2979.4,2979.4,0.0,-20.60000000000002,0
2026-03-23T18:35:49.922757,2979.4,2979.4,0.0,-20.60000000000002,0
2026-03-23T18:35:50.925299,2979.4,2979.4,0.0,-20.60000000000002,0
2026-03-23T18:35:51.930290,2979.4,2979.4,0.0,-20.60000000000002,0
2026-03-23T18:35:52.934546,2979.4,2979.4,0.0,-20.60000000000002,0
2026-03-23T18:35:53.938356,2979.4,2979.4,0.0,-20.60000000000002,0
2026-03-23T18:35:54.942517,2979.4,2979.4,0.0,-20.60000000000002,0
2026-03-23T18:35:55.947326,2979.4,2979.4,0.0,-20.60000000000002,0
2026-03-23T18:35:56.962178,2979.4,2979.4,0.0,-20.60000000000002,0
2026-03-23T18:35:57.965834,2979.4,2979.4,0.0,-20.60000000000002,0
2026-03-23T18:35:58.971119,2979.4,2979.4,0.0,-20.60000000000002,0
2026-03-23T18:35:59.974213,2979.4,2979.4,0.0,-20.60000000000002,0
2026-03-23T18:36:00.978444,2979.4,2979.4,0.0,-20.60000000000002,0
2026-03-23T18:36:01.983365,2979.4,2979.4,0.0,-20.60000000000002,0
2026-03-23T18:36:02.986599,2979.4,2979.4,0.0,-20.60000000000002,0
2026-03-23T18:36:03.990740,2979.4,2979.4,0.0,-20.60000000000002,0
2026-03-23T18:36:04.995762,2979.4,2979.4,0.0,-20.60000000000002,0
2026-03-23T18:36:05.999426,2979.4,2979.4,0.0,-20.60000000000002,0
2026-03-23T18:36:07.002347,2979.4,2979.4,0.0,-20.60000000000002,0
2026-03-23T18:36:08.006213,2979.4,2979.4,0.0,-20.60000000000002,0
2026-03-23T18:36:09.010178,2979.4,2979.4,0.0,-20.60000000000002,0
2026-03-23T18:36:10.013887,2979.4,2979.4,0.0,-20.60000000000002,0
2026-03-23T18:36:11.017413,2979.4,2979.4,0.0,-20.60000000000002,0
2026-03-23T18:36:12.020510,2979.4,2979.4,0.0,-20.60000000000002,0
2026-03-23T18:36:13.023161,2979.4,2979.4,0.0,-20.60000000000002,0
2026-03-23T18:36:14.030754,2979.4,2979.4,0.0,-20.60000000000002,0
2026-03-23T18:36:15.056228,2979.4,2979.4,0.0,-20.60000000000002,0
2026-03-23T18:36:16.060226,2979.4,2979.4,0.0,-20.60000000000002,0
2026-03-23T18:36:17.064767,2979.4,2979.4,0.0,-20.60000000000002,0
2026-03-23T18:36:18.068745,2979.4,2979.4,0.0,-20.60000000000002,0
2026-03-23T18:36:19.071525,2979.4,2979.4,0.0,-20.60000000000002,0
2026-03-23T18:36:20.076174,2979.4,2979.4,0.0,-20.60000000000002,0
2026-03-23T18:36:21.079589,2979.4,2979.4,0.0,-20.60000000000002,0
2026-03-23T18:36:22.083759,2979.4,2979.4,0.0,-20.60000000000002,0
2026-03-23T18:36:23.088166,2979.4,2979.4,0.0,-20.60000000000002,0
2026-03-23T18:36:24.092524,2979.4,2830.6,148.8,-20.60000000000002,0
2026-03-23T18:36:25.096202,2979.4,2830.6,148.8,-20.60000000000002,0
2026-03-23T18:36:26.100227,2979.21,2830.41,148.8,-20.79000000000002,0.0
2026-03-23T18:36:27.103140,2979.21,2830.41,148.8,-20.79000000000002,0.0
2026-03-23T18:36:28.106501,2979.21,2830.41,148.8,-20.79000000000002,0.0
2026-03-23T18:36:29.110707,2979.21,2830.41,148.8,-20.79000000000002,0.0
2026-03-23T18:36:30.113587,2979.21,2830.41,148.8,-20.79000000000002,0.0
2026-03-23T18:36:31.117570,2979.21,2830.41,148.8,-20.79000000000002,0.0
2026-03-23T18:36:32.121217,2979.21,2830.41,148.8,-20.79000000000002,0.0
2026-03-23T18:36:33.125177,2984.01,2830.41,148.8,-20.79000000000002,4.7999999999999865
2026-03-23T18:36:34.128789,2984.01,2830.41,148.8,-20.79000000000002,4.7999999999999865
2026-03-23T18:36:35.131610,2984.01,2830.41,148.8,-20.79000000000002,4.7999999999999865
2026-03-23T18:36:36.136136,2984.01,2830.41,148.8,-20.79000000000002,4.7999999999999865
2026-03-23T18:36:37.141094,2984.01,2830.41,148.8,-20.79000000000002,4.7999999999999865
2026-03-23T18:36:38.145126,2984.01,2830.41,148.8,-20.79000000000002,4.7999999999999865
2026-03-23T18:36:39.148595,2984.01,2830.41,148.8,-20.79000000000002,4.7999999999999865
2026-03-23T18:36:40.151865,2984.01,2830.41,148.8,-20.79000000000002,4.7999999999999865
2026-03-23T18:36:41.155107,2984.01,2830.41,148.8,-20.79000000000002,4.7999999999999865
2026-03-23T18:36:42.157338,2979.53,2830.41,148.8,-20.79000000000002,0.3200000000000003
2026-03-23T18:36:43.160300,2979.53,2830.41,148.8,-20.79000000000002,0.3200000000000003
2026-03-23T18:36:44.164228,2979.53,2830.41,148.8,-20.79000000000002,0.3200000000000003
2026-03-23T18:36:45.168170,2979.53,2830.41,148.8,-20.79000000000002,0.3200000000000003
2026-03-23T18:36:46.171656,2979.53,2830.41,148.8,-20.79000000000002,0.3200000000000003
2026-03-23T18:36:47.175424,2979.53,2830.41,148.8,-20.79000000000002,0.3200000000000003
2026-03-23T18:36:48.179638,2979.53,2830.41,148.8,-20.79000000000002,0.3200000000000003
2026-03-23T18:36:49.182809,2979.53,2830.41,148.8,-20.79000000000002,0.3200000000000003
2026-03-23T18:36:50.185808,2980.17,2830.41,148.8,-20.79000000000002,0.9600000000000009
2026-03-23T18:36:51.189023,2980.17,2830.41,148.8,-20.79000000000002,0.9600000000000009
2026-03-23T18:36:52.192684,2980.17,2830.41,148.8,-20.79000000000002,0.9600000000000009
2026-03-23T18:36:53.196229,2980.17,2830.41,148.8,-20.79000000000002,0.9600000000000009
2026-03-23T18:36:54.201219,2980.17,2830.41,148.8,-20.79000000000002,0.9600000000000009
2026-03-23T18:36:55.205185,2980.17,2830.41,148.8,-20.79000000000002,0.9600000000000009
2026-03-23T18:36:56.209414,2980.17,2830.41,148.8,-20.79000000000002,0.9600000000000009
2026-03-23T18:36:57.213300,2980.17,2830.41,148.8,-20.79000000000002,0.9600000000000009
2026-03-23T18:36:58.217609,2980.17,2830.41,148.8,-20.79000000000002,0.9600000000000009
2026-03-23T18:36:59.221654,2981.13,2830.41,148.8,-20.79000000000002,1.919999999999984
2026-03-23T18:37:00.226130,2981.13,2830.41,148.8,-20.79000000000002,1.919999999999984
2026-03-23T18:37:01.229907,2981.13,2830.41,148.8,-20.79000000000002,1.919999999999984
2026-03-23T18:37:02.235662,2981.13,2830.41,148.8,-20.79000000000002,1.919999999999984
2026-03-23T18:37:03.241314,2981.13,2830.41,148.8,-20.79000000000002,1.919999999999984
2026-03-23T18:37:04.245603,2981.13,2830.41,148.8,-20.79000000000002,1.919999999999984
2026-03-23T18:37:05.250198,2981.13,2830.41,148.8,-20.79000000000002,1.919999999999984
2026-03-23T18:37:06.253671,2981.13,2830.41,148.8,-20.79000000000002,1.919999999999984
2026-03-23T18:37:07.258023,2981.13,2830.41,148.8,-20.79000000000002,1.919999999999984
2026-03-23T18:37:08.261873,2981.13,2830.41,148.8,-20.79000000000002,1.919999999999984
2026-03-23T18:37:09.268570,2981.13,2830.41,148.8,-20.79000000000002,1.919999999999984
2026-03-23T18:37:10.272712,2981.13,2830.41,148.8,-20.79000000000002,1.919999999999984
2026-03-23T18:37:11.277756,2981.13,2830.41,148.8,-20.79000000000002,1.919999999999984
2026-03-23T18:37:12.284569,2981.13,2830.41,148.8,-20.79000000000002,1.919999999999984
2026-03-23T18:37:13.288499,2981.13,2830.41,148.8,-20.79000000000002,1.919999999999984
2026-03-23T18:37:14.291848,2981.13,2830.41,148.8,-20.79000000000002,1.919999999999984
2026-03-23T18:37:15.295674,2981.13,2830.41,148.8,-20.79000000000002,1.919999999999984
2026-03-23T18:37:16.299528,2981.13,2830.41,148.8,-20.79000000000002,1.919999999999984
2026-03-23T18:37:17.306133,2981.13,2830.41,148.8,-20.79000000000002,1.919999999999984
2026-03-23T18:37:18.311313,2981.13,2830.41,148.8,-20.79000000000002,1.919999999999984
2026-03-23T18:37:19.321352,2981.13,2830.41,148.8,-20.79000000000002,1.919999999999984
2026-03-23T18:37:20.325409,2981.13,2830.41,148.8,-20.79000000000002,1.919999999999984
2026-03-23T18:37:21.327887,2981.13,2830.41,148.8,-20.79000000000002,1.919999999999984
2026-03-23T18:37:22.332145,2981.13,2830.41,148.8,-20.79000000000002,1.919999999999984
2026-03-23T18:37:23.336650,2981.13,2830.41,148.8,-20.79000000000002,1.919999999999984
2026-03-23T18:37:24.340430,2981.13,2830.41,148.8,-20.79000000000002,1.919999999999984
2026-03-23T18:37:25.345022,2981.13,2830.41,148.8,-20.79000000000002,1.919999999999984
2026-03-23T18:37:26.349355,2981.13,2830.41,148.8,-20.79000000000002,1.919999999999984
2026-03-23T18:37:27.364600,2981.13,2830.41,148.8,-20.79000000000002,1.919999999999984
2026-03-23T18:37:28.369242,2981.13,2830.41,148.8,-20.79000000000002,1.919999999999984
2026-03-23T18:37:29.373209,2977.93,2830.41,148.8,-20.79000000000002,-1.2800000000000011
2026-03-23T18:37:30.377713,2977.93,2830.41,148.8,-20.79000000000002,-1.2800000000000011
2026-03-23T18:37:31.383201,2977.93,2830.41,148.8,-20.79000000000002,-1.2800000000000011
2026-03-23T18:37:32.388230,2977.93,2830.41,148.8,-20.79000000000002,-1.2800000000000011
2026-03-23T18:37:33.392870,2977.93,2830.41,148.8,-20.79000000000002,-1.2800000000000011
2026-03-23T18:37:34.396037,2977.93,2830.41,148.8,-20.79000000000002,-1.2800000000000011
2026-03-23T18:37:35.398748,2977.93,2830.41,148.8,-20.79000000000002,-1.2800000000000011
2026-03-23T18:37:36.402599,2977.93,2830.41,148.8,-20.79000000000002,-1.2800000000000011
2026-03-23T18:37:37.406366,2977.93,2830.41,148.8,-20.79000000000002,-1.2800000000000011
2026-03-23T18:37:38.412328,2977.93,2830.41,148.8,-20.79000000000002,-1.2800000000000011
2026-03-23T18:37:39.416504,2977.93,2830.41,148.8,-20.79000000000002,-1.2800000000000011
2026-03-23T18:37:40.420327,2977.93,2830.41,148.8,-20.79000000000002,-1.2800000000000011
2026-03-23T18:37:41.423434,2977.93,2830.41,148.8,-20.79000000000002,-1.2800000000000011
2026-03-23T18:37:42.429289,2977.93,2830.41,148.8,-20.79000000000002,-1.2800000000000011
2026-03-23T18:37:43.434553,2977.93,2830.41,148.8,-20.79000000000002,-1.2800000000000011
2026-03-23T18:37:44.438636,2977.93,2830.41,148.8,-20.79000000000002,-1.2800000000000011
2026-03-23T18:37:45.442328,2977.93,2830.41,148.8,-20.79000000000002,-1.2800000000000011
2026-03-23T18:37:46.445884,2981.13,2830.41,148.8,-20.79000000000002,1.919999999999984
2026-03-23T18:37:47.450682,2981.13,2830.41,148.8,-20.79000000000002,1.919999999999984
2026-03-23T18:37:48.456191,2981.13,2830.41,148.8,-20.79000000000002,1.919999999999984
2026-03-23T18:37:49.460447,2981.13,2830.41,148.8,-20.79000000000002,1.919999999999984
2026-03-23T18:37:50.464294,2981.13,2830.41,148.8,-20.79000000000002,1.919999999999984
2026-03-23T18:37:51.467730,2981.13,2830.41,148.8,-20.79000000000002,1.919999999999984
2026-03-23T18:37:52.471558,2981.13,2830.41,148.8,-20.79000000000002,1.919999999999984
2026-03-23T18:37:53.475721,2981.13,2830.41,148.8,-20.79000000000002,1.919999999999984
2026-03-23T18:37:54.480169,2979.53,2830.41,148.8,-20.79000000000002,0.3200000000000003
2026-03-23T18:37:55.485140,2979.53,2830.41,148.8,-20.79000000000002,0.3200000000000003
2026-03-23T18:37:56.489177,2979.53,2830.41,148.8,-20.79000000000002,0.3200000000000003
2026-03-23T18:37:57.493219,2979.53,2830.41,148.8,-20.79000000000002,0.3200000000000003
2026-03-23T18:37:58.496890,2979.53,2830.41,148.8,-20.79000000000002,0.3200000000000003
2026-03-23T18:37:59.502179,2979.53,2830.41,148.8,-20.79000000000002,0.3200000000000003
2026-03-23T18:38:00.506046,2979.53,2830.41,148.8,-20.79000000000002,0.3200000000000003
2026-03-23T18:38:01.509224,2979.53,2830.41,148.8,-20.79000000000002,0.3200000000000003
2026-03-23T18:38:02.512426,2979.53,2830.41,148.8,-20.79000000000002,0.3200000000000003
2026-03-23T18:38:03.515831,2979.53,2830.41,148.8,-20.79000000000002,0.3200000000000003
2026-03-23T18:38:04.520481,2976.4900000000002,2830.41,148.8,-20.79000000000002,-2.7200000000000024
2026-03-23T18:38:05.524612,2976.4900000000002,2830.41,148.8,-20.79000000000002,-2.7200000000000024
2026-03-23T18:38:06.529147,2976.4900000000002,2830.41,148.8,-20.79000000000002,-2.7200000000000024
2026-03-23T18:38:07.534157,2976.4900000000002,2830.41,148.8,-20.79000000000002,-2.7200000000000024
2026-03-23T18:38:08.537741,2976.4900000000002,2830.41,148.8,-20.79000000000002,-2.7200000000000024
2026-03-23T18:38:09.541314,2976.4900000000002,2830.41,148.8,-20.79000000000002,-2.7200000000000024
2026-03-23T18:38:10.546146,2976.4900000000002,2830.41,148.8,-20.79000000000002,-2.7200000000000024
2026-03-23T18:38:11.550790,2976.4900000000002,2830.41,148.8,-20.79000000000002,-2.7200000000000024
2026-03-23T18:38:12.555158,2976.4900000000002,2830.41,148.8,-20.79000000000002,-2.7200000000000024
2026-03-23T18:38:13.559133,2979.21,2830.41,148.8,-20.79000000000002,0.0
2026-03-23T18:38:14.564433,2977.82,2687.78,290.03999999999996,-22.18000000000002,0.0
2026-03-23T18:38:15.567910,2977.82,2687.78,290.03999999999996,-22.18000000000002,0.0
2026-03-23T18:38:16.571437,2977.82,2687.78,290.03999999999996,-22.18000000000002,0.0
2026-03-23T18:38:17.575381,2977.82,2687.78,290.03999999999996,-22.18000000000002,0.0
2026-03-23T18:38:18.579158,2977.82,2687.78,290.03999999999996,-22.18000000000002,0.0
2026-03-23T18:38:19.582472,2977.82,2687.78,290.03999999999996,-22.18000000000002,0.0
2026-03-23T18:38:20.586619,2977.82,2687.78,290.03999999999996,-22.18000000000002,0.0
2026-03-23T18:38:21.590648,2977.82,2687.78,290.03999999999996,-22.18000000000002,0.0
2026-03-23T18:38:22.594797,2965.3,2687.78,290.03999999999996,-22.18000000000002,-12.519999999999975
2026-03-23T18:38:23.598877,2965.3,2687.78,290.03999999999996,-22.18000000000002,-12.519999999999975
2026-03-23T18:38:24.604533,2965.3,2687.78,290.03999999999996,-22.18000000000002,-12.519999999999975
2026-03-23T18:38:25.608538,2965.3,2687.78,290.03999999999996,-22.18000000000002,-12.519999999999975
2026-03-23T18:38:26.614227,2965.3,2687.78,290.03999999999996,-22.18000000000002,-12.519999999999975
2026-03-23T18:38:27.618457,2965.3,2687.78,290.03999999999996,-22.18000000000002,-12.519999999999975
2026-03-23T18:38:28.622919,2965.3,2687.78,290.03999999999996,-22.18000000000002,-12.519999999999975
2026-03-23T18:38:29.627559,2965.3,2687.78,290.03999999999996,-22.18000000000002,-12.519999999999975
2026-03-23T18:38:30.631530,2965.3,2687.78,290.03999999999996,-22.18000000000002,-12.519999999999975
2026-03-23T18:38:31.634838,2965.3,2687.78,290.03999999999996,-22.18000000000002,-12.519999999999975
2026-03-23T18:38:32.638530,2965.3,2687.78,290.03999999999996,-22.18000000000002,-12.519999999999975
2026-03-23T18:38:33.648262,2950.7000000000003,2687.78,290.03999999999996,-22.18000000000002,-27.119999999999987
2026-03-23T18:38:34.652817,2950.7000000000003,2687.78,290.03999999999996,-22.18000000000002,-27.119999999999987
2026-03-23T18:38:35.660655,2950.7000000000003,2687.78,290.03999999999996,-22.18000000000002,-27.119999999999987
2026-03-23T18:38:36.666155,2950.7000000000003,2687.78,290.03999999999996,-22.18000000000002,-27.119999999999987
2026-03-23T18:38:37.671578,2950.7000000000003,2687.78,290.03999999999996,-22.18000000000002,-27.119999999999987
2026-03-23T18:38:38.677195,2950.7000000000003,2687.78,290.03999999999996,-22.18000000000002,-27.119999999999987
2026-03-23T18:38:39.681670,2950.7000000000003,2687.78,290.03999999999996,-22.18000000000002,-27.119999999999987
2026-03-23T18:38:40.686522,2950.7000000000003,2687.78,290.03999999999996,-22.18000000000002,-27.119999999999987
2026-03-23T18:38:41.690563,2950.7000000000003,2687.78,290.03999999999996,-22.18000000000002,-27.119999999999987
2026-03-23T18:38:42.696304,2958.4100000000003,2687.78,290.03999999999996,-22.18000000000002,-19.409999999999982
2026-03-23T18:38:43.702319,2958.4100000000003,2687.78,290.03999999999996,-22.18000000000002,-19.409999999999982
2026-03-23T18:38:44.706276,2958.4100000000003,2687.78,290.03999999999996,-22.18000000000002,-19.409999999999982
2026-03-23T18:38:45.710916,2958.4100000000003,2687.78,290.03999999999996,-22.18000000000002,-19.409999999999982
2026-03-23T18:38:46.715547,2958.4100000000003,2687.78,290.03999999999996,-22.18000000000002,-19.409999999999982
2026-03-23T18:38:47.720458,2958.4100000000003,2687.78,290.03999999999996,-22.18000000000002,-19.409999999999982
2026-03-23T18:38:48.725524,2958.4100000000003,2687.78,290.03999999999996,-22.18000000000002,-19.409999999999982
2026-03-23T18:38:49.731079,2958.4100000000003,2687.78,290.03999999999996,-22.18000000000002,-19.409999999999982
2026-03-23T18:38:50.735380,2958.4100000000003,2687.78,290.03999999999996,-22.18000000000002,-19.409999999999982
2026-03-23T18:38:51.740393,2962.09,2812.97,148.8,-38.230000000000004,0.3200000000000003
2026-03-23T18:38:52.747844,2962.09,2812.97,148.8,-38.230000000000004,0.3200000000000003
2026-03-23T18:38:53.763488,2962.09,2812.97,148.8,-38.230000000000004,0.3200000000000003
2026-03-23T18:38:54.768530,2962.09,2812.97,148.8,-38.230000000000004,0.3200000000000003
2026-03-23T18:38:55.773444,2962.09,2812.97,148.8,-38.230000000000004,0.3200000000000003
2026-03-23T18:38:56.779598,2962.09,2812.97,148.8,-38.230000000000004,0.3200000000000003
2026-03-23T18:38:57.784651,2962.09,2812.97,148.8,-38.230000000000004,0.3200000000000003
2026-03-23T18:38:58.791174,2962.09,2812.97,148.8,-38.230000000000004,0.3200000000000003
2026-03-23T18:38:59.795614,2962.09,2812.97,148.8,-38.230000000000004,0.3200000000000003
2026-03-23T18:39:00.801423,2962.89,2812.97,148.8,-38.230000000000004,1.120000000000001
2026-03-23T18:39:01.815582,2962.89,2812.97,148.8,-38.230000000000004,1.120000000000001
2026-03-23T18:39:02.821164,2962.89,2812.97,148.8,-38.230000000000004,1.120000000000001
2026-03-23T18:39:03.827267,2962.89,2812.97,148.8,-38.230000000000004,1.120000000000001
2026-03-23T18:39:04.831807,2962.89,2812.97,148.8,-38.230000000000004,1.120000000000001
2026-03-23T18:39:05.838083,2962.89,2812.97,148.8,-38.230000000000004,1.120000000000001
2026-03-23T18:39:06.841707,2962.89,2812.97,148.8,-38.230000000000004,1.120000000000001
2026-03-23T18:39:07.847379,2962.89,2812.97,148.8,-38.230000000000004,1.120000000000001
2026-03-23T18:39:08.852540,2962.89,2812.97,148.8,-38.230000000000004,1.120000000000001
2026-03-23T18:39:09.857728,2963.85,2812.97,148.8,-38.230000000000004,2.079999999999984
2026-03-23T18:39:10.866005,2963.85,2812.97,148.8,-38.230000000000004,2.079999999999984
2026-03-23T18:39:11.881626,2963.85,2812.97,148.8,-38.230000000000004,2.079999999999984
2026-03-23T18:39:12.885797,2963.85,2812.97,148.8,-38.230000000000004,2.079999999999984
2026-03-23T18:39:13.888869,2963.85,2812.97,148.8,-38.230000000000004,2.079999999999984
2026-03-23T18:39:14.898072,2963.85,2812.97,148.8,-38.230000000000004,2.079999999999984
2026-03-23T18:39:15.908723,2963.85,2812.97,148.8,-38.230000000000004,2.079999999999984
2026-03-23T18:39:16.914125,2963.85,2812.97,148.8,-38.230000000000004,2.079999999999984
2026-03-23T18:39:17.918594,2963.85,2812.97,148.8,-38.230000000000004,2.079999999999984
2026-03-23T18:39:18.928237,2960.65,2812.97,148.8,-38.230000000000004,-1.120000000000001
2026-03-23T18:39:19.936281,2960.65,2812.97,148.8,-38.230000000000004,-1.120000000000001
2026-03-23T18:39:20.941215,2960.65,2812.97,148.8,-38.230000000000004,-1.120000000000001
2026-03-23T18:39:21.945667,2960.65,2812.97,148.8,-38.230000000000004,-1.120000000000001
2026-03-23T18:39:22.955198,2960.65,2812.97,148.8,-38.230000000000004,-1.120000000000001
2026-03-23T18:39:23.961128,2960.65,2812.97,148.8,-38.230000000000004,-1.120000000000001
2026-03-23T18:39:24.964913,2960.65,2812.97,148.8,-38.230000000000004,-1.120000000000001
2026-03-23T18:39:25.969096,2960.65,2812.97,148.8,-38.230000000000004,-1.120000000000001
2026-03-23T18:39:26.973544,2960.65,2812.97,148.8,-38.230000000000004,-1.120000000000001
2026-03-23T18:39:27.977418,2960.65,2812.97,148.8,-38.230000000000004,-1.120000000000001
2026-03-23T18:39:28.983154,2960.65,2812.97,148.8,-38.230000000000004,-1.120000000000001
2026-03-23T18:39:29.987226,2960.65,2812.97,148.8,-38.230000000000004,-1.120000000000001
2026-03-23T18:39:30.993295,2960.65,2812.97,148.8,-38.230000000000004,-1.120000000000001
2026-03-23T18:39:31.997845,2960.65,2812.97,148.8,-38.230000000000004,-1.120000000000001
2026-03-23T18:39:33.001635,2960.65,2812.97,148.8,-38.230000000000004,-1.120000000000001
2026-03-23T18:39:34.007104,2960.65,2812.97,148.8,-38.230000000000004,-1.120000000000001
2026-03-23T18:39:35.012120,2960.65,2812.97,148.8,-38.230000000000004,-1.120000000000001
2026-03-23T18:39:36.015484,2960.65,2812.97,148.8,-38.230000000000004,-1.120000000000001
2026-03-23T18:39:37.020230,2960.65,2812.97,148.8,-38.230000000000004,-1.120000000000001
2026-03-23T18:39:38.026010,2945.77,2798.77,147.0,-54.23000000000002,0
2026-03-23T18:39:39.030797,2945.35,2798.35,147.0,-54.65000000000002,0.0
2026-03-23T18:39:40.035068,2945.35,2798.35,147.0,-54.65000000000002,0.0
2026-03-23T18:39:41.040109,2945.35,2798.35,147.0,-54.65000000000002,0.0
2026-03-23T18:39:42.043305,2945.35,2798.35,147.0,-54.65000000000002,0.0
2026-03-23T18:39:43.047428,2945.35,2798.35,147.0,-54.65000000000002,0.0
2026-03-23T18:39:44.051452,2945.35,2798.35,147.0,-54.65000000000002,0.0
2026-03-23T18:39:45.056101,2945.35,2798.35,147.0,-54.65000000000002,0.0
2026-03-23T18:39:46.060903,2945.35,2798.35,147.0,-54.65000000000002,0.0
2026-03-23T18:39:47.065846,2954.1,2798.35,147.0,-54.65000000000002,8.750000000000007
2026-03-23T18:39:48.070205,2954.1,2798.35,147.0,-54.65000000000002,8.750000000000007
2026-03-23T18:39:49.074399,2954.1,2798.35,147.0,-54.65000000000002,8.750000000000007
2026-03-23T18:39:50.079286,2954.1,2798.35,147.0,-54.65000000000002,8.750000000000007
2026-03-23T18:39:51.083607,2954.1,2798.35,147.0,-54.65000000000002,8.750000000000007
2026-03-23T18:39:52.089367,2954.1,2798.35,147.0,-54.65000000000002,8.750000000000007
2026-03-23T18:39:53.093304,2954.1,2798.35,147.0,-54.65000000000002,8.750000000000007
2026-03-23T18:39:54.098251,2954.1,2798.35,147.0,-54.65000000000002,8.750000000000007
2026-03-23T18:39:55.103177,2960.225,2798.35,147.0,-54.65000000000002,14.875000000000012
2026-03-23T18:39:56.108079,2960.225,2798.35,147.0,-54.65000000000002,14.875000000000012
2026-03-23T18:39:57.114828,2960.225,2798.35,147.0,-54.65000000000002,14.875000000000012
2026-03-23T18:39:58.118776,2960.225,2798.35,147.0,-54.65000000000002,14.875000000000012
2026-03-23T18:39:59.123392,2960.225,2798.35,147.0,-54.65000000000002,14.875000000000012
2026-03-23T18:40:00.127646,2960.225,2798.35,147.0,-54.65000000000002,14.875000000000012
2026-03-23T18:40:01.131589,2960.225,2798.35,147.0,-54.65000000000002,14.875000000000012
2026-03-23T18:40:02.136140,2960.225,2798.35,147.0,-54.65000000000002,14.875000000000012
2026-03-23T18:40:03.140782,2960.225,2798.35,147.0,-54.65000000000002,14.875000000000012
2026-03-23T18:40:04.146135,2957.95,2658.966,286.384,-54.65000000000002,12.600000000000012
2026-03-23T18:40:05.150230,2957.74,2658.756,286.384,-54.86000000000002,12.600000000000012
2026-03-23T18:40:06.155271,2957.74,2658.756,286.384,-54.86000000000002,12.600000000000012
2026-03-23T18:40:07.160572,2957.74,2658.756,286.384,-54.86000000000002,12.600000000000012
2026-03-23T18:40:08.166460,2957.74,2658.756,286.384,-54.86000000000002,12.600000000000012
2026-03-23T18:40:09.171182,2957.74,2658.756,286.384,-54.86000000000002,12.600000000000012
2026-03-23T18:40:10.178780,2957.74,2658.756,286.384,-54.86000000000002,12.600000000000012
2026-03-23T18:40:11.183726,2957.74,2658.756,286.384,-54.86000000000002,12.600000000000012
2026-03-23T18:40:12.189155,2957.74,2658.756,286.384,-54.86000000000002,12.600000000000012
2026-03-23T18:40:13.194910,2954.037,2816.781,139.38400000000001,-43.83500000000001,-2.128000000000002
2026-03-23T18:40:14.211229,2954.037,2816.781,139.38400000000001,-43.83500000000001,-2.128000000000002
2026-03-23T18:40:15.216079,2954.037,2816.781,139.38400000000001,-43.83500000000001,-2.128000000000002
2026-03-23T18:40:16.223053,2954.037,2816.781,139.38400000000001,-43.83500000000001,-2.128000000000002
2026-03-23T18:40:17.235184,2954.037,2816.781,139.38400000000001,-43.83500000000001,-2.128000000000002
2026-03-23T18:40:18.251512,2954.037,2816.781,139.38400000000001,-43.83500000000001,-2.128000000000002
2026-03-23T18:40:19.256586,2954.037,2816.781,139.38400000000001,-43.83500000000001,-2.128000000000002
2026-03-23T18:40:20.262612,2954.037,2816.781,139.38400000000001,-43.83500000000001,-2.128000000000002
2026-03-23T18:40:21.267825,2954.037,2816.781,139.38400000000001,-43.83500000000001,-2.128000000000002
2026-03-23T18:40:22.274109,2959.661,2816.781,139.38400000000001,-43.83500000000001,3.4959999999999862
2026-03-23T18:40:23.281089,2959.661,2816.781,139.38400000000001,-43.83500000000001,3.4959999999999862
2026-03-23T18:40:24.291552,2959.661,2816.781,139.38400000000001,-43.83500000000001,3.4959999999999862
2026-03-23T18:40:25.300093,2959.661,2816.781,139.38400000000001,-43.83500000000001,3.4959999999999862
2026-03-23T18:40:26.305226,2959.661,2816.781,139.38400000000001,-43.83500000000001,3.4959999999999862
2026-03-23T18:40:27.322827,2959.661,2816.781,139.38400000000001,-43.83500000000001,3.4959999999999862
2026-03-23T18:40:28.329490,2959.661,2816.781,139.38400000000001,-43.83500000000001,3.4959999999999862
2026-03-23T18:40:29.334904,2959.661,2816.781,139.38400000000001,-43.83500000000001,3.4959999999999862
2026-03-23T18:40:30.340235,2959.661,2816.781,139.38400000000001,-43.83500000000001,3.4959999999999862
2026-03-23T18:40:31.346200,2959.965,2816.781,139.38400000000001,-43.83500000000001,3.7999999999999865
2026-03-23T18:40:32.351657,2959.965,2816.781,139.38400000000001,-43.83500000000001,3.7999999999999865
2026-03-23T18:40:33.358691,2959.965,2816.781,139.38400000000001,-43.83500000000001,3.7999999999999865
2026-03-23T18:40:34.364385,2959.965,2816.781,139.38400000000001,-43.83500000000001,3.7999999999999865
2026-03-23T18:40:35.372257,2959.965,2816.781,139.38400000000001,-43.83500000000001,3.7999999999999865
2026-03-23T18:40:36.378381,2959.965,2816.781,139.38400000000001,-43.83500000000001,3.7999999999999865
2026-03-23T18:40:37.385567,2959.965,2816.781,139.38400000000001,-43.83500000000001,3.7999999999999865
2026-03-23T18:40:38.391526,2959.965,2816.781,139.38400000000001,-43.83500000000001,3.7999999999999865
2026-03-23T18:40:39.397485,2959.965,2816.781,139.38400000000001,-43.83500000000001,3.7999999999999865
2026-03-23T18:40:40.405220,2959.965,2816.781,139.38400000000001,-43.83500000000001,3.7999999999999865
2026-03-23T18:40:41.410611,2959.965,2816.781,139.38400000000001,-43.83500000000001,3.7999999999999865
2026-03-23T18:40:42.417189,2963.157,2816.781,139.38400000000001,-43.83500000000001,6.991999999999989
2026-03-23T18:40:43.424209,2963.157,2816.781,139.38400000000001,-43.83500000000001,6.991999999999989
2026-03-23T18:40:44.429252,2963.157,2816.781,139.38400000000001,-43.83500000000001,6.991999999999989
2026-03-23T18:40:45.435664,2963.157,2816.781,139.38400000000001,-43.83500000000001,6.991999999999989
2026-03-23T18:40:46.442572,2963.157,2816.781,139.38400000000001,-43.83500000000001,6.991999999999989
2026-03-23T18:40:47.454197,2963.157,2816.781,139.38400000000001,-43.83500000000001,6.991999999999989
2026-03-23T18:40:48.460492,2963.157,2816.781,139.38400000000001,-43.83500000000001,6.991999999999989
2026-03-23T18:40:49.466481,2963.157,2816.781,139.38400000000001,-43.83500000000001,6.991999999999989
2026-03-23T18:40:50.471731,2963.157,2816.781,139.38400000000001,-43.83500000000001,6.991999999999989
2026-03-23T18:40:51.476742,2964.373,2816.781,139.38400000000001,-43.83500000000001,8.207999999999991
2026-03-23T18:40:52.484735,2964.373,2816.781,139.38400000000001,-43.83500000000001,8.207999999999991
2026-03-23T18:40:53.490621,2964.373,2816.781,139.38400000000001,-43.83500000000001,8.207999999999991
2026-03-23T18:40:54.496559,2964.373,2816.781,139.38400000000001,-43.83500000000001,8.207999999999991
2026-03-23T18:40:55.528562,2964.373,2816.781,139.38400000000001,-43.83500000000001,8.207999999999991
2026-03-23T18:40:56.535377,2964.373,2816.781,139.38400000000001,-43.83500000000001,8.207999999999991
2026-03-23T18:40:57.542404,2964.373,2816.781,139.38400000000001,-43.83500000000001,8.207999999999991
2026-03-23T18:40:58.548649,2964.373,2816.781,139.38400000000001,-43.83500000000001,8.207999999999991
2026-03-23T18:40:59.557138,2964.373,2816.781,139.38400000000001,-43.83500000000001,8.207999999999991
2026-03-23T18:41:00.563157,2964.373,2816.781,139.38400000000001,-43.83500000000001,8.207999999999991
2026-03-23T18:41:01.569210,2961.637,2816.781,139.38400000000001,-43.83500000000001,5.471999999999988
2026-03-23T18:41:02.575221,2961.637,2816.781,139.38400000000001,-43.83500000000001,5.471999999999988
2026-03-23T18:41:03.581440,2961.637,2816.781,139.38400000000001,-43.83500000000001,5.471999999999988
2026-03-23T18:41:04.586450,2961.637,2816.781,139.38400000000001,-43.83500000000001,5.471999999999988
2026-03-23T18:41:05.591670,2961.637,2816.781,139.38400000000001,-43.83500000000001,5.471999999999988
2026-03-23T18:41:06.597150,2961.637,2816.781,139.38400000000001,-43.83500000000001,5.471999999999988
2026-03-23T18:41:07.603236,2961.637,2816.781,139.38400000000001,-43.83500000000001,5.471999999999988
2026-03-23T18:41:08.610284,2961.637,2816.781,139.38400000000001,-43.83500000000001,5.471999999999988
2026-03-23T18:41:09.617190,2961.637,2816.781,139.38400000000001,-43.83500000000001,5.471999999999988
2026-03-23T18:41:10.625028,2961.485,2816.781,139.38400000000001,-43.83500000000001,5.319999999999988
2026-03-23T18:41:11.632719,2961.485,2816.781,139.38400000000001,-43.83500000000001,5.319999999999988
2026-03-23T18:41:12.638897,2961.485,2816.781,139.38400000000001,-43.83500000000001,5.319999999999988
2026-03-23T18:41:13.643480,2961.485,2816.781,139.38400000000001,-43.83500000000001,5.319999999999988
2026-03-23T18:41:14.650682,2961.485,2816.781,139.38400000000001,-43.83500000000001,5.319999999999988
2026-03-23T18:41:15.656570,2961.485,2816.781,139.38400000000001,-43.83500000000001,5.319999999999988
2026-03-23T18:41:16.663588,2961.485,2816.781,139.38400000000001,-43.83500000000001,5.319999999999988
2026-03-23T18:41:17.669551,2961.485,2816.781,139.38400000000001,-43.83500000000001,5.319999999999988
2026-03-23T18:41:18.676086,2961.485,2816.781,139.38400000000001,-43.83500000000001,5.319999999999988
2026-03-23T18:41:19.681603,2955.253,2816.781,139.38400000000001,-43.83500000000001,-0.9120000000000008
2026-03-23T18:41:20.687158,2955.253,2816.781,139.38400000000001,-43.83500000000001,-0.9120000000000008
2026-03-23T18:41:21.692398,2955.253,2816.781,139.38400000000001,-43.83500000000001,-0.9120000000000008
2026-03-23T18:41:22.698179,2955.253,2816.781,139.38400000000001,-43.83500000000001,-0.9120000000000008
2026-03-23T18:41:23.705925,2955.253,2816.781,139.38400000000001,-43.83500000000001,-0.9120000000000008
2026-03-23T18:41:24.717818,2955.253,2816.781,139.38400000000001,-43.83500000000001,-0.9120000000000008
2026-03-23T18:41:25.724505,2955.253,2816.781,139.38400000000001,-43.83500000000001,-0.9120000000000008
2026-03-23T18:41:26.730239,2955.253,2816.781,139.38400000000001,-43.83500000000001,-0.9120000000000008
2026-03-23T18:41:27.734443,2955.253,2816.781,139.38400000000001,-43.83500000000001,-0.9120000000000008
2026-03-23T18:41:28.739823,2958.445,2816.781,139.38400000000001,-43.83500000000001,2.280000000000002
2026-03-23T18:41:29.745536,2958.445,2816.781,139.38400000000001,-43.83500000000001,2.280000000000002
2026-03-23T18:41:30.750658,2958.445,2816.781,139.38400000000001,-43.83500000000001,2.280000000000002
2026-03-23T18:41:31.756562,2958.445,2816.781,139.38400000000001,-43.83500000000001,2.280000000000002
2026-03-23T18:41:32.763771,2958.445,2816.781,139.38400000000001,-43.83500000000001,2.280000000000002
2026-03-23T18:41:33.769603,2958.445,2816.781,139.38400000000001,-43.83500000000001,2.280000000000002
2026-03-23T18:41:34.776279,2958.445,2816.781,139.38400000000001,-43.83500000000001,2.280000000000002
2026-03-23T18:41:35.782228,2958.445,2816.781,139.38400000000001,-43.83500000000001,2.280000000000002
2026-03-23T18:41:36.787639,2958.445,2816.781,139.38400000000001,-43.83500000000001,2.280000000000002
2026-03-23T18:41:37.794037,2958.445,2816.781,139.38400000000001,-43.83500000000001,2.280000000000002
2026-03-23T18:41:38.799538,2952.061,2816.781,139.38400000000001,-43.83500000000001,-4.104000000000004
2026-03-23T18:41:39.807241,2952.061,2816.781,139.38400000000001,-43.83500000000001,-4.104000000000004
2026-03-23T18:41:40.813652,2952.061,2816.781,139.38400000000001,-43.83500000000001,-4.104000000000004
2026-03-23T18:41:41.819428,2952.061,2816.781,139.38400000000001,-43.83500000000001,-4.104000000000004
2026-03-23T18:41:42.832527,2952.061,2816.781,139.38400000000001,-43.83500000000001,-4.104000000000004
2026-03-23T18:41:43.837849,2952.061,2816.781,139.38400000000001,-43.83500000000001,-4.104000000000004
2026-03-23T18:41:44.843519,2952.061,2816.781,139.38400000000001,-43.83500000000001,-4.104000000000004
2026-03-23T18:41:45.848741,2952.061,2816.781,139.38400000000001,-43.83500000000001,-4.104000000000004
2026-03-23T18:41:46.853774,2952.061,2816.781,139.38400000000001,-43.83500000000001,-4.104000000000004
2026-03-23T18:41:47.859571,2952.061,2816.781,139.38400000000001,-43.83500000000001,-4.104000000000004
2026-03-23T18:41:48.865114,2952.061,2816.781,139.38400000000001,-43.83500000000001,-4.104000000000004
2026-03-23T18:41:49.873285,2952.061,2816.781,139.38400000000001,-43.83500000000001,-4.104000000000004
2026-03-23T18:41:50.879108,2952.061,2816.781,139.38400000000001,-43.83500000000001,-4.104000000000004
2026-03-23T18:41:51.884588,2952.061,2816.781,139.38400000000001,-43.83500000000001,-4.104000000000004
2026-03-23T18:41:52.894022,2952.061,2816.781,139.38400000000001,-43.83500000000001,-4.104000000000004
2026-03-23T18:41:53.899543,2952.061,2816.781,139.38400000000001,-43.83500000000001,-4.104000000000004
2026-03-23T18:41:54.904774,2952.061,2816.781,139.38400000000001,-43.83500000000001,-4.104000000000004
2026-03-23T18:41:55.910292,2952.061,2816.781,139.38400000000001,-43.83500000000001,-4.104000000000004
2026-03-23T18:41:56.916547,2952.061,2816.781,139.38400000000001,-43.83500000000001,-4.104000000000004
2026-03-23T18:41:57.922477,2952.061,2816.781,139.38400000000001,-43.83500000000001,-4.104000000000004
2026-03-23T18:41:58.927214,2956.925,2816.781,139.38400000000001,-43.83500000000001,0.7600000000000007
2026-03-23T18:41:59.935177,2956.925,2816.781,139.38400000000001,-43.83500000000001,0.7600000000000007
2026-03-23T18:42:00.940226,2956.925,2816.781,139.38400000000001,-43.83500000000001,0.7600000000000007
2026-03-23T18:42:01.949728,2956.925,2816.781,139.38400000000001,-43.83500000000001,0.7600000000000007
2026-03-23T18:42:02.957217,2956.925,2816.781,139.38400000000001,-43.83500000000001,0.7600000000000007
2026-03-23T18:42:03.963071,2956.925,2816.781,139.38400000000001,-43.83500000000001,0.7600000000000007
2026-03-23T18:42:04.969177,2956.925,2816.781,139.38400000000001,-43.83500000000001,0.7600000000000007
2026-03-23T18:42:05.974542,2956.925,2816.781,139.38400000000001,-43.83500000000001,0.7600000000000007
2026-03-23T18:42:06.980226,2956.925,2816.781,139.38400000000001,-43.83500000000001,0.7600000000000007
2026-03-23T18:42:07.986405,2956.925,2816.781,139.38400000000001,-43.83500000000001,0.7600000000000007
2026-03-23T18:42:08.991207,2956.925,2816.781,139.38400000000001,-43.83500000000001,0.7600000000000007
2026-03-23T18:42:09.999283,2956.925,2816.781,139.38400000000001,-43.83500000000001,0.7600000000000007
2026-03-23T18:42:11.005274,2956.925,2816.781,139.38400000000001,-43.83500000000001,0.7600000000000007
2026-03-23T18:42:12.015211,2956.925,2816.781,139.38400000000001,-43.83500000000001,0.7600000000000007
2026-03-23T18:42:13.020546,2956.925,2816.781,139.38400000000001,-43.83500000000001,0.7600000000000007
2026-03-23T18:42:14.027063,2956.925,2816.781,139.38400000000001,-43.83500000000001,0.7600000000000007
2026-03-23T18:42:15.032528,2956.925,2816.781,139.38400000000001,-43.83500000000001,0.7600000000000007
2026-03-23T18:42:16.039210,2952.061,2816.781,139.38400000000001,-43.83500000000001,-4.104000000000004
2026-03-23T18:42:17.044085,2952.061,2816.781,139.38400000000001,-43.83500000000001,-4.104000000000004
2026-03-23T18:42:18.051213,2952.061,2816.781,139.38400000000001,-43.83500000000001,-4.104000000000004
2026-03-23T18:42:19.056638,2952.061,2816.781,139.38400000000001,-43.83500000000001,-4.104000000000004
2026-03-23T18:42:20.063054,2952.061,2816.781,139.38400000000001,-43.83500000000001,-4.104000000000004
2026-03-23T18:42:21.067887,2952.061,2816.781,139.38400000000001,-43.83500000000001,-4.104000000000004
2026-03-23T18:42:22.078225,2952.061,2816.781,139.38400000000001,-43.83500000000001,-4.104000000000004
2026-03-23T18:42:23.084681,2952.061,2816.781,139.38400000000001,-43.83500000000001,-4.104000000000004
2026-03-23T18:42:24.089600,2952.061,2816.781,139.38400000000001,-43.83500000000001,-4.104000000000004
2026-03-23T18:42:25.094526,2961.485,2816.781,139.38400000000001,-43.83500000000001,5.319999999999988
2026-03-23T18:42:26.109392,2961.485,2816.781,139.38400000000001,-43.83500000000001,5.319999999999988
2026-03-23T18:42:27.114563,2961.485,2816.781,139.38400000000001,-43.83500000000001,5.319999999999988
2026-03-23T18:42:28.121491,2961.485,2816.781,139.38400000000001,-43.83500000000001,5.319999999999988
2026-03-23T18:42:29.126920,2961.485,2816.781,139.38400000000001,-43.83500000000001,5.319999999999988
2026-03-23T18:42:30.153430,2961.485,2816.781,139.38400000000001,-43.83500000000001,5.319999999999988
2026-03-23T18:42:31.174115,2961.485,2816.781,139.38400000000001,-43.83500000000001,5.319999999999988
2026-03-23T18:42:32.180272,2961.485,2816.781,139.38400000000001,-43.83500000000001,5.319999999999988
2026-03-23T18:42:33.186204,2961.485,2816.781,139.38400000000001,-43.83500000000001,5.319999999999988
2026-03-23T18:42:34.193976,2963.005,2816.781,139.38400000000001,-43.83500000000001,6.839999999999989
2026-03-23T18:42:35.200535,2963.005,2816.781,139.38400000000001,-43.83500000000001,6.839999999999989
2026-03-23T18:42:36.205304,2963.005,2816.781,139.38400000000001,-43.83500000000001,6.839999999999989
2026-03-23T18:42:37.210092,2963.005,2816.781,139.38400000000001,-43.83500000000001,6.839999999999989
2026-03-23T18:42:38.215342,2963.005,2816.781,139.38400000000001,-43.83500000000001,6.839999999999989
2026-03-23T18:42:39.220089,2963.005,2816.781,139.38400000000001,-43.83500000000001,6.839999999999989
2026-03-23T18:42:40.228692,2963.005,2816.781,139.38400000000001,-43.83500000000001,6.839999999999989
2026-03-23T18:42:41.234577,2963.005,2816.781,139.38400000000001,-43.83500000000001,6.839999999999989
2026-03-23T18:42:42.240751,2963.005,2816.781,139.38400000000001,-43.83500000000001,6.839999999999989
2026-03-23T18:42:43.248642,2963.613,2816.781,139.38400000000001,-43.83500000000001,7.44799999999999
2026-03-23T18:42:44.260360,2963.613,2816.781,139.38400000000001,-43.83500000000001,7.44799999999999
2026-03-23T18:42:45.266133,2963.613,2816.781,139.38400000000001,-43.83500000000001,7.44799999999999
2026-03-23T18:42:46.272114,2963.613,2816.781,139.38400000000001,-43.83500000000001,7.44799999999999
2026-03-23T18:42:47.282340,2963.613,2816.781,139.38400000000001,-43.83500000000001,7.44799999999999
2026-03-23T18:42:48.287491,2963.613,2816.781,139.38400000000001,-43.83500000000001,7.44799999999999
2026-03-23T18:42:49.293331,2963.613,2816.781,139.38400000000001,-43.83500000000001,7.44799999999999
2026-03-23T18:42:50.299847,2963.613,2816.781,139.38400000000001,-43.83500000000001,7.44799999999999
2026-03-23T18:42:51.315032,2963.613,2816.781,139.38400000000001,-43.83500000000001,7.44799999999999
2026-03-23T18:42:52.320664,2963.613,2816.781,139.38400000000001,-43.83500000000001,7.44799999999999
2026-03-23T18:42:53.325873,2963.613,2816.781,139.38400000000001,-43.83500000000001,7.44799999999999
2026-03-23T18:42:54.331548,2966.197,2816.781,139.38400000000001,-43.83500000000001,10.031999999999993
2026-03-23T18:42:55.338101,2966.197,2816.781,139.38400000000001,-43.83500000000001,10.031999999999993
2026-03-23T18:42:56.347594,2966.197,2816.781,139.38400000000001,-43.83500000000001,10.031999999999993
2026-03-23T18:42:57.353588,2966.197,2816.781,139.38400000000001,-43.83500000000001,10.031999999999993
2026-03-23T18:42:58.359922,2966.197,2816.781,139.38400000000001,-43.83500000000001,10.031999999999993
2026-03-23T18:42:59.369425,2966.197,2816.781,139.38400000000001,-43.83500000000001,10.031999999999993
2026-03-23T18:43:00.375663,2966.197,2816.781,139.38400000000001,-43.83500000000001,10.031999999999993
2026-03-23T18:43:01.381606,2966.197,2816.781,139.38400000000001,-43.83500000000001,10.031999999999993
2026-03-23T18:43:02.390333,2966.197,2816.781,139.38400000000001,-43.83500000000001,10.031999999999993
2026-03-23T18:43:03.395063,2967.109,2816.781,139.38400000000001,-43.83500000000001,10.943999999999992
2026-03-23T18:43:04.401224,2967.109,2816.781,139.38400000000001,-43.83500000000001,10.943999999999992
2026-03-23T18:43:05.406840,2967.109,2816.781,139.38400000000001,-43.83500000000001,10.943999999999992
2026-03-23T18:43:06.412522,2967.109,2816.781,139.38400000000001,-43.83500000000001,10.943999999999992
2026-03-23T18:43:07.418263,2967.109,2816.781,139.38400000000001,-43.83500000000001,10.943999999999992
2026-03-23T18:43:08.424012,2967.109,2816.781,139.38400000000001,-43.83500000000001,10.943999999999992
2026-03-23T18:43:09.430628,2967.109,2816.781,139.38400000000001,-43.83500000000001,10.943999999999992
2026-03-23T18:43:10.436532,2967.109,2816.781,139.38400000000001,-43.83500000000001,10.943999999999992
2026-03-23T18:43:11.443182,2967.109,2816.781,139.38400000000001,-43.83500000000001,10.943999999999992
2026-03-23T18:43:12.450256,2967.413,2816.781,139.38400000000001,-43.83500000000001,11.247999999999994
2026-03-23T18:43:13.456371,2967.413,2816.781,139.38400000000001,-43.83500000000001,11.247999999999994
2026-03-23T18:43:14.462510,2967.413,2816.781,139.38400000000001,-43.83500000000001,11.247999999999994
2026-03-23T18:43:15.468658,2967.413,2816.781,139.38400000000001,-43.83500000000001,11.247999999999994
2026-03-23T18:43:16.475094,2967.413,2816.781,139.38400000000001,-43.83500000000001,11.247999999999994
2026-03-23T18:43:17.484801,2967.413,2816.781,139.38400000000001,-43.83500000000001,11.247999999999994
2026-03-23T18:43:18.490590,2967.413,2816.781,139.38400000000001,-43.83500000000001,11.247999999999994
2026-03-23T18:43:19.495807,2967.413,2816.781,139.38400000000001,-43.83500000000001,11.247999999999994
2026-03-23T18:43:20.501138,2967.413,2816.781,139.38400000000001,-43.83500000000001,11.247999999999994
2026-03-23T18:43:21.507232,2968.0209999999997,2816.781,139.38400000000001,-43.83500000000001,11.855999999999995
2026-03-23T18:43:22.517263,2968.0209999999997,2816.781,139.38400000000001,-43.83500000000001,11.855999999999995
2026-03-23T18:43:23.524113,2968.0209999999997,2816.781,139.38400000000001,-43.83500000000001,11.855999999999995
2026-03-23T18:43:24.531399,2968.0209999999997,2816.781,139.38400000000001,-43.83500000000001,11.855999999999995
2026-03-23T18:43:25.536452,2968.0209999999997,2816.781,139.38400000000001,-43.83500000000001,11.855999999999995
2026-03-23T18:43:26.543064,2968.0209999999997,2816.781,139.38400000000001,-43.83500000000001,11.855999999999995
2026-03-23T18:43:27.549111,2968.0209999999997,2816.781,139.38400000000001,-43.83500000000001,11.855999999999995
2026-03-23T18:43:28.554631,2968.0209999999997,2816.781,139.38400000000001,-43.83500000000001,11.855999999999995
2026-03-23T18:43:29.561214,2968.0209999999997,2816.781,139.38400000000001,-43.83500000000001,11.855999999999995
2026-03-23T18:43:30.567576,2968.477,2816.781,139.38400000000001,-43.83500000000001,12.311999999999994
2026-03-23T18:43:31.574656,2968.477,2816.781,139.38400000000001,-43.83500000000001,12.311999999999994
2026-03-23T18:43:32.580538,2968.477,2816.781,139.38400000000001,-43.83500000000001,12.311999999999994
2026-03-23T18:43:33.586165,2968.477,2816.781,139.38400000000001,-43.83500000000001,12.311999999999994
2026-03-23T18:43:34.591777,2968.477,2816.781,139.38400000000001,-43.83500000000001,12.311999999999994
2026-03-23T18:43:35.602570,2968.477,2816.781,139.38400000000001,-43.83500000000001,12.311999999999994
2026-03-23T18:43:36.608411,2968.477,2816.781,139.38400000000001,-43.83500000000001,12.311999999999994
2026-03-23T18:43:37.614827,2968.477,2816.781,139.38400000000001,-43.83500000000001,12.311999999999994
2026-03-23T18:43:38.620735,2968.477,2816.781,139.38400000000001,-43.83500000000001,12.311999999999994
2026-03-23T18:43:39.627060,2968.629,2816.781,139.38400000000001,-43.83500000000001,12.463999999999995
2026-03-23T18:43:40.632454,2968.629,2816.781,139.38400000000001,-43.83500000000001,12.463999999999995
2026-03-23T18:43:41.638097,2968.629,2816.781,139.38400000000001,-43.83500000000001,12.463999999999995
2026-03-23T18:43:42.646120,2968.629,2816.781,139.38400000000001,-43.83500000000001,12.463999999999995
2026-03-23T18:43:43.651747,2968.629,2816.781,139.38400000000001,-43.83500000000001,12.463999999999995
2026-03-23T18:43:44.657112,2968.629,2816.781,139.38400000000001,-43.83500000000001,12.463999999999995
2026-03-23T18:43:45.663236,2968.629,2816.781,139.38400000000001,-43.83500000000001,12.463999999999995
2026-03-23T18:43:46.668198,2968.629,2816.781,139.38400000000001,-43.83500000000001,12.463999999999995
2026-03-23T18:43:47.673504,2968.629,2816.781,139.38400000000001,-43.83500000000001,12.463999999999995
2026-03-23T18:43:48.679211,2968.629,2816.781,139.38400000000001,-43.83500000000001,12.463999999999995
2026-03-23T18:43:49.685536,2968.629,2816.781,139.38400000000001,-43.83500000000001,12.463999999999995
2026-03-23T18:43:50.690859,2968.629,2816.781,139.38400000000001,-43.83500000000001,12.463999999999995
2026-03-23T18:43:51.696259,2968.629,2816.781,139.38400000000001,-43.83500000000001,12.463999999999995
2026-03-23T18:43:52.703050,2968.629,2816.781,139.38400000000001,-43.83500000000001,12.463999999999995
2026-03-23T18:43:53.709052,2968.629,2816.781,139.38400000000001,-43.83500000000001,12.463999999999995
2026-03-23T18:43:54.720121,2968.629,2816.781,139.38400000000001,-43.83500000000001,12.463999999999995
2026-03-23T18:43:55.740634,2968.629,2816.781,139.38400000000001,-43.83500000000001,12.463999999999995
2026-03-23T18:43:56.752128,2968.629,2816.781,139.38400000000001,-43.83500000000001,12.463999999999995
2026-03-23T18:43:57.767145,2968.629,2816.781,139.38400000000001,-43.83500000000001,12.463999999999995
2026-03-23T18:43:58.779129,2968.629,2816.781,139.38400000000001,-43.83500000000001,12.463999999999995
2026-03-23T18:43:59.797167,2968.629,2816.781,139.38400000000001,-43.83500000000001,12.463999999999995
2026-03-23T18:44:00.812769,2968.629,2816.781,139.38400000000001,-43.83500000000001,12.463999999999995
2026-03-23T18:44:01.826189,2968.629,2816.781,139.38400000000001,-43.83500000000001,12.463999999999995
2026-03-23T18:44:02.850499,2968.629,2816.781,139.38400000000001,-43.83500000000001,12.463999999999995
2026-03-23T18:44:03.857425,2968.629,2816.781,139.38400000000001,-43.83500000000001,12.463999999999995
2026-03-23T18:44:04.863643,2968.629,2816.781,139.38400000000001,-43.83500000000001,12.463999999999995
2026-03-23T18:44:05.869886,2968.629,2816.781,139.38400000000001,-43.83500000000001,12.463999999999995
2026-03-23T18:44:06.876444,2968.629,2816.781,139.38400000000001,-43.83500000000001,12.463999999999995
2026-03-23T18:44:07.882760,2968.629,2816.781,139.38400000000001,-43.83500000000001,12.463999999999995
2026-03-23T18:44:08.889592,2968.629,2816.781,139.38400000000001,-43.83500000000001,12.463999999999995
2026-03-23T18:44:09.896147,2968.629,2816.781,139.38400000000001,-43.83500000000001,12.463999999999995
2026-03-23T18:44:10.902121,2968.629,2816.781,139.38400000000001,-43.83500000000001,12.463999999999995
2026-03-23T18:44:11.909222,2968.629,2816.781,139.38400000000001,-43.83500000000001,12.463999999999995
2026-03-23T18:44:12.915517,2968.629,2816.781,139.38400000000001,-43.83500000000001,12.463999999999995
2026-03-23T18:44:13.928613,2968.629,2816.781,139.38400000000001,-43.83500000000001,12.463999999999995
2026-03-23T18:44:14.936887,2968.629,2816.781,139.38400000000001,-43.83500000000001,12.463999999999995
2026-03-23T18:44:15.945306,2968.629,2816.781,139.38400000000001,-43.83500000000001,12.463999999999995
2026-03-23T18:44:16.958279,2968.629,2816.781,139.38400000000001,-43.83500000000001,12.463999999999995
2026-03-23T18:44:17.964681,2968.629,2816.781,139.38400000000001,-43.83500000000001,12.463999999999995
2026-03-23T18:44:18.971547,2968.629,2816.781,139.38400000000001,-43.83500000000001,12.463999999999995
2026-03-23T18:44:19.981518,2968.629,2816.781,139.38400000000001,-43.83500000000001,12.463999999999995
2026-03-23T18:44:20.987502,2968.629,2816.781,139.38400000000001,-43.83500000000001,12.463999999999995
2026-03-23T18:44:21.993771,2968.629,2816.781,139.38400000000001,-43.83500000000001,12.463999999999995
2026-03-23T18:44:23.002809,2968.629,2816.781,139.38400000000001,-43.83500000000001,12.463999999999995
2026-03-23T18:44:24.008629,2968.629,2816.781,139.38400000000001,-43.83500000000001,12.463999999999995
2026-03-23T18:44:25.015726,2968.629,2816.781,139.38400000000001,-43.83500000000001,12.463999999999995
2026-03-23T18:44:26.020767,2968.629,2816.781,139.38400000000001,-43.83500000000001,12.463999999999995
2026-03-23T18:44:27.030775,2968.629,2816.781,139.38400000000001,-43.83500000000001,12.463999999999995
2026-03-23T18:44:28.035777,2968.629,2816.781,139.38400000000001,-43.83500000000001,12.463999999999995
2026-03-23T18:44:29.041514,2968.629,2816.781,139.38400000000001,-43.83500000000001,12.463999999999995
2026-03-23T18:44:30.048114,2968.629,2816.781,139.38400000000001,-43.83500000000001,12.463999999999995
2026-03-23T18:44:31.054168,2968.629,2816.781,139.38400000000001,-43.83500000000001,12.463999999999995
2026-03-23T18:44:32.060411,2968.629,2816.781,139.38400000000001,-43.83500000000001,12.463999999999995
2026-03-23T18:44:33.067638,2968.629,2816.781,139.38400000000001,-43.83500000000001,12.463999999999995
2026-03-23T18:44:34.075253,2968.629,2816.781,139.38400000000001,-43.83500000000001,12.463999999999995
2026-03-23T18:44:35.082141,2968.629,2816.781,139.38400000000001,-43.83500000000001,12.463999999999995
2026-03-23T18:44:36.095329,2968.629,2816.781,139.38400000000001,-43.83500000000001,12.463999999999995
2026-03-23T18:44:37.110291,2968.629,2816.781,139.38400000000001,-43.83500000000001,12.463999999999995
2026-03-23T18:44:38.116599,2968.629,2816.781,139.38400000000001,-43.83500000000001,12.463999999999995
2026-03-23T18:44:39.124258,2968.629,2816.781,139.38400000000001,-43.83500000000001,12.463999999999995
2026-03-23T18:44:40.130449,2968.629,2816.781,139.38400000000001,-43.83500000000001,12.463999999999995
2026-03-23T18:44:41.136061,2968.629,2816.781,139.38400000000001,-43.83500000000001,12.463999999999995
2026-03-23T18:44:42.141660,2968.629,2816.781,139.38400000000001,-43.83500000000001,12.463999999999995
2026-03-23T18:44:43.148299,2968.629,2816.781,139.38400000000001,-43.83500000000001,12.463999999999995
2026-03-23T18:44:44.155499,2968.629,2816.781,139.38400000000001,-43.83500000000001,12.463999999999995
2026-03-23T18:44:45.162151,2968.629,2816.781,139.38400000000001,-43.83500000000001,12.463999999999995
2026-03-23T18:44:46.169864,2968.629,2816.781,139.38400000000001,-43.83500000000001,12.463999999999995
2026-03-23T18:44:47.177440,2968.629,2816.781,139.38400000000001,-43.83500000000001,12.463999999999995
2026-03-23T18:44:48.183629,2968.629,2816.781,139.38400000000001,-43.83500000000001,12.463999999999995
2026-03-23T18:44:49.191052,2968.629,2816.781,139.38400000000001,-43.83500000000001,12.463999999999995
2026-03-23T18:44:50.196505,2968.629,2816.781,139.38400000000001,-43.83500000000001,12.463999999999995
2026-03-23T18:44:51.202564,2968.629,2816.781,139.38400000000001,-43.83500000000001,12.463999999999995
2026-03-23T18:44:52.208569,2968.629,2816.781,139.38400000000001,-43.83500000000001,12.463999999999995
2026-03-23T18:44:53.215208,2968.629,2816.781,139.38400000000001,-43.83500000000001,12.463999999999995
2026-03-23T18:44:54.222541,2968.629,2816.781,139.38400000000001,-43.83500000000001,12.463999999999995
2026-03-23T18:44:55.228042,2968.629,2816.781,139.38400000000001,-43.83500000000001,12.463999999999995
2026-03-23T18:44:56.233365,2968.629,2816.781,139.38400000000001,-43.83500000000001,12.463999999999995
2026-03-23T18:44:57.241316,2968.629,2816.781,139.38400000000001,-43.83500000000001,12.463999999999995
2026-03-23T18:44:58.247830,2968.629,2816.781,139.38400000000001,-43.83500000000001,12.463999999999995
2026-03-23T18:44:59.254117,2968.629,2816.781,139.38400000000001,-43.83500000000001,12.463999999999995
2026-03-23T18:45:00.263173,2968.629,2816.781,139.38400000000001,-43.83500000000001,12.463999999999995
2026-03-23T18:45:01.269827,2968.629,2816.781,139.38400000000001,-43.83500000000001,12.463999999999995
2026-03-23T18:45:02.276809,2816.781,2816.781,0.0,-183.21900000000002,0
2026-03-23T18:45:03.282694,2816.781,2816.781,0.0,-183.21900000000002,0
2026-03-23T18:45:04.289285,2816.781,2816.781,0.0,-183.21900000000002,0
2026-03-23T18:45:05.294920,2816.781,2816.781,0.0,-183.21900000000002,0
2026-03-23T18:45:06.303690,2815.741,2675.381,140.36,-184.25900000000001,0.0
2026-03-23T18:45:07.308624,2815.741,2675.381,140.36,-184.25900000000001,0.0
2026-03-23T18:45:08.313826,2815.741,2675.381,140.36,-184.25900000000001,0.0
2026-03-23T18:45:09.319475,2815.741,2675.381,140.36,-184.25900000000001,0.0
2026-03-23T18:45:10.324772,2815.741,2675.381,140.36,-184.25900000000001,0.0
2026-03-23T18:45:11.330528,2815.741,2675.381,140.36,-184.25900000000001,0.0
2026-03-23T18:45:12.336246,2815.741,2675.381,140.36,-184.25900000000001,0.0
2026-03-23T18:45:13.343219,2815.741,2675.381,140.36,-184.25900000000001,0.0
2026-03-23T18:45:14.350210,2815.741,2675.381,140.36,-184.25900000000001,-2.6867397195928788e-14
2026-03-23T18:45:15.358487,2815.741,2675.381,140.36,-184.25900000000001,-2.6867397195928788e-14
2026-03-23T18:45:16.365682,2815.741,2675.381,140.36,-184.25900000000001,-2.6867397195928788e-14
2026-03-23T18:45:17.381232,2815.741,2675.381,140.36,-184.25900000000001,-2.6867397195928788e-14
2026-03-23T18:45:18.415311,2815.741,2675.381,140.36,-184.25900000000001,-2.6867397195928788e-14
2026-03-23T18:45:19.467345,2815.741,2675.381,140.36,-184.25900000000001,-2.6867397195928788e-14
2026-03-23T18:45:20.474874,2815.741,2675.381,140.36,-184.25900000000001,-2.6867397195928788e-14
2026-03-23T18:45:21.480869,2815.741,2675.381,140.36,-184.25900000000001,-2.6867397195928788e-14
2026-03-23T18:45:22.487259,2815.741,2675.381,140.36,-184.25900000000001,-2.6867397195928788e-14
2026-03-23T18:45:23.493479,2820.581,2675.381,140.36,-184.25900000000001,4.839999999999978
2026-03-23T18:45:24.498895,2820.581,2675.381,140.36,-184.25900000000001,4.839999999999978
2026-03-23T18:45:25.505535,2820.581,2675.381,140.36,-184.25900000000001,4.839999999999978
2026-03-23T18:45:26.515588,2820.581,2675.381,140.36,-184.25900000000001,4.839999999999978
2026-03-23T18:45:27.523747,2820.581,2675.381,140.36,-184.25900000000001,4.839999999999978
2026-03-23T18:45:28.534195,2820.581,2675.381,140.36,-184.25900000000001,4.839999999999978
2026-03-23T18:45:29.540701,2820.581,2675.381,140.36,-184.25900000000001,4.839999999999978
2026-03-23T18:45:30.548038,2820.581,2675.381,140.36,-184.25900000000001,4.839999999999978
2026-03-23T18:45:31.556324,2820.581,2675.381,140.36,-184.25900000000001,4.839999999999978
2026-03-23T18:45:32.565303,2813.321,2675.381,140.36,-184.25900000000001,-2.4200000000000292
2026-03-23T18:45:33.573812,2813.321,2675.381,140.36,-184.25900000000001,-2.4200000000000292
2026-03-23T18:45:34.579302,2813.321,2675.381,140.36,-184.25900000000001,-2.4200000000000292
2026-03-23T18:45:35.585685,2813.321,2675.381,140.36,-184.25900000000001,-2.4200000000000292
2026-03-23T18:45:36.592687,2813.321,2675.381,140.36,-184.25900000000001,-2.4200000000000292
2026-03-23T18:45:37.603210,2813.321,2675.381,140.36,-184.25900000000001,-2.4200000000000292
2026-03-23T18:45:38.611128,2813.321,2675.381,140.36,-184.25900000000001,-2.4200000000000292
2026-03-23T18:45:39.617786,2813.321,2675.381,140.36,-184.25900000000001,-2.4200000000000292
2026-03-23T18:45:40.623457,2813.321,2675.381,140.36,-184.25900000000001,-2.4200000000000292
2026-03-23T18:45:41.629484,2810.901,2675.381,140.36,-184.25900000000001,-4.840000000000004
2026-03-23T18:45:42.636392,2810.901,2675.381,140.36,-184.25900000000001,-4.840000000000004
2026-03-23T18:45:43.642518,2810.901,2675.381,140.36,-184.25900000000001,-4.840000000000004
2026-03-23T18:45:44.648638,2810.901,2675.381,140.36,-184.25900000000001,-4.840000000000004
2026-03-23T18:45:45.654732,2810.901,2675.381,140.36,-184.25900000000001,-4.840000000000004
2026-03-23T18:45:46.665305,2810.901,2675.381,140.36,-184.25900000000001,-4.840000000000004
2026-03-23T18:45:47.673537,2810.901,2675.381,140.36,-184.25900000000001,-4.840000000000004
2026-03-23T18:45:48.679296,2810.901,2675.381,140.36,-184.25900000000001,-4.840000000000004
2026-03-23T18:45:49.685585,2810.901,2675.381,140.36,-184.25900000000001,-4.840000000000004
2026-03-23T18:45:50.692526,2810.901,2675.381,140.36,-184.25900000000001,-4.840000000000004
2026-03-23T18:45:51.699490,2810.901,2675.381,140.36,-184.25900000000001,-4.840000000000004
2026-03-23T18:45:52.705909,2810.901,2675.381,140.36,-184.25900000000001,-4.840000000000004
2026-03-23T18:45:53.717816,2810.901,2675.381,140.36,-184.25900000000001,-4.840000000000004
2026-03-23T18:45:54.725070,2810.901,2675.381,140.36,-184.25900000000001,-4.840000000000004
2026-03-23T18:45:55.732433,2810.901,2675.381,140.36,-184.25900000000001,-4.840000000000004
2026-03-23T18:45:56.739770,2810.901,2675.381,140.36,-184.25900000000001,-4.840000000000004
2026-03-23T18:45:57.753222,2810.901,2675.381,140.36,-184.25900000000001,-4.840000000000004
2026-03-23T18:45:58.759560,2810.901,2675.381,140.36,-184.25900000000001,-4.840000000000004
2026-03-23T18:45:59.766670,2810.901,2675.381,140.36,-184.25900000000001,-4.840000000000004
2026-03-23T18:46:00.773530,2825.421,2675.381,140.36,-184.25900000000001,9.679999999999982
2026-03-23T18:46:01.784205,2825.421,2675.381,140.36,-184.25900000000001,9.679999999999982
2026-03-23T18:46:02.791332,2825.421,2675.381,140.36,-184.25900000000001,9.679999999999982
2026-03-23T18:46:03.798588,2825.421,2675.381,140.36,-184.25900000000001,9.679999999999982
2026-03-23T18:46:04.805643,2825.421,2675.381,140.36,-184.25900000000001,9.679999999999982
2026-03-23T18:46:05.812192,2825.421,2675.381,140.36,-184.25900000000001,9.679999999999982
2026-03-23T18:46:06.818463,2825.421,2675.381,140.36,-184.25900000000001,9.679999999999982
2026-03-23T18:46:07.830267,2825.421,2675.381,140.36,-184.25900000000001,9.679999999999982
2026-03-23T18:46:08.836759,2825.421,2675.381,140.36,-184.25900000000001,9.679999999999982
2026-03-23T18:46:09.843572,2825.421,2675.381,140.36,-184.25900000000001,9.679999999999982
2026-03-23T18:46:10.850376,2830.261,2830.261,0.0,-169.739,0
2026-03-23T18:46:11.863706,2830.261,2830.261,0.0,-169.739,0
2026-03-23T18:46:12.877365,2830.261,2830.261,0.0,-169.739,0
2026-03-23T18:46:13.885264,2830.261,2830.261,0.0,-169.739,0
2026-03-23T18:46:14.891442,2830.261,2830.261,0.0,-169.739,0
2026-03-23T18:46:15.902493,2830.261,2830.261,0.0,-169.739,0
2026-03-23T18:46:16.909677,2830.261,2830.261,0.0,-169.739,0
2026-03-23T18:46:17.920570,2830.261,2830.261,0.0,-169.739,0
2026-03-23T18:46:18.930807,2830.261,2830.261,0.0,-169.739,0
2026-03-23T18:46:19.940266,2830.261,2830.261,0.0,-169.739,0
2026-03-23T18:46:20.956548,2830.261,2830.261,0.0,-169.739,0
2026-03-23T18:46:21.969621,2830.261,2830.261,0.0,-169.739,0
2026-03-23T18:46:22.980584,2830.261,2830.261,0.0,-169.739,0
2026-03-23T18:46:23.995499,2830.261,2830.261,0.0,-169.739,0
2026-03-23T18:46:25.003864,2830.261,2830.261,0.0,-169.739,0
2026-03-23T18:46:26.011233,2830.261,2830.261,0.0,-169.739,0
2026-03-23T18:46:27.020198,2830.261,2830.261,0.0,-169.739,0
2026-03-23T18:46:28.031699,2830.261,2830.261,0.0,-169.739,0
2026-03-23T18:46:29.039236,2830.261,2830.261,0.0,-169.739,0
2026-03-23T18:46:30.053226,2830.261,2830.261,0.0,-169.739,0
2026-03-23T18:46:31.060447,2830.261,2830.261,0.0,-169.739,0
2026-03-23T18:46:32.067764,2830.261,2830.261,0.0,-169.739,0
2026-03-23T18:46:33.074723,2830.261,2830.261,0.0,-169.739,0
2026-03-23T18:46:34.086363,2830.261,2830.261,0.0,-169.739,0
2026-03-23T18:46:35.094107,2830.261,2830.261,0.0,-169.739,0
2026-03-23T18:46:36.102923,2830.261,2830.261,0.0,-169.739,0
2026-03-23T18:46:37.111202,2830.261,2830.261,0.0,-169.739,0
2026-03-23T18:46:38.119197,2830.261,2830.261,0.0,-169.739,0
2026-03-23T18:46:39.128230,2830.261,2830.261,0.0,-169.739,0
2026-03-23T18:46:40.137242,2830.261,2830.261,0.0,-169.739,0
2026-03-23T18:46:41.145680,2830.261,2830.261,0.0,-169.739,0
2026-03-23T18:46:42.155879,2830.261,2830.261,0.0,-169.739,0
2026-03-23T18:46:43.167812,2830.261,2830.261,0.0,-169.739,0
2026-03-23T18:46:44.175769,2830.261,2830.261,0.0,-169.739,0
2026-03-23T18:46:45.184512,2830.261,2830.261,0.0,-169.739,0
2026-03-23T18:46:46.194222,2830.261,2830.261,0.0,-169.739,0
2026-03-23T18:46:47.201768,2830.261,2830.261,0.0,-169.739,0
2026-03-23T18:46:48.217037,2830.261,2830.261,0.0,-169.739,0
2026-03-23T18:46:49.230288,2830.261,2830.261,0.0,-169.739,0
2026-03-23T18:46:50.238186,2830.261,2830.261,0.0,-169.739,0
2026-03-23T18:46:51.245357,2830.261,2830.261,0.0,-169.739,0
2026-03-23T18:46:52.253569,2830.261,2830.261,0.0,-169.739,0
2026-03-23T18:46:53.262236,2830.261,2830.261,0.0,-169.739,0
2026-03-23T18:46:54.269513,2830.261,2830.261,0.0,-169.739,0
2026-03-23T18:46:55.276913,2830.261,2830.261,0.0,-169.739,0
2026-03-23T18:46:56.284320,2830.261,2830.261,0.0,-169.739,0
2026-03-23T18:46:57.301586,2830.261,2830.261,0.0,-169.739,0
2026-03-23T18:46:58.309151,2830.261,2830.261,0.0,-169.739,0
2026-03-23T18:46:59.319288,2830.261,2830.261,0.0,-169.739,0
2026-03-23T18:47:00.326274,2830.261,2830.261,0.0,-169.739,0
2026-03-23T18:47:01.336758,2830.261,2830.261,0.0,-169.739,0
2026-03-23T18:47:02.344162,2830.261,2830.261,0.0,-169.739,0
2026-03-23T18:47:03.355134,2830.261,2830.261,0.0,-169.739,0
2026-03-23T18:47:04.363701,2830.261,2830.261,0.0,-169.739,0
2026-03-23T18:47:05.370663,2830.261,2830.261,0.0,-169.739,0
2026-03-23T18:47:06.386488,2830.261,2830.261,0.0,-169.739,0
2026-03-23T18:47:07.399474,2830.261,2830.261,0.0,-169.739,0
2026-03-23T18:47:08.406791,2830.261,2830.261,0.0,-169.739,0
2026-03-23T18:47:09.416615,2830.261,2830.261,0.0,-169.739,0
2026-03-23T18:47:10.426294,2830.261,2830.261,0.0,-169.739,0
2026-03-23T18:47:11.434616,2830.261,2830.261,0.0,-169.739,0
2026-03-23T18:47:12.443545,2830.261,2830.261,0.0,-169.739,0
2026-03-23T18:47:13.452601,2830.261,2830.261,0.0,-169.739,0
2026-03-23T18:47:14.462663,2830.261,2830.261,0.0,-169.739,0
2026-03-23T18:47:15.471666,2830.261,2830.261,0.0,-169.739,0
2026-03-23T18:47:16.479554,2830.261,2830.261,0.0,-169.739,0
2026-03-23T18:47:17.487094,2830.261,2830.261,0.0,-169.739,0
2026-03-23T18:47:18.509518,2830.261,2830.261,0.0,-169.739,0
2026-03-23T18:47:19.517194,2830.261,2830.261,0.0,-169.739,0
2026-03-23T18:47:20.525299,2830.261,2830.261,0.0,-169.739,0
2026-03-23T18:47:21.533297,2830.261,2830.261,0.0,-169.739,0
2026-03-23T18:47:22.541444,2830.261,2830.261,0.0,-169.739,0
2026-03-23T18:47:23.554645,2830.261,2830.261,0.0,-169.739,0
2026-03-23T18:47:24.560903,2830.261,2830.261,0.0,-169.739,0
2026-03-23T18:47:25.567126,2830.261,2830.261,0.0,-169.739,0
2026-03-23T18:47:26.575108,2830.261,2830.261,0.0,-169.739,0
2026-03-23T18:47:27.590910,2830.261,2830.261,0.0,-169.739,0
2026-03-23T18:47:28.597986,2830.261,2830.261,0.0,-169.739,0
2026-03-23T18:47:29.606249,2830.261,2830.261,0.0,-169.739,0
2026-03-23T18:47:30.614127,2830.261,2830.261,0.0,-169.739,0
2026-03-23T18:47:31.621914,2830.261,2830.261,0.0,-169.739,0
2026-03-23T18:47:32.628925,2830.261,2830.261,0.0,-169.739,0
2026-03-23T18:47:33.636904,2830.261,2830.261,0.0,-169.739,0
2026-03-23T18:47:34.644338,2830.261,2830.261,0.0,-169.739,0
2026-03-23T18:47:35.654620,2830.261,2830.261,0.0,-169.739,0
2026-03-23T18:47:36.666662,2830.261,2830.261,0.0,-169.739,0
2026-03-23T18:47:37.673677,2830.261,2830.261,0.0,-169.739,0
2026-03-23T18:47:38.681420,2830.261,2830.261,0.0,-169.739,0
2026-03-23T18:47:39.688574,2830.261,2830.261,0.0,-169.739,0
2026-03-23T18:47:40.700182,2830.261,2830.261,0.0,-169.739,0
2026-03-23T18:47:41.706627,2830.261,2830.261,0.0,-169.739,0
2026-03-23T18:47:42.713689,2830.261,2830.261,0.0,-169.739,0
2026-03-23T18:47:43.722529,2830.261,2830.261,0.0,-169.739,0
2026-03-23T18:47:44.733595,2830.261,2830.261,0.0,-169.739,0
2026-03-23T18:47:45.741245,2830.261,2830.261,0.0,-169.739,0
2026-03-23T18:47:46.751887,2830.261,2830.261,0.0,-169.739,0
2026-03-23T18:47:47.759614,2830.261,2830.261,0.0,-169.739,0
2026-03-23T18:47:48.765492,2830.261,2830.261,0.0,-169.739,0
2026-03-23T18:47:49.777590,2830.261,2830.261,0.0,-169.739,0
2026-03-23T18:47:50.785227,2830.261,2830.261,0.0,-169.739,0
2026-03-23T18:47:51.791609,2830.261,2830.261,0.0,-169.739,0
2026-03-23T18:47:52.809640,2830.261,2830.261,0.0,-169.739,0
2026-03-23T18:47:53.821864,2830.261,2830.261,0.0,-169.739,0
2026-03-23T18:47:54.829570,2830.261,2830.261,0.0,-169.739,0
2026-03-23T18:47:55.837085,2830.261,2830.261,0.0,-169.739,0
2026-03-23T18:47:56.846141,2830.261,2830.261,0.0,-169.739,0
2026-03-23T18:47:57.859675,2830.261,2830.261,0.0,-169.739,0
2026-03-23T18:47:58.871189,2830.261,2830.261,0.0,-169.739,0
2026-03-23T18:47:59.881622,2830.261,2830.261,0.0,-169.739,0
2026-03-23T18:48:00.889545,2830.261,2830.261,0.0,-169.739,0
2026-03-23T18:48:01.900177,2830.261,2830.261,0.0,-169.739,0
2026-03-23T18:48:02.909619,2830.261,2830.261,0.0,-169.739,0
2026-03-23T18:48:03.917836,2830.261,2830.261,0.0,-169.739,0
2026-03-23T18:48:04.930044,2830.261,2830.261,0.0,-169.739,0
2026-03-23T18:48:05.944514,2830.261,2830.261,0.0,-169.739,0
2026-03-23T18:48:06.951571,2830.261,2830.261,0.0,-169.739,0
2026-03-23T18:48:07.958830,2830.261,2830.261,0.0,-169.739,0
2026-03-23T18:48:08.965744,2830.261,2830.261,0.0,-169.739,0
2026-03-23T18:48:09.972095,2830.261,2688.821,141.44,-169.739,0
2026-03-23T18:48:10.979414,2830.261,2688.821,141.44,-169.739,0
2026-03-23T18:48:11.988260,2829.361,2687.921,141.44,-170.639,0.0
2026-03-23T18:48:13.005997,2829.361,2687.921,141.44,-170.639,0.0
2026-03-23T18:48:14.031271,2829.361,2687.921,141.44,-170.639,0.0
2026-03-23T18:48:15.042323,2829.361,2687.921,141.44,-170.639,0.0
2026-03-23T18:48:16.059332,2829.361,2687.921,141.44,-170.639,0.0
2026-03-23T18:48:17.070682,2829.361,2687.921,141.44,-170.639,0.0
2026-03-23T18:48:18.096268,2829.361,2687.921,141.44,-170.639,0.0
2026-03-23T18:48:19.106690,2829.361,2687.921,141.44,-170.639,0.0
2026-03-23T18:48:20.116203,2829.361,2687.921,141.44,-170.639,0.0
2026-03-23T18:48:21.124601,2824.941,2687.921,141.44,-170.639,-4.4200000000000035
2026-03-23T18:48:22.141262,2824.941,2687.921,141.44,-170.639,-4.4200000000000035
2026-03-23T18:48:23.156786,2824.941,2687.921,141.44,-170.639,-4.4200000000000035
2026-03-23T18:48:24.168711,2824.941,2687.921,141.44,-170.639,-4.4200000000000035
2026-03-23T18:48:25.177222,2824.941,2687.921,141.44,-170.639,-4.4200000000000035
2026-03-23T18:48:26.186810,2824.941,2687.921,141.44,-170.639,-4.4200000000000035
2026-03-23T18:48:27.195971,2824.941,2687.921,141.44,-170.639,-4.4200000000000035
2026-03-23T18:48:28.204286,2824.941,2687.921,141.44,-170.639,-4.4200000000000035
2026-03-23T18:48:29.211918,2824.941,2687.921,141.44,-170.639,-4.4200000000000035
2026-03-23T18:48:30.219548,2690.131,2687.921,141.44,-170.639,-139.23
2026-03-23T18:48:31.229652,2822.7309999999998,2687.921,141.44,-170.639,-6.630000000000006
2026-03-23T18:48:32.241636,2822.7309999999998,2687.921,141.44,-170.639,-6.630000000000006
2026-03-23T18:48:33.250870,2822.7309999999998,2687.921,141.44,-170.639,-6.630000000000006
2026-03-23T18:48:34.257655,2822.7309999999998,2687.921,141.44,-170.639,-6.630000000000006
2026-03-23T18:48:35.265781,2822.7309999999998,2687.921,141.44,-170.639,-6.630000000000006
2026-03-23T18:48:36.273591,2822.7309999999998,2687.921,141.44,-170.639,-6.630000000000006
2026-03-23T18:48:37.296584,2822.7309999999998,2687.921,141.44,-170.639,-6.630000000000006
2026-03-23T18:48:38.304251,2822.7309999999998,2687.921,141.44,-170.639,-6.630000000000006
2026-03-23T18:48:39.311525,2822.7309999999998,2687.921,141.44,-170.639,-6.630000000000006
2026-03-23T18:48:40.320671,2818.3109999999997,2687.921,141.44,-170.639,-11.05000000000001
2026-03-23T18:48:41.330262,2818.3109999999997,2687.921,141.44,-170.639,-11.05000000000001
2026-03-23T18:48:42.339965,2818.3109999999997,2687.921,141.44,-170.639,-11.05000000000001
2026-03-23T18:48:43.354590,2818.3109999999997,2687.921,141.44,-170.639,-11.05000000000001
2026-03-23T18:48:44.364112,2818.3109999999997,2687.921,141.44,-170.639,-11.05000000000001
2026-03-23T18:48:45.371490,2818.3109999999997,2687.921,141.44,-170.639,-11.05000000000001
2026-03-23T18:48:46.383257,2818.3109999999997,2687.921,141.44,-170.639,-11.05000000000001
2026-03-23T18:48:47.390904,2818.3109999999997,2687.921,141.44,-170.639,-11.05000000000001
2026-03-23T18:48:48.399438,2818.3109999999997,2687.921,141.44,-170.639,-11.05000000000001
2026-03-23T18:48:49.407637,2802.841,2802.841,0.0,-197.15900000000002,0
2026-03-23T18:48:50.416040,2802.841,2802.841,0.0,-197.15900000000002,0
2026-03-23T18:48:51.424869,2802.841,2802.841,0.0,-197.15900000000002,0
2026-03-23T18:48:52.438234,2802.841,2802.841,0.0,-197.15900000000002,0
2026-03-23T18:48:53.450314,2802.841,2802.841,0.0,-197.15900000000002,0
2026-03-23T18:48:54.460104,2802.841,2802.841,0.0,-197.15900000000002,0
2026-03-23T18:48:55.467836,2802.841,2802.841,0.0,-197.15900000000002,0
2026-03-23T18:48:56.477434,2802.841,2802.841,0.0,-197.15900000000002,0
2026-03-23T18:48:57.486811,2802.841,2802.841,0.0,-197.15900000000002,0
2026-03-23T18:48:58.494450,2802.841,2802.841,0.0,-197.15900000000002,0
2026-03-23T18:48:59.503473,2802.841,2802.841,0.0,-197.15900000000002,0
2026-03-23T18:49:00.511441,2802.841,2802.841,0.0,-197.15900000000002,0
2026-03-23T18:49:01.521146,2802.841,2802.841,0.0,-197.15900000000002,0
2026-03-23T18:49:02.529343,2802.841,2802.841,0.0,-197.15900000000002,0
2026-03-23T18:49:03.538595,2802.841,2802.841,0.0,-197.15900000000002,0
2026-03-23T18:49:04.548577,2802.841,2802.841,0.0,-197.15900000000002,0
2026-03-23T18:49:05.555596,2802.841,2802.841,0.0,-197.15900000000002,0
2026-03-23T18:49:06.565336,2802.841,2802.841,0.0,-197.15900000000002,0
2026-03-23T18:49:07.575961,2802.841,2802.841,0.0,-197.15900000000002,0
2026-03-23T18:49:08.592422,2802.841,2802.841,0.0,-197.15900000000002,0
2026-03-23T18:49:09.608204,2802.841,2802.841,0.0,-197.15900000000002,0
2026-03-23T18:49:10.636056,2802.841,2802.841,0.0,-197.15900000000002,0
2026-03-23T18:49:11.644353,2802.841,2802.841,0.0,-197.15900000000002,0
2026-03-23T18:49:12.652849,2802.841,2802.841,0.0,-197.15900000000002,0
2026-03-23T18:49:13.660845,2802.841,2802.841,0.0,-197.15900000000002,0
2026-03-23T18:49:14.668598,2802.841,2802.841,0.0,-197.15900000000002,0
2026-03-23T18:49:15.676107,2802.841,2802.841,0.0,-197.15900000000002,0
2026-03-23T18:49:16.688067,2802.841,2802.841,0.0,-197.15900000000002,0
2026-03-23T18:49:17.702317,2802.841,2802.841,0.0,-197.15900000000002,0
2026-03-23T18:49:18.712374,2802.841,2802.841,0.0,-197.15900000000002,0
2026-03-23T18:49:19.721232,2802.841,2802.841,0.0,-197.15900000000002,0
2026-03-23T18:49:20.730684,2802.841,2802.841,0.0,-197.15900000000002,0
2026-03-23T18:49:21.740643,2802.841,2802.841,0.0,-197.15900000000002,0
2026-03-23T18:49:22.749675,2802.841,2802.841,0.0,-197.15900000000002,0
2026-03-23T18:49:23.757626,2802.841,2802.841,0.0,-197.15900000000002,0
2026-03-23T18:49:24.767547,2802.841,2802.841,0.0,-197.15900000000002,0
2026-03-23T18:49:25.776324,2802.841,2802.841,0.0,-197.15900000000002,0
2026-03-23T18:49:26.784528,2802.841,2802.841,0.0,-197.15900000000002,0
2026-03-23T18:49:27.810850,2802.841,2802.841,0.0,-197.15900000000002,0
2026-03-23T18:49:28.824556,2802.841,2802.841,0.0,-197.15900000000002,0
2026-03-23T18:49:29.832284,2802.841,2802.841,0.0,-197.15900000000002,0
2026-03-23T18:49:30.839486,2802.841,2802.841,0.0,-197.15900000000002,0
2026-03-23T18:49:31.853380,2802.841,2802.841,0.0,-197.15900000000002,0
2026-03-23T18:49:32.861172,2802.841,2802.841,0.0,-197.15900000000002,0
2026-03-23T18:49:33.867728,2802.841,2802.841,0.0,-197.15900000000002,0
2026-03-23T18:49:34.875799,2802.841,2802.841,0.0,-197.15900000000002,0
2026-03-23T18:49:35.882788,2802.841,2802.841,0.0,-197.15900000000002,0
2026-03-23T18:49:36.893837,2802.841,2802.841,0.0,-197.15900000000002,0
2026-03-23T18:49:37.903179,2802.841,2802.841,0.0,-197.15900000000002,0
2026-03-23T18:49:38.911188,2802.841,2802.841,0.0,-197.15900000000002,0
2026-03-23T18:49:39.920040,2802.841,2802.841,0.0,-197.15900000000002,0
2026-03-23T18:49:40.934122,2802.841,2802.841,0.0,-197.15900000000002,0
2026-03-23T18:49:41.941852,2802.841,2802.841,0.0,-197.15900000000002,0
2026-03-23T18:49:42.950190,2802.841,2802.841,0.0,-197.15900000000002,0
2026-03-23T18:49:43.958262,2802.841,2802.841,0.0,-197.15900000000002,0
2026-03-23T18:49:44.965410,2802.841,2802.841,0.0,-197.15900000000002,0
2026-03-23T18:49:45.972447,2802.841,2802.841,0.0,-197.15900000000002,0
2026-03-23T18:49:46.979706,2802.841,2802.841,0.0,-197.15900000000002,0
2026-03-23T18:49:47.986593,2802.841,2802.841,0.0,-197.15900000000002,0
2026-03-23T18:49:48.994230,2802.841,2802.841,0.0,-197.15900000000002,0
2026-03-23T18:49:50.001582,2802.841,2802.841,0.0,-197.15900000000002,0
2026-03-23T18:49:51.009474,2802.841,2802.841,0.0,-197.15900000000002,0
2026-03-23T18:49:52.018603,2802.841,2802.841,0.0,-197.15900000000002,0
2026-03-23T18:49:53.027452,2802.841,2802.841,0.0,-197.15900000000002,0
2026-03-23T18:49:54.034581,2802.841,2802.841,0.0,-197.15900000000002,0
2026-03-23T18:49:55.042924,2802.841,2802.841,0.0,-197.15900000000002,0
2026-03-23T18:49:56.049561,2802.841,2802.841,0.0,-197.15900000000002,0
2026-03-23T18:49:57.058160,2802.841,2802.841,0.0,-197.15900000000002,0
2026-03-23T18:49:58.065600,2802.841,2802.841,0.0,-197.15900000000002,0
2026-03-23T18:49:59.073923,2802.841,2802.841,0.0,-197.15900000000002,0
2026-03-23T18:50:00.081824,2802.841,2802.841,0.0,-197.15900000000002,0
2026-03-23T18:50:01.092064,2802.841,2802.841,0.0,-197.15900000000002,0
2026-03-23T18:50:02.100160,2802.841,2802.841,0.0,-197.15900000000002,0
2026-03-23T18:50:03.108921,2802.841,2802.841,0.0,-197.15900000000002,0
2026-03-23T18:50:04.117064,2802.841,2802.841,0.0,-197.15900000000002,0
2026-03-23T18:50:05.130558,2802.841,2802.841,0.0,-197.15900000000002,0
2026-03-23T18:50:06.138589,2802.841,2802.841,0.0,-197.15900000000002,0
2026-03-23T18:50:07.150214,2802.841,2802.841,0.0,-197.15900000000002,0
2026-03-23T18:50:08.157697,2802.841,2802.841,0.0,-197.15900000000002,0
2026-03-23T18:50:09.164444,2802.841,2802.841,0.0,-197.15900000000002,0
2026-03-23T18:50:10.173169,2802.841,2802.841,0.0,-197.15900000000002,0
2026-03-23T18:50:11.180881,2802.841,2802.841,0.0,-197.15900000000002,0
2026-03-23T18:50:12.188674,2802.841,2802.841,0.0,-197.15900000000002,0
2026-03-23T18:50:13.197487,2802.841,2663.411,139.43,-197.15900000000002,0
2026-03-23T18:50:14.207138,2802.841,2663.411,139.43,-197.15900000000002,0
2026-03-23T18:50:15.216185,2802.181,2662.751,139.43,-197.81900000000002,0.0
2026-03-23T18:50:16.227180,2802.181,2662.751,139.43,-197.81900000000002,0.0
2026-03-23T18:50:17.234599,2802.181,2662.751,139.43,-197.81900000000002,0.0
2026-03-23T18:50:18.251818,2802.181,2662.751,139.43,-197.81900000000002,0.0
2026-03-23T18:50:19.262184,2802.181,2662.751,139.43,-197.81900000000002,0.0
2026-03-23T18:50:20.272218,2802.181,2662.751,139.43,-197.81900000000002,0.0
2026-03-23T18:50:21.280325,2802.181,2662.751,139.43,-197.81900000000002,0.0
2026-03-23T18:50:22.288586,2784.991,2662.751,139.43,-197.81900000000002,-17.189999999999994
2026-03-23T18:50:23.302124,2784.991,2662.751,139.43,-197.81900000000002,-17.189999999999994
2026-03-23T18:50:24.311159,2784.991,2662.751,139.43,-197.81900000000002,-17.189999999999994
2026-03-23T18:50:25.318600,2784.991,2662.751,139.43,-197.81900000000002,-17.189999999999994
2026-03-23T18:50:26.327166,2784.991,2662.751,139.43,-197.81900000000002,-17.189999999999994
2026-03-23T18:50:27.349192,2784.991,2662.751,139.43,-197.81900000000002,-17.189999999999994
2026-03-23T18:50:28.363451,2784.991,2662.751,139.43,-197.81900000000002,-17.189999999999994
2026-03-23T18:50:29.372029,2784.991,2662.751,139.43,-197.81900000000002,-17.189999999999994
2026-03-23T18:50:30.381812,2784.991,2662.751,139.43,-197.81900000000002,-17.189999999999994
2026-03-23T18:50:31.390166,2784.991,2662.751,139.43,-197.81900000000002,-17.189999999999994
2026-03-23T18:50:32.399139,2784.991,2662.751,139.43,-197.81900000000002,-17.189999999999994
2026-03-23T18:50:33.411418,2804.091,2662.751,139.43,-197.81900000000002,1.9100000000000017
2026-03-23T18:50:34.430114,2804.091,2662.751,139.43,-197.81900000000002,1.9100000000000017
2026-03-23T18:50:35.441519,2804.091,2662.751,139.43,-197.81900000000002,1.9100000000000017
2026-03-23T18:50:36.448533,2804.091,2662.751,139.43,-197.81900000000002,1.9100000000000017
2026-03-23T18:50:37.456839,2804.091,2662.751,139.43,-197.81900000000002,1.9100000000000017
2026-03-23T18:50:38.466601,2804.091,2662.751,139.43,-197.81900000000002,1.9100000000000017
2026-03-23T18:50:39.474461,2804.091,2662.751,139.43,-197.81900000000002,1.9100000000000017
2026-03-23T18:50:40.481140,2804.091,2662.751,139.43,-197.81900000000002,1.9100000000000017
2026-03-23T18:50:41.488295,2804.091,2662.751,139.43,-197.81900000000002,1.9100000000000017
2026-03-23T18:50:42.496714,2790.721,2662.751,139.43,-197.81900000000002,-11.459999999999988
2026-03-23T18:50:43.505656,2790.721,2662.751,139.43,-197.81900000000002,-11.459999999999988
2026-03-23T18:50:44.513494,2790.721,2662.751,139.43,-197.81900000000002,-11.459999999999988
2026-03-23T18:50:45.521487,2790.721,2662.751,139.43,-197.81900000000002,-11.459999999999988
2026-03-23T18:50:46.529908,2790.721,2662.751,139.43,-197.81900000000002,-11.459999999999988
2026-03-23T18:50:47.539535,2790.721,2662.751,139.43,-197.81900000000002,-11.459999999999988
2026-03-23T18:50:48.547337,2790.721,2662.751,139.43,-197.81900000000002,-11.459999999999988
2026-03-23T18:50:49.563191,2790.721,2662.751,139.43,-197.81900000000002,-11.459999999999988
2026-03-23T18:50:50.571435,2790.721,2662.751,139.43,-197.81900000000002,-11.459999999999988
2026-03-23T18:50:51.579717,2790.721,2662.751,139.43,-197.81900000000002,-11.459999999999988
2026-03-23T18:50:52.587600,2796.451,2796.451,0.0,-203.54900000000004,0
2026-03-23T18:50:53.595460,2796.451,2796.451,0.0,-203.54900000000004,0
2026-03-23T18:50:54.603481,2796.451,2796.451,0.0,-203.54900000000004,0
2026-03-23T18:50:55.616126,2796.451,2796.451,0.0,-203.54900000000004,0
2026-03-23T18:50:56.624215,2796.451,2796.451,0.0,-203.54900000000004,0
2026-03-23T18:50:57.633084,2796.451,2796.451,0.0,-203.54900000000004,0
2026-03-23T18:50:58.641616,2796.451,2796.451,0.0,-203.54900000000004,0
2026-03-23T18:50:59.650540,2796.451,2796.451,0.0,-203.54900000000004,0
2026-03-23T18:51:00.657840,2796.451,2796.451,0.0,-203.54900000000004,0
2026-03-23T18:51:01.664872,2796.451,2796.451,0.0,-203.54900000000004,0
2026-03-23T18:51:02.676054,2796.451,2796.451,0.0,-203.54900000000004,0
2026-03-23T18:51:03.683482,2796.451,2796.451,0.0,-203.54900000000004,0
2026-03-23T18:51:04.692667,2796.451,2796.451,0.0,-203.54900000000004,0
2026-03-23T18:51:05.700846,2796.451,2796.451,0.0,-203.54900000000004,0
2026-03-23T18:51:06.708219,2796.451,2796.451,0.0,-203.54900000000004,0
2026-03-23T18:51:07.716611,2796.451,2796.451,0.0,-203.54900000000004,0
2026-03-23T18:51:08.723588,2796.451,2796.451,0.0,-203.54900000000004,0
2026-03-23T18:51:09.732605,2796.451,2796.451,0.0,-203.54900000000004,0
2026-03-23T18:51:10.740391,2796.451,2796.451,0.0,-203.54900000000004,0
2026-03-23T18:51:11.751315,2796.451,2796.451,0.0,-203.54900000000004,0
2026-03-23T18:51:12.761394,2795.571,2656.051,139.52,-204.42900000000003,0.0
2026-03-23T18:51:13.768710,2795.571,2656.051,139.52,-204.42900000000003,0.0
2026-03-23T18:51:14.777645,2795.571,2656.051,139.52,-204.42900000000003,0.0
2026-03-23T18:51:15.791570,2795.571,2656.051,139.52,-204.42900000000003,0.0
2026-03-23T18:51:16.801138,2795.571,2656.051,139.52,-204.42900000000003,0.0
2026-03-23T18:51:17.810355,2795.571,2656.051,139.52,-204.42900000000003,0.0
2026-03-23T18:51:18.818389,2795.571,2656.051,139.52,-204.42900000000003,0.0
2026-03-23T18:51:19.827619,2799.931,2656.051,139.52,-204.42900000000003,4.360000000000004
2026-03-23T18:51:20.842840,2799.931,2656.051,139.52,-204.42900000000003,4.360000000000004
2026-03-23T18:51:21.857311,2799.931,2656.051,139.52,-204.42900000000003,4.360000000000004
2026-03-23T18:51:22.868055,2799.931,2656.051,139.52,-204.42900000000003,4.360000000000004
2026-03-23T18:51:23.878137,2799.931,2656.051,139.52,-204.42900000000003,4.360000000000004
2026-03-23T18:51:24.887196,2799.931,2656.051,139.52,-204.42900000000003,4.360000000000004
2026-03-23T18:51:25.900518,2799.931,2656.051,139.52,-204.42900000000003,4.360000000000004
2026-03-23T18:51:26.908327,2799.931,2656.051,139.52,-204.42900000000003,4.360000000000004
2026-03-23T18:51:27.916558,2799.931,2656.051,139.52,-204.42900000000003,4.360000000000004
2026-03-23T18:51:28.925235,2799.931,2656.051,139.52,-204.42900000000003,4.360000000000004
2026-03-23T18:51:29.937225,2799.931,2656.051,139.52,-204.42900000000003,4.360000000000004
2026-03-23T18:51:30.961567,2799.931,2656.051,139.52,-204.42900000000003,4.360000000000004
2026-03-23T18:51:31.970236,2799.931,2656.051,139.52,-204.42900000000003,4.360000000000004
2026-03-23T18:51:32.982896,2799.931,2656.051,139.52,-204.42900000000003,4.360000000000004
2026-03-23T18:51:33.989761,2799.931,2656.051,139.52,-204.42900000000003,4.360000000000004
2026-03-23T18:51:34.997426,2799.931,2656.051,139.52,-204.42900000000003,4.360000000000004
2026-03-23T18:51:36.010657,2799.931,2656.051,139.52,-204.42900000000003,4.360000000000004
2026-03-23T18:51:37.019599,2799.931,2656.051,139.52,-204.42900000000003,4.360000000000004
2026-03-23T18:51:38.028065,2799.931,2656.051,139.52,-204.42900000000003,4.360000000000004
2026-03-23T18:51:39.035930,2791.211,2656.051,139.52,-204.42900000000003,-4.360000000000004
2026-03-23T18:51:40.046524,2791.211,2656.051,139.52,-204.42900000000003,-4.360000000000004
2026-03-23T18:51:41.055379,2791.211,2656.051,139.52,-204.42900000000003,-4.360000000000004
2026-03-23T18:51:42.064592,2791.211,2656.051,139.52,-204.42900000000003,-4.360000000000004
2026-03-23T18:51:43.074292,2791.211,2656.051,139.52,-204.42900000000003,-4.360000000000004
2026-03-23T18:51:44.082510,2791.211,2656.051,139.52,-204.42900000000003,-4.360000000000004
2026-03-23T18:51:45.090126,2791.211,2656.051,139.52,-204.42900000000003,-4.360000000000004
2026-03-23T18:51:46.098440,2791.211,2656.051,139.52,-204.42900000000003,-4.360000000000004
2026-03-23T18:51:47.106063,2791.211,2656.051,139.52,-204.42900000000003,-4.360000000000004
2026-03-23T18:51:48.113782,2791.211,2656.051,139.52,-204.42900000000003,-4.360000000000004
2026-03-23T18:51:49.129572,2804.2909999999997,2656.051,139.52,-204.42900000000003,8.720000000000008
2026-03-23T18:51:50.137691,2804.2909999999997,2656.051,139.52,-204.42900000000003,8.720000000000008
2026-03-23T18:51:51.146697,2804.2909999999997,2656.051,139.52,-204.42900000000003,8.720000000000008
2026-03-23T18:51:52.160493,2804.2909999999997,2656.051,139.52,-204.42900000000003,8.720000000000008
2026-03-23T18:51:53.168411,2804.2909999999997,2656.051,139.52,-204.42900000000003,8.720000000000008
2026-03-23T18:51:54.177668,2804.2909999999997,2656.051,139.52,-204.42900000000003,8.720000000000008
2026-03-23T18:51:55.192436,2804.2909999999997,2656.051,139.52,-204.42900000000003,8.720000000000008
2026-03-23T18:51:56.200575,2804.2909999999997,2656.051,139.52,-204.42900000000003,8.720000000000008
2026-03-23T18:51:57.208519,2804.2909999999997,2656.051,139.52,-204.42900000000003,8.720000000000008
2026-03-23T18:51:58.216460,2802.111,2656.051,139.52,-204.42900000000003,6.540000000000006
2026-03-23T18:51:59.223747,2802.111,2656.051,139.52,-204.42900000000003,6.540000000000006
2026-03-23T18:52:00.231491,2802.111,2656.051,139.52,-204.42900000000003,6.540000000000006
2026-03-23T18:52:01.245259,2802.111,2656.051,139.52,-204.42900000000003,6.540000000000006
2026-03-23T18:52:02.252207,2802.111,2656.051,139.52,-204.42900000000003,6.540000000000006
2026-03-23T18:52:03.260417,2802.111,2656.051,139.52,-204.42900000000003,6.540000000000006
2026-03-23T18:52:04.274225,2802.111,2656.051,139.52,-204.42900000000003,6.540000000000006
2026-03-23T18:52:05.284495,2802.111,2656.051,139.52,-204.42900000000003,6.540000000000006
2026-03-23T18:52:06.292618,2802.111,2656.051,139.52,-204.42900000000003,6.540000000000006
2026-03-23T18:52:07.302216,2786.851,2656.051,139.52,-204.42900000000003,-8.720000000000008
2026-03-23T18:52:08.312054,2786.851,2656.051,139.52,-204.42900000000003,-8.720000000000008
2026-03-23T18:52:09.320848,2786.851,2656.051,139.52,-204.42900000000003,-8.720000000000008
2026-03-23T18:52:10.328877,2786.851,2656.051,139.52,-204.42900000000003,-8.720000000000008
2026-03-23T18:52:11.344478,2786.851,2656.051,139.52,-204.42900000000003,-8.720000000000008
2026-03-23T18:52:12.363581,2786.851,2656.051,139.52,-204.42900000000003,-8.720000000000008
2026-03-23T18:52:13.372370,2786.851,2656.051,139.52,-204.42900000000003,-8.720000000000008
2026-03-23T18:52:14.379411,2786.851,2656.051,139.52,-204.42900000000003,-8.720000000000008
2026-03-23T18:52:15.388206,2786.851,2656.051,139.52,-204.42900000000003,-8.720000000000008
2026-03-23T18:52:16.396316,2767.2309999999998,2523.571,272.0,-204.42900000000003,-28.34
2026-03-23T18:52:17.406166,2767.2309999999998,2523.571,272.0,-204.42900000000003,-28.34
2026-03-23T18:52:18.418692,2766.3909999999996,2522.7309999999998,272.0,-205.26900000000003,-28.34
2026-03-23T18:52:19.429529,2766.3909999999996,2522.7309999999998,272.0,-205.26900000000003,-28.34
2026-03-23T18:52:20.438078,2766.3909999999996,2522.7309999999998,272.0,-205.26900000000003,-28.34
2026-03-23T18:52:21.448467,2766.3909999999996,2522.7309999999998,272.0,-205.26900000000003,-28.34
2026-03-23T18:52:22.457218,2766.3909999999996,2522.7309999999998,272.0,-205.26900000000003,-28.34
2026-03-23T18:52:23.465127,2766.3909999999996,2522.7309999999998,272.0,-205.26900000000003,-28.34
2026-03-23T18:52:24.472568,2766.3909999999996,2522.7309999999998,272.0,-205.26900000000003,-28.34
2026-03-23T18:52:25.480386,2736.091,2607.7509999999997,132.48,-259.769,-4.140000000000004
2026-03-23T18:52:26.490357,2736.091,2607.7509999999997,132.48,-259.769,-4.140000000000004
2026-03-23T18:52:27.514239,2736.091,2607.7509999999997,132.48,-259.769,-4.140000000000004
2026-03-23T18:52:28.521068,2736.091,2607.7509999999997,132.48,-259.769,-4.140000000000004
2026-03-23T18:52:29.528492,2736.091,2607.7509999999997,132.48,-259.769,-4.140000000000004
2026-03-23T18:52:30.543673,2736.091,2607.7509999999997,132.48,-259.769,-4.140000000000004
2026-03-23T18:52:31.552333,2736.091,2607.7509999999997,132.48,-259.769,-4.140000000000004
2026-03-23T18:52:32.561804,2736.091,2607.7509999999997,132.48,-259.769,-4.140000000000004
2026-03-23T18:52:33.571611,2736.091,2607.7509999999997,132.48,-259.769,-4.140000000000004
2026-03-23T18:52:34.580133,2812.6809999999996,2607.7509999999997,132.48,-259.769,72.44999999999999
2026-03-23T18:52:35.588443,2736.091,2607.7509999999997,132.48,-259.769,-4.140000000000004
2026-03-23T18:52:36.596613,2736.091,2607.7509999999997,132.48,-259.769,-4.140000000000004
2026-03-23T18:52:37.605173,2736.091,2607.7509999999997,132.48,-259.769,-4.140000000000004
2026-03-23T18:52:38.613647,2736.091,2607.7509999999997,132.48,-259.769,-4.140000000000004
2026-03-23T18:52:39.622495,2736.091,2607.7509999999997,132.48,-259.769,-4.140000000000004
2026-03-23T18:52:40.631287,2736.091,2607.7509999999997,132.48,-259.769,-4.140000000000004
2026-03-23T18:52:41.638421,2736.091,2607.7509999999997,132.48,-259.769,-4.140000000000004
2026-03-23T18:52:42.646635,2736.091,2607.7509999999997,132.48,-259.769,-4.140000000000004
2026-03-23T18:52:43.658284,2736.091,2607.7509999999997,132.48,-259.769,-4.140000000000004
2026-03-23T18:52:44.665143,2736.091,2607.7509999999997,132.48,-259.769,-4.140000000000004
2026-03-23T18:52:45.674199,2736.091,2607.7509999999997,132.48,-259.769,-4.140000000000004
2026-03-23T18:52:46.682912,2748.511,2607.7509999999997,132.48,-259.769,8.279999999999985
2026-03-23T18:52:47.693114,2748.511,2607.7509999999997,132.48,-259.769,8.279999999999985
2026-03-23T18:52:48.701851,2748.511,2607.7509999999997,132.48,-259.769,8.279999999999985
2026-03-23T18:52:49.714616,2748.511,2607.7509999999997,132.48,-259.769,8.279999999999985
2026-03-23T18:52:50.723572,2748.511,2607.7509999999997,132.48,-259.769,8.279999999999985
2026-03-23T18:52:51.732483,2748.511,2607.7509999999997,132.48,-259.769,8.279999999999985
2026-03-23T18:52:52.743589,2748.511,2607.7509999999997,132.48,-259.769,8.279999999999985
2026-03-23T18:52:53.753243,2748.511,2607.7509999999997,132.48,-259.769,8.279999999999985
2026-03-23T18:52:54.761710,2748.511,2607.7509999999997,132.48,-259.769,8.279999999999985
2026-03-23T18:52:55.770836,2765.781,2765.781,0.0,-234.219,0
2026-03-23T18:52:56.779239,2765.781,2765.781,0.0,-234.219,0
2026-03-23T18:52:57.787699,2765.781,2765.781,0.0,-234.219,0
2026-03-23T18:52:58.796631,2765.781,2765.781,0.0,-234.219,0
2026-03-23T18:52:59.804848,2765.781,2765.781,0.0,-234.219,0
2026-03-23T18:53:00.813501,2765.781,2765.781,0.0,-234.219,0
2026-03-23T18:53:01.821827,2765.781,2765.781,0.0,-234.219,0
2026-03-23T18:53:02.829492,2765.781,2765.781,0.0,-234.219,0
2026-03-23T18:53:03.838104,2765.781,2765.781,0.0,-234.219,0
2026-03-23T18:53:04.847557,2765.781,2765.781,0.0,-234.219,0
2026-03-23T18:53:05.861903,2765.781,2765.781,0.0,-234.219,0
2026-03-23T18:53:06.872402,2765.781,2765.781,0.0,-234.219,0
2026-03-23T18:53:07.883181,2765.781,2765.781,0.0,-234.219,0
2026-03-23T18:53:08.891095,2765.781,2765.781,0.0,-234.219,0
2026-03-23T18:53:09.899662,2765.781,2765.781,0.0,-234.219,0
2026-03-23T18:53:10.908518,2765.781,2765.781,0.0,-234.219,0
2026-03-23T18:53:11.927604,2765.781,2765.781,0.0,-234.219,0
2026-03-23T18:53:12.938153,2765.781,2765.781,0.0,-234.219,0
