week_ending,value,source,source_url,fetched_at
2021-01-04,2.249,PET.EMM_EPMR_PTE_NUS_DPG.W,https://www.eia.gov/opendata/bulk/PET.zip#PET.EMM_EPMR_PTE_NUS_DPG.W,2026-07-28T17:44:02+00:00
2021-01-11,2.317,PET.EMM_EPMR_PTE_NUS_DPG.W,https://www.eia.gov/opendata/bulk/PET.zip#PET.EMM_EPMR_PTE_NUS_DPG.W,2026-07-28T17:44:02+00:00
2021-01-18,2.379,PET.EMM_EPMR_PTE_NUS_DPG.W,https://www.eia.gov/opendata/bulk/PET.zip#PET.EMM_EPMR_PTE_NUS_DPG.W,2026-07-28T17:44:02+00:00
2021-01-25,2.392,PET.EMM_EPMR_PTE_NUS_DPG.W,https://www.eia.gov/opendata/bulk/PET.zip#PET.EMM_EPMR_PTE_NUS_DPG.W,2026-07-28T17:44:02+00:00
2021-02-01,2.409,PET.EMM_EPMR_PTE_NUS_DPG.W,https://www.eia.gov/opendata/bulk/PET.zip#PET.EMM_EPMR_PTE_NUS_DPG.W,2026-07-28T17:44:02+00:00
2021-02-08,2.461,PET.EMM_EPMR_PTE_NUS_DPG.W,https://www.eia.gov/opendata/bulk/PET.zip#PET.EMM_EPMR_PTE_NUS_DPG.W,2026-07-28T17:44:02+00:00
2021-02-15,2.501,PET.EMM_EPMR_PTE_NUS_DPG.W,https://www.eia.gov/opendata/bulk/PET.zip#PET.EMM_EPMR_PTE_NUS_DPG.W,2026-07-28T17:44:02+00:00
2021-02-22,2.633,PET.EMM_EPMR_PTE_NUS_DPG.W,https://www.eia.gov/opendata/bulk/PET.zip#PET.EMM_EPMR_PTE_NUS_DPG.W,2026-07-28T17:44:02+00:00
2021-03-01,2.711,PET.EMM_EPMR_PTE_NUS_DPG.W,https://www.eia.gov/opendata/bulk/PET.zip#PET.EMM_EPMR_PTE_NUS_DPG.W,2026-07-28T17:44:02+00:00
2021-03-08,2.771,PET.EMM_EPMR_PTE_NUS_DPG.W,https://www.eia.gov/opendata/bulk/PET.zip#PET.EMM_EPMR_PTE_NUS_DPG.W,2026-07-28T17:44:02+00:00
2021-03-15,2.853,PET.EMM_EPMR_PTE_NUS_DPG.W,https://www.eia.gov/opendata/bulk/PET.zip#PET.EMM_EPMR_PTE_NUS_DPG.W,2026-07-28T17:44:02+00:00
2021-03-22,2.865,PET.EMM_EPMR_PTE_NUS_DPG.W,https://www.eia.gov/opendata/bulk/PET.zip#PET.EMM_EPMR_PTE_NUS_DPG.W,2026-07-28T17:44:02+00:00
2021-03-29,2.852,PET.EMM_EPMR_PTE_NUS_DPG.W,https://www.eia.gov/opendata/bulk/PET.zip#PET.EMM_EPMR_PTE_NUS_DPG.W,2026-07-28T17:44:02+00:00
2021-04-05,2.857,PET.EMM_EPMR_PTE_NUS_DPG.W,https://www.eia.gov/opendata/bulk/PET.zip#PET.EMM_EPMR_PTE_NUS_DPG.W,2026-07-28T17:44:02+00:00
2021-04-12,2.849,PET.EMM_EPMR_PTE_NUS_DPG.W,https://www.eia.gov/opendata/bulk/PET.zip#PET.EMM_EPMR_PTE_NUS_DPG.W,2026-07-28T17:44:02+00:00
2021-04-19,2.855,PET.EMM_EPMR_PTE_NUS_DPG.W,https://www.eia.gov/opendata/bulk/PET.zip#PET.EMM_EPMR_PTE_NUS_DPG.W,2026-07-28T17:44:02+00:00
2021-04-26,2.872,PET.EMM_EPMR_PTE_NUS_DPG.W,https://www.eia.gov/opendata/bulk/PET.zip#PET.EMM_EPMR_PTE_NUS_DPG.W,2026-07-28T17:44:02+00:00
2021-05-03,2.890,PET.EMM_EPMR_PTE_NUS_DPG.W,https://www.eia.gov/opendata/bulk/PET.zip#PET.EMM_EPMR_PTE_NUS_DPG.W,2026-07-28T17:44:02+00:00
2021-05-10,2.961,PET.EMM_EPMR_PTE_NUS_DPG.W,https://www.eia.gov/opendata/bulk/PET.zip#PET.EMM_EPMR_PTE_NUS_DPG.W,2026-07-28T17:44:02+00:00
2021-05-17,3.028,PET.EMM_EPMR_PTE_NUS_DPG.W,https://www.eia.gov/opendata/bulk/PET.zip#PET.EMM_EPMR_PTE_NUS_DPG.W,2026-07-28T17:44:02+00:00
2021-05-24,3.020,PET.EMM_EPMR_PTE_NUS_DPG.W,https://www.eia.gov/opendata/bulk/PET.zip#PET.EMM_EPMR_PTE_NUS_DPG.W,2026-07-28T17:44:02+00:00
2021-05-31,3.027,PET.EMM_EPMR_PTE_NUS_DPG.W,https://www.eia.gov/opendata/bulk/PET.zip#PET.EMM_EPMR_PTE_NUS_DPG.W,2026-07-28T17:44:02+00:00
2021-06-07,3.035,PET.EMM_EPMR_PTE_NUS_DPG.W,https://www.eia.gov/opendata/bulk/PET.zip#PET.EMM_EPMR_PTE_NUS_DPG.W,2026-07-28T17:44:02+00:00
2021-06-14,3.069,PET.EMM_EPMR_PTE_NUS_DPG.W,https://www.eia.gov/opendata/bulk/PET.zip#PET.EMM_EPMR_PTE_NUS_DPG.W,2026-07-28T17:44:02+00:00
2021-06-21,3.060,PET.EMM_EPMR_PTE_NUS_DPG.W,https://www.eia.gov/opendata/bulk/PET.zip#PET.EMM_EPMR_PTE_NUS_DPG.W,2026-07-28T17:44:02+00:00
2021-06-28,3.091,PET.EMM_EPMR_PTE_NUS_DPG.W,https://www.eia.gov/opendata/bulk/PET.zip#PET.EMM_EPMR_PTE_NUS_DPG.W,2026-07-28T17:44:02+00:00
2021-07-05,3.122,PET.EMM_EPMR_PTE_NUS_DPG.W,https://www.eia.gov/opendata/bulk/PET.zip#PET.EMM_EPMR_PTE_NUS_DPG.W,2026-07-28T17:44:02+00:00
2021-07-12,3.133,PET.EMM_EPMR_PTE_NUS_DPG.W,https://www.eia.gov/opendata/bulk/PET.zip#PET.EMM_EPMR_PTE_NUS_DPG.W,2026-07-28T17:44:02+00:00
2021-07-19,3.153,PET.EMM_EPMR_PTE_NUS_DPG.W,https://www.eia.gov/opendata/bulk/PET.zip#PET.EMM_EPMR_PTE_NUS_DPG.W,2026-07-28T17:44:02+00:00
2021-07-26,3.136,PET.EMM_EPMR_PTE_NUS_DPG.W,https://www.eia.gov/opendata/bulk/PET.zip#PET.EMM_EPMR_PTE_NUS_DPG.W,2026-07-28T17:44:02+00:00
2021-08-02,3.159,PET.EMM_EPMR_PTE_NUS_DPG.W,https://www.eia.gov/opendata/bulk/PET.zip#PET.EMM_EPMR_PTE_NUS_DPG.W,2026-07-28T17:44:02+00:00
2021-08-09,3.172,PET.EMM_EPMR_PTE_NUS_DPG.W,https://www.eia.gov/opendata/bulk/PET.zip#PET.EMM_EPMR_PTE_NUS_DPG.W,2026-07-28T17:44:02+00:00
2021-08-16,3.174,PET.EMM_EPMR_PTE_NUS_DPG.W,https://www.eia.gov/opendata/bulk/PET.zip#PET.EMM_EPMR_PTE_NUS_DPG.W,2026-07-28T17:44:02+00:00
2021-08-23,3.145,PET.EMM_EPMR_PTE_NUS_DPG.W,https://www.eia.gov/opendata/bulk/PET.zip#PET.EMM_EPMR_PTE_NUS_DPG.W,2026-07-28T17:44:02+00:00
2021-08-30,3.139,PET.EMM_EPMR_PTE_NUS_DPG.W,https://www.eia.gov/opendata/bulk/PET.zip#PET.EMM_EPMR_PTE_NUS_DPG.W,2026-07-28T17:44:02+00:00
2021-09-06,3.176,PET.EMM_EPMR_PTE_NUS_DPG.W,https://www.eia.gov/opendata/bulk/PET.zip#PET.EMM_EPMR_PTE_NUS_DPG.W,2026-07-28T17:44:02+00:00
2021-09-13,3.165,PET.EMM_EPMR_PTE_NUS_DPG.W,https://www.eia.gov/opendata/bulk/PET.zip#PET.EMM_EPMR_PTE_NUS_DPG.W,2026-07-28T17:44:02+00:00
2021-09-20,3.184,PET.EMM_EPMR_PTE_NUS_DPG.W,https://www.eia.gov/opendata/bulk/PET.zip#PET.EMM_EPMR_PTE_NUS_DPG.W,2026-07-28T17:44:02+00:00
2021-09-27,3.175,PET.EMM_EPMR_PTE_NUS_DPG.W,https://www.eia.gov/opendata/bulk/PET.zip#PET.EMM_EPMR_PTE_NUS_DPG.W,2026-07-28T17:44:02+00:00
2021-10-04,3.190,PET.EMM_EPMR_PTE_NUS_DPG.W,https://www.eia.gov/opendata/bulk/PET.zip#PET.EMM_EPMR_PTE_NUS_DPG.W,2026-07-28T17:44:02+00:00
2021-10-11,3.267,PET.EMM_EPMR_PTE_NUS_DPG.W,https://www.eia.gov/opendata/bulk/PET.zip#PET.EMM_EPMR_PTE_NUS_DPG.W,2026-07-28T17:44:02+00:00
2021-10-18,3.322,PET.EMM_EPMR_PTE_NUS_DPG.W,https://www.eia.gov/opendata/bulk/PET.zip#PET.EMM_EPMR_PTE_NUS_DPG.W,2026-07-28T17:44:02+00:00
2021-10-25,3.383,PET.EMM_EPMR_PTE_NUS_DPG.W,https://www.eia.gov/opendata/bulk/PET.zip#PET.EMM_EPMR_PTE_NUS_DPG.W,2026-07-28T17:44:02+00:00
2021-11-01,3.390,PET.EMM_EPMR_PTE_NUS_DPG.W,https://www.eia.gov/opendata/bulk/PET.zip#PET.EMM_EPMR_PTE_NUS_DPG.W,2026-07-28T17:44:02+00:00
2021-11-08,3.410,PET.EMM_EPMR_PTE_NUS_DPG.W,https://www.eia.gov/opendata/bulk/PET.zip#PET.EMM_EPMR_PTE_NUS_DPG.W,2026-07-28T17:44:02+00:00
2021-11-15,3.399,PET.EMM_EPMR_PTE_NUS_DPG.W,https://www.eia.gov/opendata/bulk/PET.zip#PET.EMM_EPMR_PTE_NUS_DPG.W,2026-07-28T17:44:02+00:00
2021-11-22,3.395,PET.EMM_EPMR_PTE_NUS_DPG.W,https://www.eia.gov/opendata/bulk/PET.zip#PET.EMM_EPMR_PTE_NUS_DPG.W,2026-07-28T17:44:02+00:00
2021-11-29,3.380,PET.EMM_EPMR_PTE_NUS_DPG.W,https://www.eia.gov/opendata/bulk/PET.zip#PET.EMM_EPMR_PTE_NUS_DPG.W,2026-07-28T17:44:02+00:00
2021-12-06,3.341,PET.EMM_EPMR_PTE_NUS_DPG.W,https://www.eia.gov/opendata/bulk/PET.zip#PET.EMM_EPMR_PTE_NUS_DPG.W,2026-07-28T17:44:02+00:00
2021-12-13,3.315,PET.EMM_EPMR_PTE_NUS_DPG.W,https://www.eia.gov/opendata/bulk/PET.zip#PET.EMM_EPMR_PTE_NUS_DPG.W,2026-07-28T17:44:02+00:00
2021-12-20,3.295,PET.EMM_EPMR_PTE_NUS_DPG.W,https://www.eia.gov/opendata/bulk/PET.zip#PET.EMM_EPMR_PTE_NUS_DPG.W,2026-07-28T17:44:02+00:00
2021-12-27,3.275,PET.EMM_EPMR_PTE_NUS_DPG.W,https://www.eia.gov/opendata/bulk/PET.zip#PET.EMM_EPMR_PTE_NUS_DPG.W,2026-07-28T17:44:02+00:00
2022-01-03,3.281,PET.EMM_EPMR_PTE_NUS_DPG.W,https://www.eia.gov/opendata/bulk/PET.zip#PET.EMM_EPMR_PTE_NUS_DPG.W,2026-07-28T17:44:02+00:00
2022-01-10,3.295,PET.EMM_EPMR_PTE_NUS_DPG.W,https://www.eia.gov/opendata/bulk/PET.zip#PET.EMM_EPMR_PTE_NUS_DPG.W,2026-07-28T17:44:02+00:00
2022-01-17,3.306,PET.EMM_EPMR_PTE_NUS_DPG.W,https://www.eia.gov/opendata/bulk/PET.zip#PET.EMM_EPMR_PTE_NUS_DPG.W,2026-07-28T17:44:02+00:00
2022-01-24,3.323,PET.EMM_EPMR_PTE_NUS_DPG.W,https://www.eia.gov/opendata/bulk/PET.zip#PET.EMM_EPMR_PTE_NUS_DPG.W,2026-07-28T17:44:02+00:00
2022-01-31,3.368,PET.EMM_EPMR_PTE_NUS_DPG.W,https://www.eia.gov/opendata/bulk/PET.zip#PET.EMM_EPMR_PTE_NUS_DPG.W,2026-07-28T17:44:02+00:00
2022-02-07,3.444,PET.EMM_EPMR_PTE_NUS_DPG.W,https://www.eia.gov/opendata/bulk/PET.zip#PET.EMM_EPMR_PTE_NUS_DPG.W,2026-07-28T17:44:02+00:00
2022-02-14,3.487,PET.EMM_EPMR_PTE_NUS_DPG.W,https://www.eia.gov/opendata/bulk/PET.zip#PET.EMM_EPMR_PTE_NUS_DPG.W,2026-07-28T17:44:02+00:00
2022-02-21,3.530,PET.EMM_EPMR_PTE_NUS_DPG.W,https://www.eia.gov/opendata/bulk/PET.zip#PET.EMM_EPMR_PTE_NUS_DPG.W,2026-07-28T17:44:02+00:00
2022-02-28,3.608,PET.EMM_EPMR_PTE_NUS_DPG.W,https://www.eia.gov/opendata/bulk/PET.zip#PET.EMM_EPMR_PTE_NUS_DPG.W,2026-07-28T17:44:02+00:00
2022-03-07,4.102,PET.EMM_EPMR_PTE_NUS_DPG.W,https://www.eia.gov/opendata/bulk/PET.zip#PET.EMM_EPMR_PTE_NUS_DPG.W,2026-07-28T17:44:02+00:00
2022-03-14,4.315,PET.EMM_EPMR_PTE_NUS_DPG.W,https://www.eia.gov/opendata/bulk/PET.zip#PET.EMM_EPMR_PTE_NUS_DPG.W,2026-07-28T17:44:02+00:00
2022-03-21,4.239,PET.EMM_EPMR_PTE_NUS_DPG.W,https://www.eia.gov/opendata/bulk/PET.zip#PET.EMM_EPMR_PTE_NUS_DPG.W,2026-07-28T17:44:02+00:00
2022-03-28,4.231,PET.EMM_EPMR_PTE_NUS_DPG.W,https://www.eia.gov/opendata/bulk/PET.zip#PET.EMM_EPMR_PTE_NUS_DPG.W,2026-07-28T17:44:02+00:00
2022-04-04,4.170,PET.EMM_EPMR_PTE_NUS_DPG.W,https://www.eia.gov/opendata/bulk/PET.zip#PET.EMM_EPMR_PTE_NUS_DPG.W,2026-07-28T17:44:02+00:00
2022-04-11,4.091,PET.EMM_EPMR_PTE_NUS_DPG.W,https://www.eia.gov/opendata/bulk/PET.zip#PET.EMM_EPMR_PTE_NUS_DPG.W,2026-07-28T17:44:02+00:00
2022-04-18,4.066,PET.EMM_EPMR_PTE_NUS_DPG.W,https://www.eia.gov/opendata/bulk/PET.zip#PET.EMM_EPMR_PTE_NUS_DPG.W,2026-07-28T17:44:02+00:00
2022-04-25,4.107,PET.EMM_EPMR_PTE_NUS_DPG.W,https://www.eia.gov/opendata/bulk/PET.zip#PET.EMM_EPMR_PTE_NUS_DPG.W,2026-07-28T17:44:02+00:00
2022-05-02,4.182,PET.EMM_EPMR_PTE_NUS_DPG.W,https://www.eia.gov/opendata/bulk/PET.zip#PET.EMM_EPMR_PTE_NUS_DPG.W,2026-07-28T17:44:02+00:00
2022-05-09,4.328,PET.EMM_EPMR_PTE_NUS_DPG.W,https://www.eia.gov/opendata/bulk/PET.zip#PET.EMM_EPMR_PTE_NUS_DPG.W,2026-07-28T17:44:02+00:00
2022-05-16,4.491,PET.EMM_EPMR_PTE_NUS_DPG.W,https://www.eia.gov/opendata/bulk/PET.zip#PET.EMM_EPMR_PTE_NUS_DPG.W,2026-07-28T17:44:02+00:00
2022-05-23,4.593,PET.EMM_EPMR_PTE_NUS_DPG.W,https://www.eia.gov/opendata/bulk/PET.zip#PET.EMM_EPMR_PTE_NUS_DPG.W,2026-07-28T17:44:02+00:00
2022-05-30,4.624,PET.EMM_EPMR_PTE_NUS_DPG.W,https://www.eia.gov/opendata/bulk/PET.zip#PET.EMM_EPMR_PTE_NUS_DPG.W,2026-07-28T17:44:02+00:00
2022-06-06,4.876,PET.EMM_EPMR_PTE_NUS_DPG.W,https://www.eia.gov/opendata/bulk/PET.zip#PET.EMM_EPMR_PTE_NUS_DPG.W,2026-07-28T17:44:02+00:00
2022-06-13,5.006,PET.EMM_EPMR_PTE_NUS_DPG.W,https://www.eia.gov/opendata/bulk/PET.zip#PET.EMM_EPMR_PTE_NUS_DPG.W,2026-07-28T17:44:02+00:00
2022-06-20,4.962,PET.EMM_EPMR_PTE_NUS_DPG.W,https://www.eia.gov/opendata/bulk/PET.zip#PET.EMM_EPMR_PTE_NUS_DPG.W,2026-07-28T17:44:02+00:00
2022-06-27,4.872,PET.EMM_EPMR_PTE_NUS_DPG.W,https://www.eia.gov/opendata/bulk/PET.zip#PET.EMM_EPMR_PTE_NUS_DPG.W,2026-07-28T17:44:02+00:00
2022-07-04,4.771,PET.EMM_EPMR_PTE_NUS_DPG.W,https://www.eia.gov/opendata/bulk/PET.zip#PET.EMM_EPMR_PTE_NUS_DPG.W,2026-07-28T17:44:02+00:00
2022-07-11,4.646,PET.EMM_EPMR_PTE_NUS_DPG.W,https://www.eia.gov/opendata/bulk/PET.zip#PET.EMM_EPMR_PTE_NUS_DPG.W,2026-07-28T17:44:02+00:00
2022-07-18,4.490,PET.EMM_EPMR_PTE_NUS_DPG.W,https://www.eia.gov/opendata/bulk/PET.zip#PET.EMM_EPMR_PTE_NUS_DPG.W,2026-07-28T17:44:02+00:00
2022-07-25,4.330,PET.EMM_EPMR_PTE_NUS_DPG.W,https://www.eia.gov/opendata/bulk/PET.zip#PET.EMM_EPMR_PTE_NUS_DPG.W,2026-07-28T17:44:02+00:00
2022-08-01,4.192,PET.EMM_EPMR_PTE_NUS_DPG.W,https://www.eia.gov/opendata/bulk/PET.zip#PET.EMM_EPMR_PTE_NUS_DPG.W,2026-07-28T17:44:02+00:00
2022-08-08,4.038,PET.EMM_EPMR_PTE_NUS_DPG.W,https://www.eia.gov/opendata/bulk/PET.zip#PET.EMM_EPMR_PTE_NUS_DPG.W,2026-07-28T17:44:02+00:00
2022-08-15,3.938,PET.EMM_EPMR_PTE_NUS_DPG.W,https://www.eia.gov/opendata/bulk/PET.zip#PET.EMM_EPMR_PTE_NUS_DPG.W,2026-07-28T17:44:02+00:00
2022-08-22,3.880,PET.EMM_EPMR_PTE_NUS_DPG.W,https://www.eia.gov/opendata/bulk/PET.zip#PET.EMM_EPMR_PTE_NUS_DPG.W,2026-07-28T17:44:02+00:00
2022-08-29,3.827,PET.EMM_EPMR_PTE_NUS_DPG.W,https://www.eia.gov/opendata/bulk/PET.zip#PET.EMM_EPMR_PTE_NUS_DPG.W,2026-07-28T17:44:02+00:00
2022-09-05,3.746,PET.EMM_EPMR_PTE_NUS_DPG.W,https://www.eia.gov/opendata/bulk/PET.zip#PET.EMM_EPMR_PTE_NUS_DPG.W,2026-07-28T17:44:02+00:00
2022-09-12,3.690,PET.EMM_EPMR_PTE_NUS_DPG.W,https://www.eia.gov/opendata/bulk/PET.zip#PET.EMM_EPMR_PTE_NUS_DPG.W,2026-07-28T17:44:02+00:00
2022-09-19,3.654,PET.EMM_EPMR_PTE_NUS_DPG.W,https://www.eia.gov/opendata/bulk/PET.zip#PET.EMM_EPMR_PTE_NUS_DPG.W,2026-07-28T17:44:02+00:00
2022-09-26,3.711,PET.EMM_EPMR_PTE_NUS_DPG.W,https://www.eia.gov/opendata/bulk/PET.zip#PET.EMM_EPMR_PTE_NUS_DPG.W,2026-07-28T17:44:02+00:00
2022-10-03,3.782,PET.EMM_EPMR_PTE_NUS_DPG.W,https://www.eia.gov/opendata/bulk/PET.zip#PET.EMM_EPMR_PTE_NUS_DPG.W,2026-07-28T17:44:02+00:00
2022-10-10,3.912,PET.EMM_EPMR_PTE_NUS_DPG.W,https://www.eia.gov/opendata/bulk/PET.zip#PET.EMM_EPMR_PTE_NUS_DPG.W,2026-07-28T17:44:02+00:00
2022-10-17,3.871,PET.EMM_EPMR_PTE_NUS_DPG.W,https://www.eia.gov/opendata/bulk/PET.zip#PET.EMM_EPMR_PTE_NUS_DPG.W,2026-07-28T17:44:02+00:00
2022-10-24,3.769,PET.EMM_EPMR_PTE_NUS_DPG.W,https://www.eia.gov/opendata/bulk/PET.zip#PET.EMM_EPMR_PTE_NUS_DPG.W,2026-07-28T17:44:02+00:00
2022-10-31,3.742,PET.EMM_EPMR_PTE_NUS_DPG.W,https://www.eia.gov/opendata/bulk/PET.zip#PET.EMM_EPMR_PTE_NUS_DPG.W,2026-07-28T17:44:02+00:00
2022-11-07,3.796,PET.EMM_EPMR_PTE_NUS_DPG.W,https://www.eia.gov/opendata/bulk/PET.zip#PET.EMM_EPMR_PTE_NUS_DPG.W,2026-07-28T17:44:02+00:00
2022-11-14,3.762,PET.EMM_EPMR_PTE_NUS_DPG.W,https://www.eia.gov/opendata/bulk/PET.zip#PET.EMM_EPMR_PTE_NUS_DPG.W,2026-07-28T17:44:02+00:00
2022-11-21,3.648,PET.EMM_EPMR_PTE_NUS_DPG.W,https://www.eia.gov/opendata/bulk/PET.zip#PET.EMM_EPMR_PTE_NUS_DPG.W,2026-07-28T17:44:02+00:00
2022-11-28,3.534,PET.EMM_EPMR_PTE_NUS_DPG.W,https://www.eia.gov/opendata/bulk/PET.zip#PET.EMM_EPMR_PTE_NUS_DPG.W,2026-07-28T17:44:02+00:00
2022-12-05,3.390,PET.EMM_EPMR_PTE_NUS_DPG.W,https://www.eia.gov/opendata/bulk/PET.zip#PET.EMM_EPMR_PTE_NUS_DPG.W,2026-07-28T17:44:02+00:00
2022-12-12,3.239,PET.EMM_EPMR_PTE_NUS_DPG.W,https://www.eia.gov/opendata/bulk/PET.zip#PET.EMM_EPMR_PTE_NUS_DPG.W,2026-07-28T17:44:02+00:00
2022-12-19,3.120,PET.EMM_EPMR_PTE_NUS_DPG.W,https://www.eia.gov/opendata/bulk/PET.zip#PET.EMM_EPMR_PTE_NUS_DPG.W,2026-07-28T17:44:02+00:00
2022-12-26,3.091,PET.EMM_EPMR_PTE_NUS_DPG.W,https://www.eia.gov/opendata/bulk/PET.zip#PET.EMM_EPMR_PTE_NUS_DPG.W,2026-07-28T17:44:02+00:00
2023-01-02,3.223,PET.EMM_EPMR_PTE_NUS_DPG.W,https://www.eia.gov/opendata/bulk/PET.zip#PET.EMM_EPMR_PTE_NUS_DPG.W,2026-07-28T17:44:02+00:00
2023-01-09,3.259,PET.EMM_EPMR_PTE_NUS_DPG.W,https://www.eia.gov/opendata/bulk/PET.zip#PET.EMM_EPMR_PTE_NUS_DPG.W,2026-07-28T17:44:02+00:00
2023-01-16,3.310,PET.EMM_EPMR_PTE_NUS_DPG.W,https://www.eia.gov/opendata/bulk/PET.zip#PET.EMM_EPMR_PTE_NUS_DPG.W,2026-07-28T17:44:02+00:00
2023-01-23,3.415,PET.EMM_EPMR_PTE_NUS_DPG.W,https://www.eia.gov/opendata/bulk/PET.zip#PET.EMM_EPMR_PTE_NUS_DPG.W,2026-07-28T17:44:02+00:00
2023-01-30,3.489,PET.EMM_EPMR_PTE_NUS_DPG.W,https://www.eia.gov/opendata/bulk/PET.zip#PET.EMM_EPMR_PTE_NUS_DPG.W,2026-07-28T17:44:02+00:00
2023-02-06,3.444,PET.EMM_EPMR_PTE_NUS_DPG.W,https://www.eia.gov/opendata/bulk/PET.zip#PET.EMM_EPMR_PTE_NUS_DPG.W,2026-07-28T17:44:02+00:00
2023-02-13,3.390,PET.EMM_EPMR_PTE_NUS_DPG.W,https://www.eia.gov/opendata/bulk/PET.zip#PET.EMM_EPMR_PTE_NUS_DPG.W,2026-07-28T17:44:02+00:00
2023-02-20,3.379,PET.EMM_EPMR_PTE_NUS_DPG.W,https://www.eia.gov/opendata/bulk/PET.zip#PET.EMM_EPMR_PTE_NUS_DPG.W,2026-07-28T17:44:02+00:00
2023-02-27,3.342,PET.EMM_EPMR_PTE_NUS_DPG.W,https://www.eia.gov/opendata/bulk/PET.zip#PET.EMM_EPMR_PTE_NUS_DPG.W,2026-07-28T17:44:02+00:00
2023-03-06,3.389,PET.EMM_EPMR_PTE_NUS_DPG.W,https://www.eia.gov/opendata/bulk/PET.zip#PET.EMM_EPMR_PTE_NUS_DPG.W,2026-07-28T17:44:02+00:00
2023-03-13,3.456,PET.EMM_EPMR_PTE_NUS_DPG.W,https://www.eia.gov/opendata/bulk/PET.zip#PET.EMM_EPMR_PTE_NUS_DPG.W,2026-07-28T17:44:02+00:00
2023-03-20,3.422,PET.EMM_EPMR_PTE_NUS_DPG.W,https://www.eia.gov/opendata/bulk/PET.zip#PET.EMM_EPMR_PTE_NUS_DPG.W,2026-07-28T17:44:02+00:00
2023-03-27,3.421,PET.EMM_EPMR_PTE_NUS_DPG.W,https://www.eia.gov/opendata/bulk/PET.zip#PET.EMM_EPMR_PTE_NUS_DPG.W,2026-07-28T17:44:02+00:00
2023-04-03,3.497,PET.EMM_EPMR_PTE_NUS_DPG.W,https://www.eia.gov/opendata/bulk/PET.zip#PET.EMM_EPMR_PTE_NUS_DPG.W,2026-07-28T17:44:02+00:00
2023-04-10,3.596,PET.EMM_EPMR_PTE_NUS_DPG.W,https://www.eia.gov/opendata/bulk/PET.zip#PET.EMM_EPMR_PTE_NUS_DPG.W,2026-07-28T17:44:02+00:00
2023-04-17,3.663,PET.EMM_EPMR_PTE_NUS_DPG.W,https://www.eia.gov/opendata/bulk/PET.zip#PET.EMM_EPMR_PTE_NUS_DPG.W,2026-07-28T17:44:02+00:00
2023-04-24,3.656,PET.EMM_EPMR_PTE_NUS_DPG.W,https://www.eia.gov/opendata/bulk/PET.zip#PET.EMM_EPMR_PTE_NUS_DPG.W,2026-07-28T17:44:02+00:00
2023-05-01,3.600,PET.EMM_EPMR_PTE_NUS_DPG.W,https://www.eia.gov/opendata/bulk/PET.zip#PET.EMM_EPMR_PTE_NUS_DPG.W,2026-07-28T17:44:02+00:00
2023-05-08,3.533,PET.EMM_EPMR_PTE_NUS_DPG.W,https://www.eia.gov/opendata/bulk/PET.zip#PET.EMM_EPMR_PTE_NUS_DPG.W,2026-07-28T17:44:02+00:00
2023-05-15,3.536,PET.EMM_EPMR_PTE_NUS_DPG.W,https://www.eia.gov/opendata/bulk/PET.zip#PET.EMM_EPMR_PTE_NUS_DPG.W,2026-07-28T17:44:02+00:00
2023-05-22,3.534,PET.EMM_EPMR_PTE_NUS_DPG.W,https://www.eia.gov/opendata/bulk/PET.zip#PET.EMM_EPMR_PTE_NUS_DPG.W,2026-07-28T17:44:02+00:00
2023-05-29,3.571,PET.EMM_EPMR_PTE_NUS_DPG.W,https://www.eia.gov/opendata/bulk/PET.zip#PET.EMM_EPMR_PTE_NUS_DPG.W,2026-07-28T17:44:02+00:00
2023-06-05,3.541,PET.EMM_EPMR_PTE_NUS_DPG.W,https://www.eia.gov/opendata/bulk/PET.zip#PET.EMM_EPMR_PTE_NUS_DPG.W,2026-07-28T17:44:02+00:00
2023-06-12,3.595,PET.EMM_EPMR_PTE_NUS_DPG.W,https://www.eia.gov/opendata/bulk/PET.zip#PET.EMM_EPMR_PTE_NUS_DPG.W,2026-07-28T17:44:02+00:00
2023-06-19,3.577,PET.EMM_EPMR_PTE_NUS_DPG.W,https://www.eia.gov/opendata/bulk/PET.zip#PET.EMM_EPMR_PTE_NUS_DPG.W,2026-07-28T17:44:02+00:00
2023-06-26,3.571,PET.EMM_EPMR_PTE_NUS_DPG.W,https://www.eia.gov/opendata/bulk/PET.zip#PET.EMM_EPMR_PTE_NUS_DPG.W,2026-07-28T17:44:02+00:00
2023-07-03,3.527,PET.EMM_EPMR_PTE_NUS_DPG.W,https://www.eia.gov/opendata/bulk/PET.zip#PET.EMM_EPMR_PTE_NUS_DPG.W,2026-07-28T17:44:02+00:00
2023-07-10,3.546,PET.EMM_EPMR_PTE_NUS_DPG.W,https://www.eia.gov/opendata/bulk/PET.zip#PET.EMM_EPMR_PTE_NUS_DPG.W,2026-07-28T17:44:02+00:00
2023-07-17,3.559,PET.EMM_EPMR_PTE_NUS_DPG.W,https://www.eia.gov/opendata/bulk/PET.zip#PET.EMM_EPMR_PTE_NUS_DPG.W,2026-07-28T17:44:02+00:00
2023-07-24,3.596,PET.EMM_EPMR_PTE_NUS_DPG.W,https://www.eia.gov/opendata/bulk/PET.zip#PET.EMM_EPMR_PTE_NUS_DPG.W,2026-07-28T17:44:02+00:00
2023-07-31,3.757,PET.EMM_EPMR_PTE_NUS_DPG.W,https://www.eia.gov/opendata/bulk/PET.zip#PET.EMM_EPMR_PTE_NUS_DPG.W,2026-07-28T17:44:02+00:00
2023-08-07,3.828,PET.EMM_EPMR_PTE_NUS_DPG.W,https://www.eia.gov/opendata/bulk/PET.zip#PET.EMM_EPMR_PTE_NUS_DPG.W,2026-07-28T17:44:02+00:00
2023-08-14,3.850,PET.EMM_EPMR_PTE_NUS_DPG.W,https://www.eia.gov/opendata/bulk/PET.zip#PET.EMM_EPMR_PTE_NUS_DPG.W,2026-07-28T17:44:02+00:00
2023-08-21,3.868,PET.EMM_EPMR_PTE_NUS_DPG.W,https://www.eia.gov/opendata/bulk/PET.zip#PET.EMM_EPMR_PTE_NUS_DPG.W,2026-07-28T17:44:02+00:00
2023-08-28,3.813,PET.EMM_EPMR_PTE_NUS_DPG.W,https://www.eia.gov/opendata/bulk/PET.zip#PET.EMM_EPMR_PTE_NUS_DPG.W,2026-07-28T17:44:02+00:00
2023-09-04,3.807,PET.EMM_EPMR_PTE_NUS_DPG.W,https://www.eia.gov/opendata/bulk/PET.zip#PET.EMM_EPMR_PTE_NUS_DPG.W,2026-07-28T17:44:02+00:00
2023-09-11,3.822,PET.EMM_EPMR_PTE_NUS_DPG.W,https://www.eia.gov/opendata/bulk/PET.zip#PET.EMM_EPMR_PTE_NUS_DPG.W,2026-07-28T17:44:02+00:00
2023-09-18,3.878,PET.EMM_EPMR_PTE_NUS_DPG.W,https://www.eia.gov/opendata/bulk/PET.zip#PET.EMM_EPMR_PTE_NUS_DPG.W,2026-07-28T17:44:02+00:00
2023-09-25,3.837,PET.EMM_EPMR_PTE_NUS_DPG.W,https://www.eia.gov/opendata/bulk/PET.zip#PET.EMM_EPMR_PTE_NUS_DPG.W,2026-07-28T17:44:02+00:00
2023-10-02,3.798,PET.EMM_EPMR_PTE_NUS_DPG.W,https://www.eia.gov/opendata/bulk/PET.zip#PET.EMM_EPMR_PTE_NUS_DPG.W,2026-07-28T17:44:02+00:00
2023-10-09,3.684,PET.EMM_EPMR_PTE_NUS_DPG.W,https://www.eia.gov/opendata/bulk/PET.zip#PET.EMM_EPMR_PTE_NUS_DPG.W,2026-07-28T17:44:02+00:00
2023-10-16,3.576,PET.EMM_EPMR_PTE_NUS_DPG.W,https://www.eia.gov/opendata/bulk/PET.zip#PET.EMM_EPMR_PTE_NUS_DPG.W,2026-07-28T17:44:02+00:00
2023-10-23,3.533,PET.EMM_EPMR_PTE_NUS_DPG.W,https://www.eia.gov/opendata/bulk/PET.zip#PET.EMM_EPMR_PTE_NUS_DPG.W,2026-07-28T17:44:02+00:00
2023-10-30,3.473,PET.EMM_EPMR_PTE_NUS_DPG.W,https://www.eia.gov/opendata/bulk/PET.zip#PET.EMM_EPMR_PTE_NUS_DPG.W,2026-07-28T17:44:02+00:00
2023-11-06,3.396,PET.EMM_EPMR_PTE_NUS_DPG.W,https://www.eia.gov/opendata/bulk/PET.zip#PET.EMM_EPMR_PTE_NUS_DPG.W,2026-07-28T17:44:02+00:00
2023-11-13,3.349,PET.EMM_EPMR_PTE_NUS_DPG.W,https://www.eia.gov/opendata/bulk/PET.zip#PET.EMM_EPMR_PTE_NUS_DPG.W,2026-07-28T17:44:02+00:00
2023-11-20,3.289,PET.EMM_EPMR_PTE_NUS_DPG.W,https://www.eia.gov/opendata/bulk/PET.zip#PET.EMM_EPMR_PTE_NUS_DPG.W,2026-07-28T17:44:02+00:00
2023-11-27,3.238,PET.EMM_EPMR_PTE_NUS_DPG.W,https://www.eia.gov/opendata/bulk/PET.zip#PET.EMM_EPMR_PTE_NUS_DPG.W,2026-07-28T17:44:02+00:00
2023-12-04,3.231,PET.EMM_EPMR_PTE_NUS_DPG.W,https://www.eia.gov/opendata/bulk/PET.zip#PET.EMM_EPMR_PTE_NUS_DPG.W,2026-07-28T17:44:02+00:00
2023-12-11,3.136,PET.EMM_EPMR_PTE_NUS_DPG.W,https://www.eia.gov/opendata/bulk/PET.zip#PET.EMM_EPMR_PTE_NUS_DPG.W,2026-07-28T17:44:02+00:00
2023-12-18,3.053,PET.EMM_EPMR_PTE_NUS_DPG.W,https://www.eia.gov/opendata/bulk/PET.zip#PET.EMM_EPMR_PTE_NUS_DPG.W,2026-07-28T17:44:02+00:00
2023-12-25,3.116,PET.EMM_EPMR_PTE_NUS_DPG.W,https://www.eia.gov/opendata/bulk/PET.zip#PET.EMM_EPMR_PTE_NUS_DPG.W,2026-07-28T17:44:02+00:00
2024-01-01,3.089,PET.EMM_EPMR_PTE_NUS_DPG.W,https://www.eia.gov/opendata/bulk/PET.zip#PET.EMM_EPMR_PTE_NUS_DPG.W,2026-07-28T17:44:02+00:00
2024-01-08,3.073,PET.EMM_EPMR_PTE_NUS_DPG.W,https://www.eia.gov/opendata/bulk/PET.zip#PET.EMM_EPMR_PTE_NUS_DPG.W,2026-07-28T17:44:02+00:00
2024-01-15,3.058,PET.EMM_EPMR_PTE_NUS_DPG.W,https://www.eia.gov/opendata/bulk/PET.zip#PET.EMM_EPMR_PTE_NUS_DPG.W,2026-07-28T17:44:02+00:00
2024-01-22,3.062,PET.EMM_EPMR_PTE_NUS_DPG.W,https://www.eia.gov/opendata/bulk/PET.zip#PET.EMM_EPMR_PTE_NUS_DPG.W,2026-07-28T17:44:02+00:00
2024-01-29,3.095,PET.EMM_EPMR_PTE_NUS_DPG.W,https://www.eia.gov/opendata/bulk/PET.zip#PET.EMM_EPMR_PTE_NUS_DPG.W,2026-07-28T17:44:02+00:00
2024-02-05,3.136,PET.EMM_EPMR_PTE_NUS_DPG.W,https://www.eia.gov/opendata/bulk/PET.zip#PET.EMM_EPMR_PTE_NUS_DPG.W,2026-07-28T17:44:02+00:00
2024-02-12,3.192,PET.EMM_EPMR_PTE_NUS_DPG.W,https://www.eia.gov/opendata/bulk/PET.zip#PET.EMM_EPMR_PTE_NUS_DPG.W,2026-07-28T17:44:02+00:00
2024-02-19,3.269,PET.EMM_EPMR_PTE_NUS_DPG.W,https://www.eia.gov/opendata/bulk/PET.zip#PET.EMM_EPMR_PTE_NUS_DPG.W,2026-07-28T17:44:02+00:00
2024-02-26,3.249,PET.EMM_EPMR_PTE_NUS_DPG.W,https://www.eia.gov/opendata/bulk/PET.zip#PET.EMM_EPMR_PTE_NUS_DPG.W,2026-07-28T17:44:02+00:00
2024-03-04,3.350,PET.EMM_EPMR_PTE_NUS_DPG.W,https://www.eia.gov/opendata/bulk/PET.zip#PET.EMM_EPMR_PTE_NUS_DPG.W,2026-07-28T17:44:02+00:00
2024-03-11,3.376,PET.EMM_EPMR_PTE_NUS_DPG.W,https://www.eia.gov/opendata/bulk/PET.zip#PET.EMM_EPMR_PTE_NUS_DPG.W,2026-07-28T17:44:02+00:00
2024-03-18,3.453,PET.EMM_EPMR_PTE_NUS_DPG.W,https://www.eia.gov/opendata/bulk/PET.zip#PET.EMM_EPMR_PTE_NUS_DPG.W,2026-07-28T17:44:02+00:00
2024-03-25,3.523,PET.EMM_EPMR_PTE_NUS_DPG.W,https://www.eia.gov/opendata/bulk/PET.zip#PET.EMM_EPMR_PTE_NUS_DPG.W,2026-07-28T17:44:02+00:00
2024-04-01,3.517,PET.EMM_EPMR_PTE_NUS_DPG.W,https://www.eia.gov/opendata/bulk/PET.zip#PET.EMM_EPMR_PTE_NUS_DPG.W,2026-07-28T17:44:02+00:00
2024-04-08,3.591,PET.EMM_EPMR_PTE_NUS_DPG.W,https://www.eia.gov/opendata/bulk/PET.zip#PET.EMM_EPMR_PTE_NUS_DPG.W,2026-07-28T17:44:02+00:00
2024-04-15,3.628,PET.EMM_EPMR_PTE_NUS_DPG.W,https://www.eia.gov/opendata/bulk/PET.zip#PET.EMM_EPMR_PTE_NUS_DPG.W,2026-07-28T17:44:02+00:00
2024-04-22,3.668,PET.EMM_EPMR_PTE_NUS_DPG.W,https://www.eia.gov/opendata/bulk/PET.zip#PET.EMM_EPMR_PTE_NUS_DPG.W,2026-07-28T17:44:02+00:00
2024-04-29,3.653,PET.EMM_EPMR_PTE_NUS_DPG.W,https://www.eia.gov/opendata/bulk/PET.zip#PET.EMM_EPMR_PTE_NUS_DPG.W,2026-07-28T17:44:02+00:00
2024-05-06,3.643,PET.EMM_EPMR_PTE_NUS_DPG.W,https://www.eia.gov/opendata/bulk/PET.zip#PET.EMM_EPMR_PTE_NUS_DPG.W,2026-07-28T17:44:02+00:00
2024-05-13,3.608,PET.EMM_EPMR_PTE_NUS_DPG.W,https://www.eia.gov/opendata/bulk/PET.zip#PET.EMM_EPMR_PTE_NUS_DPG.W,2026-07-28T17:44:02+00:00
2024-05-20,3.584,PET.EMM_EPMR_PTE_NUS_DPG.W,https://www.eia.gov/opendata/bulk/PET.zip#PET.EMM_EPMR_PTE_NUS_DPG.W,2026-07-28T17:44:02+00:00
2024-05-27,3.577,PET.EMM_EPMR_PTE_NUS_DPG.W,https://www.eia.gov/opendata/bulk/PET.zip#PET.EMM_EPMR_PTE_NUS_DPG.W,2026-07-28T17:44:02+00:00
2024-06-03,3.516,PET.EMM_EPMR_PTE_NUS_DPG.W,https://www.eia.gov/opendata/bulk/PET.zip#PET.EMM_EPMR_PTE_NUS_DPG.W,2026-07-28T17:44:02+00:00
2024-06-10,3.429,PET.EMM_EPMR_PTE_NUS_DPG.W,https://www.eia.gov/opendata/bulk/PET.zip#PET.EMM_EPMR_PTE_NUS_DPG.W,2026-07-28T17:44:02+00:00
2024-06-17,3.435,PET.EMM_EPMR_PTE_NUS_DPG.W,https://www.eia.gov/opendata/bulk/PET.zip#PET.EMM_EPMR_PTE_NUS_DPG.W,2026-07-28T17:44:02+00:00
2024-06-24,3.438,PET.EMM_EPMR_PTE_NUS_DPG.W,https://www.eia.gov/opendata/bulk/PET.zip#PET.EMM_EPMR_PTE_NUS_DPG.W,2026-07-28T17:44:02+00:00
2024-07-01,3.479,PET.EMM_EPMR_PTE_NUS_DPG.W,https://www.eia.gov/opendata/bulk/PET.zip#PET.EMM_EPMR_PTE_NUS_DPG.W,2026-07-28T17:44:02+00:00
2024-07-08,3.489,PET.EMM_EPMR_PTE_NUS_DPG.W,https://www.eia.gov/opendata/bulk/PET.zip#PET.EMM_EPMR_PTE_NUS_DPG.W,2026-07-28T17:44:02+00:00
2024-07-15,3.496,PET.EMM_EPMR_PTE_NUS_DPG.W,https://www.eia.gov/opendata/bulk/PET.zip#PET.EMM_EPMR_PTE_NUS_DPG.W,2026-07-28T17:44:02+00:00
2024-07-22,3.471,PET.EMM_EPMR_PTE_NUS_DPG.W,https://www.eia.gov/opendata/bulk/PET.zip#PET.EMM_EPMR_PTE_NUS_DPG.W,2026-07-28T17:44:02+00:00
2024-07-29,3.484,PET.EMM_EPMR_PTE_NUS_DPG.W,https://www.eia.gov/opendata/bulk/PET.zip#PET.EMM_EPMR_PTE_NUS_DPG.W,2026-07-28T17:44:02+00:00
2024-08-05,3.448,PET.EMM_EPMR_PTE_NUS_DPG.W,https://www.eia.gov/opendata/bulk/PET.zip#PET.EMM_EPMR_PTE_NUS_DPG.W,2026-07-28T17:44:02+00:00
2024-08-12,3.414,PET.EMM_EPMR_PTE_NUS_DPG.W,https://www.eia.gov/opendata/bulk/PET.zip#PET.EMM_EPMR_PTE_NUS_DPG.W,2026-07-28T17:44:02+00:00
2024-08-19,3.382,PET.EMM_EPMR_PTE_NUS_DPG.W,https://www.eia.gov/opendata/bulk/PET.zip#PET.EMM_EPMR_PTE_NUS_DPG.W,2026-07-28T17:44:02+00:00
2024-08-26,3.313,PET.EMM_EPMR_PTE_NUS_DPG.W,https://www.eia.gov/opendata/bulk/PET.zip#PET.EMM_EPMR_PTE_NUS_DPG.W,2026-07-28T17:44:02+00:00
2024-09-02,3.289,PET.EMM_EPMR_PTE_NUS_DPG.W,https://www.eia.gov/opendata/bulk/PET.zip#PET.EMM_EPMR_PTE_NUS_DPG.W,2026-07-28T17:44:02+00:00
2024-09-09,3.236,PET.EMM_EPMR_PTE_NUS_DPG.W,https://www.eia.gov/opendata/bulk/PET.zip#PET.EMM_EPMR_PTE_NUS_DPG.W,2026-07-28T17:44:02+00:00
2024-09-16,3.180,PET.EMM_EPMR_PTE_NUS_DPG.W,https://www.eia.gov/opendata/bulk/PET.zip#PET.EMM_EPMR_PTE_NUS_DPG.W,2026-07-28T17:44:02+00:00
2024-09-23,3.185,PET.EMM_EPMR_PTE_NUS_DPG.W,https://www.eia.gov/opendata/bulk/PET.zip#PET.EMM_EPMR_PTE_NUS_DPG.W,2026-07-28T17:44:02+00:00
2024-09-30,3.179,PET.EMM_EPMR_PTE_NUS_DPG.W,https://www.eia.gov/opendata/bulk/PET.zip#PET.EMM_EPMR_PTE_NUS_DPG.W,2026-07-28T17:44:02+00:00
2024-10-07,3.136,PET.EMM_EPMR_PTE_NUS_DPG.W,https://www.eia.gov/opendata/bulk/PET.zip#PET.EMM_EPMR_PTE_NUS_DPG.W,2026-07-28T17:44:02+00:00
2024-10-14,3.171,PET.EMM_EPMR_PTE_NUS_DPG.W,https://www.eia.gov/opendata/bulk/PET.zip#PET.EMM_EPMR_PTE_NUS_DPG.W,2026-07-28T17:44:02+00:00
2024-10-21,3.144,PET.EMM_EPMR_PTE_NUS_DPG.W,https://www.eia.gov/opendata/bulk/PET.zip#PET.EMM_EPMR_PTE_NUS_DPG.W,2026-07-28T17:44:02+00:00
2024-10-28,3.097,PET.EMM_EPMR_PTE_NUS_DPG.W,https://www.eia.gov/opendata/bulk/PET.zip#PET.EMM_EPMR_PTE_NUS_DPG.W,2026-07-28T17:44:02+00:00
2024-11-04,3.069,PET.EMM_EPMR_PTE_NUS_DPG.W,https://www.eia.gov/opendata/bulk/PET.zip#PET.EMM_EPMR_PTE_NUS_DPG.W,2026-07-28T17:44:02+00:00
2024-11-11,3.052,PET.EMM_EPMR_PTE_NUS_DPG.W,https://www.eia.gov/opendata/bulk/PET.zip#PET.EMM_EPMR_PTE_NUS_DPG.W,2026-07-28T17:44:02+00:00
2024-11-18,3.046,PET.EMM_EPMR_PTE_NUS_DPG.W,https://www.eia.gov/opendata/bulk/PET.zip#PET.EMM_EPMR_PTE_NUS_DPG.W,2026-07-28T17:44:02+00:00
2024-11-25,3.044,PET.EMM_EPMR_PTE_NUS_DPG.W,https://www.eia.gov/opendata/bulk/PET.zip#PET.EMM_EPMR_PTE_NUS_DPG.W,2026-07-28T17:44:02+00:00
2024-12-02,3.034,PET.EMM_EPMR_PTE_NUS_DPG.W,https://www.eia.gov/opendata/bulk/PET.zip#PET.EMM_EPMR_PTE_NUS_DPG.W,2026-07-28T17:44:02+00:00
2024-12-09,3.008,PET.EMM_EPMR_PTE_NUS_DPG.W,https://www.eia.gov/opendata/bulk/PET.zip#PET.EMM_EPMR_PTE_NUS_DPG.W,2026-07-28T17:44:02+00:00
2024-12-16,3.016,PET.EMM_EPMR_PTE_NUS_DPG.W,https://www.eia.gov/opendata/bulk/PET.zip#PET.EMM_EPMR_PTE_NUS_DPG.W,2026-07-28T17:44:02+00:00
2024-12-23,3.024,PET.EMM_EPMR_PTE_NUS_DPG.W,https://www.eia.gov/opendata/bulk/PET.zip#PET.EMM_EPMR_PTE_NUS_DPG.W,2026-07-28T17:44:02+00:00
2024-12-30,3.006,PET.EMM_EPMR_PTE_NUS_DPG.W,https://www.eia.gov/opendata/bulk/PET.zip#PET.EMM_EPMR_PTE_NUS_DPG.W,2026-07-28T17:44:02+00:00
2025-01-06,3.047,PET.EMM_EPMR_PTE_NUS_DPG.W,https://www.eia.gov/opendata/bulk/PET.zip#PET.EMM_EPMR_PTE_NUS_DPG.W,2026-07-28T17:44:02+00:00
2025-01-13,3.043,PET.EMM_EPMR_PTE_NUS_DPG.W,https://www.eia.gov/opendata/bulk/PET.zip#PET.EMM_EPMR_PTE_NUS_DPG.W,2026-07-28T17:44:02+00:00
2025-01-20,3.109,PET.EMM_EPMR_PTE_NUS_DPG.W,https://www.eia.gov/opendata/bulk/PET.zip#PET.EMM_EPMR_PTE_NUS_DPG.W,2026-07-28T17:44:02+00:00
2025-01-27,3.103,PET.EMM_EPMR_PTE_NUS_DPG.W,https://www.eia.gov/opendata/bulk/PET.zip#PET.EMM_EPMR_PTE_NUS_DPG.W,2026-07-28T17:44:02+00:00
2025-02-03,3.082,PET.EMM_EPMR_PTE_NUS_DPG.W,https://www.eia.gov/opendata/bulk/PET.zip#PET.EMM_EPMR_PTE_NUS_DPG.W,2026-07-28T17:44:02+00:00
2025-02-10,3.128,PET.EMM_EPMR_PTE_NUS_DPG.W,https://www.eia.gov/opendata/bulk/PET.zip#PET.EMM_EPMR_PTE_NUS_DPG.W,2026-07-28T17:44:02+00:00
2025-02-17,3.148,PET.EMM_EPMR_PTE_NUS_DPG.W,https://www.eia.gov/opendata/bulk/PET.zip#PET.EMM_EPMR_PTE_NUS_DPG.W,2026-07-28T17:44:02+00:00
2025-02-24,3.125,PET.EMM_EPMR_PTE_NUS_DPG.W,https://www.eia.gov/opendata/bulk/PET.zip#PET.EMM_EPMR_PTE_NUS_DPG.W,2026-07-28T17:44:02+00:00
2025-03-03,3.078,PET.EMM_EPMR_PTE_NUS_DPG.W,https://www.eia.gov/opendata/bulk/PET.zip#PET.EMM_EPMR_PTE_NUS_DPG.W,2026-07-28T17:44:02+00:00
2025-03-10,3.069,PET.EMM_EPMR_PTE_NUS_DPG.W,https://www.eia.gov/opendata/bulk/PET.zip#PET.EMM_EPMR_PTE_NUS_DPG.W,2026-07-28T17:44:02+00:00
2025-03-17,3.058,PET.EMM_EPMR_PTE_NUS_DPG.W,https://www.eia.gov/opendata/bulk/PET.zip#PET.EMM_EPMR_PTE_NUS_DPG.W,2026-07-28T17:44:02+00:00
2025-03-24,3.115,PET.EMM_EPMR_PTE_NUS_DPG.W,https://www.eia.gov/opendata/bulk/PET.zip#PET.EMM_EPMR_PTE_NUS_DPG.W,2026-07-28T17:44:02+00:00
2025-03-31,3.162,PET.EMM_EPMR_PTE_NUS_DPG.W,https://www.eia.gov/opendata/bulk/PET.zip#PET.EMM_EPMR_PTE_NUS_DPG.W,2026-07-28T17:44:02+00:00
2025-04-07,3.243,PET.EMM_EPMR_PTE_NUS_DPG.W,https://www.eia.gov/opendata/bulk/PET.zip#PET.EMM_EPMR_PTE_NUS_DPG.W,2026-07-28T17:44:02+00:00
2025-04-14,3.168,PET.EMM_EPMR_PTE_NUS_DPG.W,https://www.eia.gov/opendata/bulk/PET.zip#PET.EMM_EPMR_PTE_NUS_DPG.W,2026-07-28T17:44:02+00:00
2025-04-21,3.141,PET.EMM_EPMR_PTE_NUS_DPG.W,https://www.eia.gov/opendata/bulk/PET.zip#PET.EMM_EPMR_PTE_NUS_DPG.W,2026-07-28T17:44:02+00:00
2025-04-28,3.133,PET.EMM_EPMR_PTE_NUS_DPG.W,https://www.eia.gov/opendata/bulk/PET.zip#PET.EMM_EPMR_PTE_NUS_DPG.W,2026-07-28T17:44:02+00:00
2025-05-05,3.147,PET.EMM_EPMR_PTE_NUS_DPG.W,https://www.eia.gov/opendata/bulk/PET.zip#PET.EMM_EPMR_PTE_NUS_DPG.W,2026-07-28T17:44:02+00:00
2025-05-12,3.120,PET.EMM_EPMR_PTE_NUS_DPG.W,https://www.eia.gov/opendata/bulk/PET.zip#PET.EMM_EPMR_PTE_NUS_DPG.W,2026-07-28T17:44:02+00:00
2025-05-19,3.173,PET.EMM_EPMR_PTE_NUS_DPG.W,https://www.eia.gov/opendata/bulk/PET.zip#PET.EMM_EPMR_PTE_NUS_DPG.W,2026-07-28T17:44:02+00:00
2025-05-26,3.160,PET.EMM_EPMR_PTE_NUS_DPG.W,https://www.eia.gov/opendata/bulk/PET.zip#PET.EMM_EPMR_PTE_NUS_DPG.W,2026-07-28T17:44:02+00:00
2025-06-02,3.127,PET.EMM_EPMR_PTE_NUS_DPG.W,https://www.eia.gov/opendata/bulk/PET.zip#PET.EMM_EPMR_PTE_NUS_DPG.W,2026-07-28T17:44:02+00:00
2025-06-09,3.108,PET.EMM_EPMR_PTE_NUS_DPG.W,https://www.eia.gov/opendata/bulk/PET.zip#PET.EMM_EPMR_PTE_NUS_DPG.W,2026-07-28T17:44:02+00:00
2025-06-16,3.139,PET.EMM_EPMR_PTE_NUS_DPG.W,https://www.eia.gov/opendata/bulk/PET.zip#PET.EMM_EPMR_PTE_NUS_DPG.W,2026-07-28T17:44:02+00:00
2025-06-23,3.213,PET.EMM_EPMR_PTE_NUS_DPG.W,https://www.eia.gov/opendata/bulk/PET.zip#PET.EMM_EPMR_PTE_NUS_DPG.W,2026-07-28T17:44:02+00:00
2025-06-30,3.164,PET.EMM_EPMR_PTE_NUS_DPG.W,https://www.eia.gov/opendata/bulk/PET.zip#PET.EMM_EPMR_PTE_NUS_DPG.W,2026-07-28T17:44:02+00:00
2025-07-07,3.125,PET.EMM_EPMR_PTE_NUS_DPG.W,https://www.eia.gov/opendata/bulk/PET.zip#PET.EMM_EPMR_PTE_NUS_DPG.W,2026-07-28T17:44:02+00:00
2025-07-14,3.130,PET.EMM_EPMR_PTE_NUS_DPG.W,https://www.eia.gov/opendata/bulk/PET.zip#PET.EMM_EPMR_PTE_NUS_DPG.W,2026-07-28T17:44:02+00:00
2025-07-21,3.121,PET.EMM_EPMR_PTE_NUS_DPG.W,https://www.eia.gov/opendata/bulk/PET.zip#PET.EMM_EPMR_PTE_NUS_DPG.W,2026-07-28T17:44:02+00:00
2025-07-28,3.123,PET.EMM_EPMR_PTE_NUS_DPG.W,https://www.eia.gov/opendata/bulk/PET.zip#PET.EMM_EPMR_PTE_NUS_DPG.W,2026-07-28T17:44:02+00:00
2025-08-04,3.140,PET.EMM_EPMR_PTE_NUS_DPG.W,https://www.eia.gov/opendata/bulk/PET.zip#PET.EMM_EPMR_PTE_NUS_DPG.W,2026-07-28T17:44:02+00:00
2025-08-11,3.118,PET.EMM_EPMR_PTE_NUS_DPG.W,https://www.eia.gov/opendata/bulk/PET.zip#PET.EMM_EPMR_PTE_NUS_DPG.W,2026-07-28T17:44:02+00:00
2025-08-18,3.125,PET.EMM_EPMR_PTE_NUS_DPG.W,https://www.eia.gov/opendata/bulk/PET.zip#PET.EMM_EPMR_PTE_NUS_DPG.W,2026-07-28T17:44:02+00:00
2025-08-25,3.147,PET.EMM_EPMR_PTE_NUS_DPG.W,https://www.eia.gov/opendata/bulk/PET.zip#PET.EMM_EPMR_PTE_NUS_DPG.W,2026-07-28T17:44:02+00:00
2025-09-01,3.177,PET.EMM_EPMR_PTE_NUS_DPG.W,https://www.eia.gov/opendata/bulk/PET.zip#PET.EMM_EPMR_PTE_NUS_DPG.W,2026-07-28T17:44:02+00:00
2025-09-08,3.192,PET.EMM_EPMR_PTE_NUS_DPG.W,https://www.eia.gov/opendata/bulk/PET.zip#PET.EMM_EPMR_PTE_NUS_DPG.W,2026-07-28T17:44:02+00:00
2025-09-15,3.168,PET.EMM_EPMR_PTE_NUS_DPG.W,https://www.eia.gov/opendata/bulk/PET.zip#PET.EMM_EPMR_PTE_NUS_DPG.W,2026-07-28T17:44:02+00:00
2025-09-22,3.173,PET.EMM_EPMR_PTE_NUS_DPG.W,https://www.eia.gov/opendata/bulk/PET.zip#PET.EMM_EPMR_PTE_NUS_DPG.W,2026-07-28T17:44:02+00:00
2025-09-29,3.118,PET.EMM_EPMR_PTE_NUS_DPG.W,https://www.eia.gov/opendata/bulk/PET.zip#PET.EMM_EPMR_PTE_NUS_DPG.W,2026-07-28T17:44:02+00:00
2025-10-06,3.124,PET.EMM_EPMR_PTE_NUS_DPG.W,https://www.eia.gov/opendata/bulk/PET.zip#PET.EMM_EPMR_PTE_NUS_DPG.W,2026-07-28T17:44:02+00:00
2025-10-13,3.061,PET.EMM_EPMR_PTE_NUS_DPG.W,https://www.eia.gov/opendata/bulk/PET.zip#PET.EMM_EPMR_PTE_NUS_DPG.W,2026-07-28T17:44:02+00:00
2025-10-20,3.019,PET.EMM_EPMR_PTE_NUS_DPG.W,https://www.eia.gov/opendata/bulk/PET.zip#PET.EMM_EPMR_PTE_NUS_DPG.W,2026-07-28T17:44:02+00:00
2025-10-27,3.035,PET.EMM_EPMR_PTE_NUS_DPG.W,https://www.eia.gov/opendata/bulk/PET.zip#PET.EMM_EPMR_PTE_NUS_DPG.W,2026-07-28T17:44:02+00:00
2025-11-03,3.019,PET.EMM_EPMR_PTE_NUS_DPG.W,https://www.eia.gov/opendata/bulk/PET.zip#PET.EMM_EPMR_PTE_NUS_DPG.W,2026-07-28T17:44:02+00:00
2025-11-10,3.056,PET.EMM_EPMR_PTE_NUS_DPG.W,https://www.eia.gov/opendata/bulk/PET.zip#PET.EMM_EPMR_PTE_NUS_DPG.W,2026-07-28T17:44:02+00:00
2025-11-17,3.062,PET.EMM_EPMR_PTE_NUS_DPG.W,https://www.eia.gov/opendata/bulk/PET.zip#PET.EMM_EPMR_PTE_NUS_DPG.W,2026-07-28T17:44:02+00:00
2025-11-24,3.061,PET.EMM_EPMR_PTE_NUS_DPG.W,https://www.eia.gov/opendata/bulk/PET.zip#PET.EMM_EPMR_PTE_NUS_DPG.W,2026-07-28T17:44:02+00:00
2025-12-01,2.985,PET.EMM_EPMR_PTE_NUS_DPG.W,https://www.eia.gov/opendata/bulk/PET.zip#PET.EMM_EPMR_PTE_NUS_DPG.W,2026-07-28T17:44:02+00:00
2025-12-08,2.940,PET.EMM_EPMR_PTE_NUS_DPG.W,https://www.eia.gov/opendata/bulk/PET.zip#PET.EMM_EPMR_PTE_NUS_DPG.W,2026-07-28T17:44:02+00:00
2025-12-15,2.895,PET.EMM_EPMR_PTE_NUS_DPG.W,https://www.eia.gov/opendata/bulk/PET.zip#PET.EMM_EPMR_PTE_NUS_DPG.W,2026-07-28T17:44:02+00:00
2025-12-22,2.841,PET.EMM_EPMR_PTE_NUS_DPG.W,https://www.eia.gov/opendata/bulk/PET.zip#PET.EMM_EPMR_PTE_NUS_DPG.W,2026-07-28T17:44:02+00:00
2025-12-29,2.811,PET.EMM_EPMR_PTE_NUS_DPG.W,https://www.eia.gov/opendata/bulk/PET.zip#PET.EMM_EPMR_PTE_NUS_DPG.W,2026-07-28T17:44:02+00:00
2026-01-05,2.796,PET.EMM_EPMR_PTE_NUS_DPG.W,https://www.eia.gov/opendata/bulk/PET.zip#PET.EMM_EPMR_PTE_NUS_DPG.W,2026-07-28T17:44:02+00:00
2026-01-12,2.779,PET.EMM_EPMR_PTE_NUS_DPG.W,https://www.eia.gov/opendata/bulk/PET.zip#PET.EMM_EPMR_PTE_NUS_DPG.W,2026-07-28T17:44:02+00:00
2026-01-19,2.806,PET.EMM_EPMR_PTE_NUS_DPG.W,https://www.eia.gov/opendata/bulk/PET.zip#PET.EMM_EPMR_PTE_NUS_DPG.W,2026-07-28T17:44:02+00:00
2026-01-26,2.853,PET.EMM_EPMR_PTE_NUS_DPG.W,https://www.eia.gov/opendata/bulk/PET.zip#PET.EMM_EPMR_PTE_NUS_DPG.W,2026-07-28T17:44:02+00:00
2026-02-02,2.867,PET.EMM_EPMR_PTE_NUS_DPG.W,https://www.eia.gov/opendata/bulk/PET.zip#PET.EMM_EPMR_PTE_NUS_DPG.W,2026-07-28T17:44:02+00:00
2026-02-09,2.902,PET.EMM_EPMR_PTE_NUS_DPG.W,https://www.eia.gov/opendata/bulk/PET.zip#PET.EMM_EPMR_PTE_NUS_DPG.W,2026-07-28T17:44:02+00:00
2026-02-16,2.924,PET.EMM_EPMR_PTE_NUS_DPG.W,https://www.eia.gov/opendata/bulk/PET.zip#PET.EMM_EPMR_PTE_NUS_DPG.W,2026-07-28T17:44:02+00:00
2026-02-23,2.937,PET.EMM_EPMR_PTE_NUS_DPG.W,https://www.eia.gov/opendata/bulk/PET.zip#PET.EMM_EPMR_PTE_NUS_DPG.W,2026-07-28T17:44:02+00:00
2026-03-02,3.015,PET.EMM_EPMR_PTE_NUS_DPG.W,https://www.eia.gov/opendata/bulk/PET.zip#PET.EMM_EPMR_PTE_NUS_DPG.W,2026-07-28T17:44:02+00:00
2026-03-09,3.502,PET.EMM_EPMR_PTE_NUS_DPG.W,https://www.eia.gov/opendata/bulk/PET.zip#PET.EMM_EPMR_PTE_NUS_DPG.W,2026-07-28T17:44:02+00:00
2026-03-16,3.720,PET.EMM_EPMR_PTE_NUS_DPG.W,https://www.eia.gov/opendata/bulk/PET.zip#PET.EMM_EPMR_PTE_NUS_DPG.W,2026-07-28T17:44:02+00:00
2026-03-23,3.961,PET.EMM_EPMR_PTE_NUS_DPG.W,https://www.eia.gov/opendata/bulk/PET.zip#PET.EMM_EPMR_PTE_NUS_DPG.W,2026-07-28T17:44:02+00:00
2026-03-30,3.990,PET.EMM_EPMR_PTE_NUS_DPG.W,https://www.eia.gov/opendata/bulk/PET.zip#PET.EMM_EPMR_PTE_NUS_DPG.W,2026-07-28T17:44:02+00:00
2026-04-06,4.120,PET.EMM_EPMR_PTE_NUS_DPG.W,https://www.eia.gov/opendata/bulk/PET.zip#PET.EMM_EPMR_PTE_NUS_DPG.W,2026-07-28T17:44:02+00:00
2026-04-13,4.123,PET.EMM_EPMR_PTE_NUS_DPG.W,https://www.eia.gov/opendata/bulk/PET.zip#PET.EMM_EPMR_PTE_NUS_DPG.W,2026-07-28T17:44:02+00:00
2026-04-20,4.044,PET.EMM_EPMR_PTE_NUS_DPG.W,https://www.eia.gov/opendata/bulk/PET.zip#PET.EMM_EPMR_PTE_NUS_DPG.W,2026-07-28T17:44:02+00:00
2026-04-27,4.123,PET.EMM_EPMR_PTE_NUS_DPG.W,https://www.eia.gov/opendata/bulk/PET.zip#PET.EMM_EPMR_PTE_NUS_DPG.W,2026-07-28T17:44:02+00:00
2026-05-04,4.452,PET.EMM_EPMR_PTE_NUS_DPG.W,https://www.eia.gov/opendata/bulk/PET.zip#PET.EMM_EPMR_PTE_NUS_DPG.W,2026-07-28T17:44:02+00:00
2026-05-11,4.500,PET.EMM_EPMR_PTE_NUS_DPG.W,https://www.eia.gov/opendata/bulk/PET.zip#PET.EMM_EPMR_PTE_NUS_DPG.W,2026-07-28T17:44:02+00:00
2026-05-18,4.490,PET.EMM_EPMR_PTE_NUS_DPG.W,https://www.eia.gov/opendata/bulk/PET.zip#PET.EMM_EPMR_PTE_NUS_DPG.W,2026-07-28T17:44:02+00:00
2026-05-25,4.475,PET.EMM_EPMR_PTE_NUS_DPG.W,https://www.eia.gov/opendata/bulk/PET.zip#PET.EMM_EPMR_PTE_NUS_DPG.W,2026-07-28T17:44:02+00:00
2026-06-01,4.305,PET.EMM_EPMR_PTE_NUS_DPG.W,https://www.eia.gov/opendata/bulk/PET.zip#PET.EMM_EPMR_PTE_NUS_DPG.W,2026-07-28T17:44:02+00:00
2026-06-08,4.146,PET.EMM_EPMR_PTE_NUS_DPG.W,https://www.eia.gov/opendata/bulk/PET.zip#PET.EMM_EPMR_PTE_NUS_DPG.W,2026-07-28T17:44:02+00:00
2026-06-15,4.052,PET.EMM_EPMR_PTE_NUS_DPG.W,https://www.eia.gov/opendata/bulk/PET.zip#PET.EMM_EPMR_PTE_NUS_DPG.W,2026-07-28T17:44:02+00:00
2026-06-22,3.914,PET.EMM_EPMR_PTE_NUS_DPG.W,https://www.eia.gov/opendata/bulk/PET.zip#PET.EMM_EPMR_PTE_NUS_DPG.W,2026-07-28T17:44:02+00:00
2026-06-29,3.831,PET.EMM_EPMR_PTE_NUS_DPG.W,https://www.eia.gov/opendata/bulk/PET.zip#PET.EMM_EPMR_PTE_NUS_DPG.W,2026-07-28T17:44:02+00:00
2026-07-06,3.777,PET.EMM_EPMR_PTE_NUS_DPG.W,https://www.eia.gov/opendata/bulk/PET.zip#PET.EMM_EPMR_PTE_NUS_DPG.W,2026-07-28T17:44:02+00:00
2026-07-13,3.855,PET.EMM_EPMR_PTE_NUS_DPG.W,https://www.eia.gov/opendata/bulk/PET.zip#PET.EMM_EPMR_PTE_NUS_DPG.W,2026-07-28T17:44:02+00:00
2026-07-20,4.001,PET.EMM_EPMR_PTE_NUS_DPG.W,https://www.eia.gov/opendata/bulk/PET.zip#PET.EMM_EPMR_PTE_NUS_DPG.W,2026-07-28T17:44:02+00:00
2026-07-27,4.096,PET.EMM_EPMR_PTE_NUS_DPG.W,https://www.eia.gov/opendata/bulk/PET.zip#PET.EMM_EPMR_PTE_NUS_DPG.W,2026-07-28T17:44:02+00:00
